ID,Feature,Style,Patient,Doctor,Doctor_Specialization,Doctor_Fee,Doctor_Qualification,Doctor_Experience,Clinic_Address,Clinic_Phone,Clinic_Email,Clinic_Hours,Day,Time,Patient_Message,Assistant_Message,Urdu_Query,Urdu_Response
1,Booking,formal,Rukhsana,Dr. Asim,Cardiologist,1500,"MBBS, MD Cardiology, Fellow of American College of Cardiology",15 years,"Asim Heart Clinic, Main Bazaar Road, City Center",3001234567,dr.asim@heartclinic.com,8:00 AM to 7:00 PM,Saturday,9 AM,I would like to book an appointment with Dr. Asim.,Certainly. What day and time work best for you?,1,بکنگ
2,Booking,formal,Sana,Dr. Asim,Cardiologist,1500,"MBBS, MD Cardiology, Fellow of American College of Cardiology",15 years,"Asim Heart Clinic, Main Bazaar Road, City Center",3001234567,dr.asim@heartclinic.com,8:00 AM to 7:00 PM,Tuesday,3 PM,I would like to book an appointment with Dr. Asim.,Certainly. What day and time work best for you?,2,بکنگ
3,Booking,formal,Layla,Dr. Asim,Cardiologist,1500,"MBBS, MD Cardiology, Fellow of American College of Cardiology",15 years,"Asim Heart Clinic, Main Bazaar Road, City Center",3001234567,dr.asim@heartclinic.com,8:00 AM to 7:00 PM,Friday,8 AM,I would like to book an appointment with Dr. Asim.,Certainly. What day and time work best for you?,3,بکنگ
4,Booking,formal,Samir,Dr. Asim,Cardiologist,1500,"MBBS, MD Cardiology, Fellow of American College of Cardiology",15 years,"Asim Heart Clinic, Main Bazaar Road, City Center",3001234567,dr.asim@heartclinic.com,8:00 AM to 7:00 PM,Friday,5 PM,I would like to book an appointment with Dr. Asim.,Certainly. What day and time work best for you?,4,بکنگ
5,Booking,formal,Samir,Dr. Asim,Cardiologist,1500,"MBBS, MD Cardiology, Fellow of American College of Cardiology",15 years,"Asim Heart Clinic, Main Bazaar Road, City Center",3001234567,dr.asim@heartclinic.com,8:00 AM to 7:00 PM,Tuesday,9 AM,I would like to book an appointment with Dr. Asim.,Certainly. What day and time work best for you?,5,بکنگ
6,Booking,formal,Ali,Dr. Asim,Cardiologist,1500,"MBBS, MD Cardiology, Fellow of American College of Cardiology",15 years,"Asim Heart Clinic, Main Bazaar Road, City Center",3001234567,dr.asim@heartclinic.com,8:00 AM to 7:00 PM,Thursday,4 PM,I would like to book an appointment with Dr. Asim.,Certainly. What day and time work best for you?,6,بکنگ
7,Booking,formal,Salim,Dr. Asim,Cardiologist,1500,"MBBS, MD Cardiology, Fellow of American College of Cardiology",15 years,"Asim Heart Clinic, Main Bazaar Road, City Center",3001234567,dr.asim@heartclinic.com,8:00 AM to 7:00 PM,Wednesday,9 AM,I would like to book an appointment with Dr. Asim.,Certainly. What day and time work best for you?,7,بکنگ
8,Booking,formal,Hassan,Dr. Asim,Cardiologist,1500,"MBBS, MD Cardiology, Fellow of American College of Cardiology",15 years,"Asim Heart Clinic, Main Bazaar Road, City Center",3001234567,dr.asim@heartclinic.com,8:00 AM to 7:00 PM,Monday,4 PM,I would like to book an appointment with Dr. Asim.,Certainly. What day and time work best for you?,8,بکنگ
9,Booking,formal,Usman,Dr. Asim,Cardiologist,1500,"MBBS, MD Cardiology, Fellow of American College of Cardiology",15 years,"Asim Heart Clinic, Main Bazaar Road, City Center",3001234567,dr.asim@heartclinic.com,8:00 AM to 7:00 PM,Wednesday,3 PM,I would like to book an appointment with Dr. Asim.,Certainly. What day and time work best for you?,9,بکنگ
10,Booking,formal,Sara,Dr. Asim,Cardiologist,1500,"MBBS, MD Cardiology, Fellow of American College of Cardiology",15 years,"Asim Heart Clinic, Main Bazaar Road, City Center",3001234567,dr.asim@heartclinic.com,8:00 AM to 7:00 PM,Monday,4 PM,I would like to book an appointment with Dr. Asim.,Certainly. What day and time work best for you?,10,بکنگ
11,Booking,formal,Sara,Dr. Asim,Cardiologist,1500,"MBBS, MD Cardiology, Fellow of American College of Cardiology",15 years,"Asim Heart Clinic, Main Bazaar Road, City Center",3001234567,dr.asim@heartclinic.com,8:00 AM to 7:00 PM,Friday,11 AM,I would like to book an appointment with Dr. Asim.,Certainly. What day and time work best for you?,11,بکنگ
12,Booking,formal,Aisha,Dr. Asim,Cardiologist,1500,"MBBS, MD Cardiology, Fellow of American College of Cardiology",15 years,"Asim Heart Clinic, Main Bazaar Road, City Center",3001234567,dr.asim@heartclinic.com,8:00 AM to 7:00 PM,Tuesday,8 AM,I would like to book an appointment with Dr. Asim.,Certainly. What day and time work best for you?,12,بکنگ
13,Booking,formal,Hassan,Dr. Asim,Cardiologist,1500,"MBBS, MD Cardiology, Fellow of American College of Cardiology",15 years,"Asim Heart Clinic, Main Bazaar Road, City Center",3001234567,dr.asim@heartclinic.com,8:00 AM to 7:00 PM,Saturday,9 AM,I would like to book an appointment with Dr. Asim.,Certainly. What day and time work best for you?,13,بکنگ
14,Booking,formal,Hira,Dr. Asim,Cardiologist,1500,"MBBS, MD Cardiology, Fellow of American College of Cardiology",15 years,"Asim Heart Clinic, Main Bazaar Road, City Center",3001234567,dr.asim@heartclinic.com,8:00 AM to 7:00 PM,Tuesday,5 PM,I would like to book an appointment with Dr. Asim.,Certainly. What day and time work best for you?,14,بکنگ
15,Booking,formal,Salim,Dr. Asim,Cardiologist,1500,"MBBS, MD Cardiology, Fellow of American College of Cardiology",15 years,"Asim Heart Clinic, Main Bazaar Road, City Center",3001234567,dr.asim@heartclinic.com,8:00 AM to 7:00 PM,Thursday,11 AM,I would like to book an appointment with Dr. Asim.,Certainly. What day and time work best for you?,15,بکنگ
16,Booking,formal,Sana,Dr. Asim,Cardiologist,1500,"MBBS, MD Cardiology, Fellow of American College of Cardiology",15 years,"Asim Heart Clinic, Main Bazaar Road, City Center",3001234567,dr.asim@heartclinic.com,8:00 AM to 7:00 PM,Wednesday,2 PM,I would like to book an appointment with Dr. Asim.,Certainly. What day and time work best for you?,16,بکنگ
17,Booking,formal,Malik,Dr. Asim,Cardiologist,1500,"MBBS, MD Cardiology, Fellow of American College of Cardiology",15 years,"Asim Heart Clinic, Main Bazaar Road, City Center",3001234567,dr.asim@heartclinic.com,8:00 AM to 7:00 PM,Thursday,3 PM,I would like to book an appointment with Dr. Asim.,Certainly. What day and time work best for you?,17,بکنگ
18,Booking,formal,Samir,Dr. Asim,Cardiologist,1500,"MBBS, MD Cardiology, Fellow of American College of Cardiology",15 years,"Asim Heart Clinic, Main Bazaar Road, City Center",3001234567,dr.asim@heartclinic.com,8:00 AM to 7:00 PM,Monday,11 AM,I would like to book an appointment with Dr. Asim.,Certainly. What day and time work best for you?,18,بکنگ
19,Booking,formal,Hassan,Dr. Asim,Cardiologist,1500,"MBBS, MD Cardiology, Fellow of American College of Cardiology",15 years,"Asim Heart Clinic, Main Bazaar Road, City Center",3001234567,dr.asim@heartclinic.com,8:00 AM to 7:00 PM,Wednesday,11 AM,I would like to book an appointment with Dr. Asim.,Certainly. What day and time work best for you?,19,بکنگ
20,Booking,formal,Sana,Dr. Asim,Cardiologist,1500,"MBBS, MD Cardiology, Fellow of American College of Cardiology",15 years,"Asim Heart Clinic, Main Bazaar Road, City Center",3001234567,dr.asim@heartclinic.com,8:00 AM to 7:00 PM,Monday,5 PM,I would like to book an appointment with Dr. Asim.,Certainly. What day and time work best for you?,20,بکنگ
21,Booking,formal,Sana,Dr. Asim,Cardiologist,1500,"MBBS, MD Cardiology, Fellow of American College of Cardiology",15 years,"Asim Heart Clinic, Main Bazaar Road, City Center",3001234567,dr.asim@heartclinic.com,8:00 AM to 7:00 PM,Friday,5 PM,Could I please schedule a consultation with Dr. Asim?,Of course. Let me check availability.,21,بکنگ
22,Booking,formal,Hamza,Dr. Asim,Cardiologist,1500,"MBBS, MD Cardiology, Fellow of American College of Cardiology",15 years,"Asim Heart Clinic, Main Bazaar Road, City Center",3001234567,dr.asim@heartclinic.com,8:00 AM to 7:00 PM,Saturday,11 AM,Could I please schedule a consultation with Dr. Asim?,Of course. Let me check availability.,22,بکنگ
23,Booking,formal,Zainab,Dr. Asim,Cardiologist,1500,"MBBS, MD Cardiology, Fellow of American College of Cardiology",15 years,"Asim Heart Clinic, Main Bazaar Road, City Center",3001234567,dr.asim@heartclinic.com,8:00 AM to 7:00 PM,Saturday,5 PM,Could I please schedule a consultation with Dr. Asim?,Of course. Let me check availability.,23,بکنگ
24,Booking,formal,Rashid,Dr. Asim,Cardiologist,1500,"MBBS, MD Cardiology, Fellow of American College of Cardiology",15 years,"Asim Heart Clinic, Main Bazaar Road, City Center",3001234567,dr.asim@heartclinic.com,8:00 AM to 7:00 PM,Monday,10 AM,Could I please schedule a consultation with Dr. Asim?,Of course. Let me check availability.,24,بکنگ
25,Booking,formal,Malik,Dr. Asim,Cardiologist,1500,"MBBS, MD Cardiology, Fellow of American College of Cardiology",15 years,"Asim Heart Clinic, Main Bazaar Road, City Center",3001234567,dr.asim@heartclinic.com,8:00 AM to 7:00 PM,Wednesday,3 PM,Could I please schedule a consultation with Dr. Asim?,Of course. Let me check availability.,25,بکنگ
26,Booking,formal,Samir,Dr. Asim,Cardiologist,1500,"MBBS, MD Cardiology, Fellow of American College of Cardiology",15 years,"Asim Heart Clinic, Main Bazaar Road, City Center",3001234567,dr.asim@heartclinic.com,8:00 AM to 7:00 PM,Tuesday,5 PM,Could I please schedule a consultation with Dr. Asim?,Of course. Let me check availability.,26,بکنگ
27,Booking,formal,Malik,Dr. Asim,Cardiologist,1500,"MBBS, MD Cardiology, Fellow of American College of Cardiology",15 years,"Asim Heart Clinic, Main Bazaar Road, City Center",3001234567,dr.asim@heartclinic.com,8:00 AM to 7:00 PM,Saturday,11 AM,Could I please schedule a consultation with Dr. Asim?,Of course. Let me check availability.,27,بکنگ
28,Booking,formal,Usman,Dr. Asim,Cardiologist,1500,"MBBS, MD Cardiology, Fellow of American College of Cardiology",15 years,"Asim Heart Clinic, Main Bazaar Road, City Center",3001234567,dr.asim@heartclinic.com,8:00 AM to 7:00 PM,Friday,10 AM,Could I please schedule a consultation with Dr. Asim?,Of course. Let me check availability.,28,بکنگ
29,Booking,formal,Tariq,Dr. Asim,Cardiologist,1500,"MBBS, MD Cardiology, Fellow of American College of Cardiology",15 years,"Asim Heart Clinic, Main Bazaar Road, City Center",3001234567,dr.asim@heartclinic.com,8:00 AM to 7:00 PM,Friday,5 PM,Could I please schedule a consultation with Dr. Asim?,Of course. Let me check availability.,29,بکنگ
30,Booking,formal,Rashid,Dr. Asim,Cardiologist,1500,"MBBS, MD Cardiology, Fellow of American College of Cardiology",15 years,"Asim Heart Clinic, Main Bazaar Road, City Center",3001234567,dr.asim@heartclinic.com,8:00 AM to 7:00 PM,Saturday,9 AM,Could I please schedule a consultation with Dr. Asim?,Of course. Let me check availability.,30,بکنگ
31,Booking,formal,Ahmed,Dr. Asim,Cardiologist,1500,"MBBS, MD Cardiology, Fellow of American College of Cardiology",15 years,"Asim Heart Clinic, Main Bazaar Road, City Center",3001234567,dr.asim@heartclinic.com,8:00 AM to 7:00 PM,Friday,3 PM,Could I please schedule a consultation with Dr. Asim?,Of course. Let me check availability.,31,بکنگ
32,Booking,formal,Farida,Dr. Asim,Cardiologist,1500,"MBBS, MD Cardiology, Fellow of American College of Cardiology",15 years,"Asim Heart Clinic, Main Bazaar Road, City Center",3001234567,dr.asim@heartclinic.com,8:00 AM to 7:00 PM,Saturday,4 PM,Could I please schedule a consultation with Dr. Asim?,Of course. Let me check availability.,32,بکنگ
33,Booking,formal,Aisha,Dr. Asim,Cardiologist,1500,"MBBS, MD Cardiology, Fellow of American College of Cardiology",15 years,"Asim Heart Clinic, Main Bazaar Road, City Center",3001234567,dr.asim@heartclinic.com,8:00 AM to 7:00 PM,Tuesday,10 AM,Could I please schedule a consultation with Dr. Asim?,Of course. Let me check availability.,33,بکنگ
34,Booking,formal,Hamza,Dr. Asim,Cardiologist,1500,"MBBS, MD Cardiology, Fellow of American College of Cardiology",15 years,"Asim Heart Clinic, Main Bazaar Road, City Center",3001234567,dr.asim@heartclinic.com,8:00 AM to 7:00 PM,Tuesday,11 AM,Could I please schedule a consultation with Dr. Asim?,Of course. Let me check availability.,34,بکنگ
35,Booking,formal,Rukhsana,Dr. Asim,Cardiologist,1500,"MBBS, MD Cardiology, Fellow of American College of Cardiology",15 years,"Asim Heart Clinic, Main Bazaar Road, City Center",3001234567,dr.asim@heartclinic.com,8:00 AM to 7:00 PM,Thursday,8 AM,Could I please schedule a consultation with Dr. Asim?,Of course. Let me check availability.,35,بکنگ
36,Booking,formal,Noor,Dr. Asim,Cardiologist,1500,"MBBS, MD Cardiology, Fellow of American College of Cardiology",15 years,"Asim Heart Clinic, Main Bazaar Road, City Center",3001234567,dr.asim@heartclinic.com,8:00 AM to 7:00 PM,Monday,9 AM,Could I please schedule a consultation with Dr. Asim?,Of course. Let me check availability.,36,بکنگ
37,Booking,formal,Salim,Dr. Asim,Cardiologist,1500,"MBBS, MD Cardiology, Fellow of American College of Cardiology",15 years,"Asim Heart Clinic, Main Bazaar Road, City Center",3001234567,dr.asim@heartclinic.com,8:00 AM to 7:00 PM,Monday,8 AM,Could I please schedule a consultation with Dr. Asim?,Of course. Let me check availability.,37,بکنگ
38,Booking,formal,Ali,Dr. Asim,Cardiologist,1500,"MBBS, MD Cardiology, Fellow of American College of Cardiology",15 years,"Asim Heart Clinic, Main Bazaar Road, City Center",3001234567,dr.asim@heartclinic.com,8:00 AM to 7:00 PM,Thursday,4 PM,Could I please schedule a consultation with Dr. Asim?,Of course. Let me check availability.,38,بکنگ
39,Booking,formal,Fatima,Dr. Asim,Cardiologist,1500,"MBBS, MD Cardiology, Fellow of American College of Cardiology",15 years,"Asim Heart Clinic, Main Bazaar Road, City Center",3001234567,dr.asim@heartclinic.com,8:00 AM to 7:00 PM,Monday,4 PM,Could I please schedule a consultation with Dr. Asim?,Of course. Let me check availability.,39,بکنگ
40,Booking,formal,Salim,Dr. Asim,Cardiologist,1500,"MBBS, MD Cardiology, Fellow of American College of Cardiology",15 years,"Asim Heart Clinic, Main Bazaar Road, City Center",3001234567,dr.asim@heartclinic.com,8:00 AM to 7:00 PM,Saturday,9 AM,Could I please schedule a consultation with Dr. Asim?,Of course. Let me check availability.,40,بکنگ
41,Booking,formal,Tariq,Dr. Asim,Cardiologist,1500,"MBBS, MD Cardiology, Fellow of American College of Cardiology",15 years,"Asim Heart Clinic, Main Bazaar Road, City Center",3001234567,dr.asim@heartclinic.com,8:00 AM to 7:00 PM,Wednesday,10 AM,I need to see Dr. Asim for cardiac consultation.,"Yes, we can arrange that. When are you available?",41,بکنگ
42,Booking,formal,Salim,Dr. Asim,Cardiologist,1500,"MBBS, MD Cardiology, Fellow of American College of Cardiology",15 years,"Asim Heart Clinic, Main Bazaar Road, City Center",3001234567,dr.asim@heartclinic.com,8:00 AM to 7:00 PM,Saturday,3 PM,I need to see Dr. Asim for cardiac consultation.,"Yes, we can arrange that. When are you available?",42,بکنگ
43,Booking,formal,Salim,Dr. Asim,Cardiologist,1500,"MBBS, MD Cardiology, Fellow of American College of Cardiology",15 years,"Asim Heart Clinic, Main Bazaar Road, City Center",3001234567,dr.asim@heartclinic.com,8:00 AM to 7:00 PM,Monday,3 PM,I need to see Dr. Asim for cardiac consultation.,"Yes, we can arrange that. When are you available?",43,بکنگ
44,Booking,formal,Hassan,Dr. Asim,Cardiologist,1500,"MBBS, MD Cardiology, Fellow of American College of Cardiology",15 years,"Asim Heart Clinic, Main Bazaar Road, City Center",3001234567,dr.asim@heartclinic.com,8:00 AM to 7:00 PM,Saturday,9 AM,I need to see Dr. Asim for cardiac consultation.,"Yes, we can arrange that. When are you available?",44,بکنگ
45,Booking,formal,Hassan,Dr. Asim,Cardiologist,1500,"MBBS, MD Cardiology, Fellow of American College of Cardiology",15 years,"Asim Heart Clinic, Main Bazaar Road, City Center",3001234567,dr.asim@heartclinic.com,8:00 AM to 7:00 PM,Saturday,10 AM,I need to see Dr. Asim for cardiac consultation.,"Yes, we can arrange that. When are you available?",45,بکنگ
46,Booking,formal,Usman,Dr. Asim,Cardiologist,1500,"MBBS, MD Cardiology, Fellow of American College of Cardiology",15 years,"Asim Heart Clinic, Main Bazaar Road, City Center",3001234567,dr.asim@heartclinic.com,8:00 AM to 7:00 PM,Monday,9 AM,I need to see Dr. Asim for cardiac consultation.,"Yes, we can arrange that. When are you available?",46,بکنگ
47,Booking,formal,Rukhsana,Dr. Asim,Cardiologist,1500,"MBBS, MD Cardiology, Fellow of American College of Cardiology",15 years,"Asim Heart Clinic, Main Bazaar Road, City Center",3001234567,dr.asim@heartclinic.com,8:00 AM to 7:00 PM,Monday,11 AM,I need to see Dr. Asim for cardiac consultation.,"Yes, we can arrange that. When are you available?",47,بکنگ
48,Booking,formal,Layla,Dr. Asim,Cardiologist,1500,"MBBS, MD Cardiology, Fellow of American College of Cardiology",15 years,"Asim Heart Clinic, Main Bazaar Road, City Center",3001234567,dr.asim@heartclinic.com,8:00 AM to 7:00 PM,Monday,3 PM,I need to see Dr. Asim for cardiac consultation.,"Yes, we can arrange that. When are you available?",48,بکنگ
49,Booking,formal,Mina,Dr. Asim,Cardiologist,1500,"MBBS, MD Cardiology, Fellow of American College of Cardiology",15 years,"Asim Heart Clinic, Main Bazaar Road, City Center",3001234567,dr.asim@heartclinic.com,8:00 AM to 7:00 PM,Friday,9 AM,I need to see Dr. Asim for cardiac consultation.,"Yes, we can arrange that. When are you available?",49,بکنگ
50,Booking,formal,Nida,Dr. Asim,Cardiologist,1500,"MBBS, MD Cardiology, Fellow of American College of Cardiology",15 years,"Asim Heart Clinic, Main Bazaar Road, City Center",3001234567,dr.asim@heartclinic.com,8:00 AM to 7:00 PM,Tuesday,3 PM,I need to see Dr. Asim for cardiac consultation.,"Yes, we can arrange that. When are you available?",50,بکنگ
51,Booking,formal,Wasim,Dr. Asim,Cardiologist,1500,"MBBS, MD Cardiology, Fellow of American College of Cardiology",15 years,"Asim Heart Clinic, Main Bazaar Road, City Center",3001234567,dr.asim@heartclinic.com,8:00 AM to 7:00 PM,Wednesday,11 AM,I need to see Dr. Asim for cardiac consultation.,"Yes, we can arrange that. When are you available?",51,بکنگ
52,Booking,formal,Zainab,Dr. Asim,Cardiologist,1500,"MBBS, MD Cardiology, Fellow of American College of Cardiology",15 years,"Asim Heart Clinic, Main Bazaar Road, City Center",3001234567,dr.asim@heartclinic.com,8:00 AM to 7:00 PM,Friday,5 PM,I need to see Dr. Asim for cardiac consultation.,"Yes, we can arrange that. When are you available?",52,بکنگ
53,Booking,formal,Mina,Dr. Asim,Cardiologist,1500,"MBBS, MD Cardiology, Fellow of American College of Cardiology",15 years,"Asim Heart Clinic, Main Bazaar Road, City Center",3001234567,dr.asim@heartclinic.com,8:00 AM to 7:00 PM,Wednesday,11 AM,I need to see Dr. Asim for cardiac consultation.,"Yes, we can arrange that. When are you available?",53,بکنگ
54,Booking,formal,Rashid,Dr. Asim,Cardiologist,1500,"MBBS, MD Cardiology, Fellow of American College of Cardiology",15 years,"Asim Heart Clinic, Main Bazaar Road, City Center",3001234567,dr.asim@heartclinic.com,8:00 AM to 7:00 PM,Monday,5 PM,I need to see Dr. Asim for cardiac consultation.,"Yes, we can arrange that. When are you available?",54,بکنگ
55,Booking,formal,Karim,Dr. Asim,Cardiologist,1500,"MBBS, MD Cardiology, Fellow of American College of Cardiology",15 years,"Asim Heart Clinic, Main Bazaar Road, City Center",3001234567,dr.asim@heartclinic.com,8:00 AM to 7:00 PM,Wednesday,4 PM,I need to see Dr. Asim for cardiac consultation.,"Yes, we can arrange that. When are you available?",55,بکنگ
56,Booking,formal,Ayesha,Dr. Asim,Cardiologist,1500,"MBBS, MD Cardiology, Fellow of American College of Cardiology",15 years,"Asim Heart Clinic, Main Bazaar Road, City Center",3001234567,dr.asim@heartclinic.com,8:00 AM to 7:00 PM,Thursday,4 PM,I need to see Dr. Asim for cardiac consultation.,"Yes, we can arrange that. When are you available?",56,بکنگ
57,Booking,formal,Fatima,Dr. Asim,Cardiologist,1500,"MBBS, MD Cardiology, Fellow of American College of Cardiology",15 years,"Asim Heart Clinic, Main Bazaar Road, City Center",3001234567,dr.asim@heartclinic.com,8:00 AM to 7:00 PM,Tuesday,10 AM,I need to see Dr. Asim for cardiac consultation.,"Yes, we can arrange that. When are you available?",57,بکنگ
58,Booking,formal,Ayesha,Dr. Asim,Cardiologist,1500,"MBBS, MD Cardiology, Fellow of American College of Cardiology",15 years,"Asim Heart Clinic, Main Bazaar Road, City Center",3001234567,dr.asim@heartclinic.com,8:00 AM to 7:00 PM,Saturday,4 PM,I need to see Dr. Asim for cardiac consultation.,"Yes, we can arrange that. When are you available?",58,بکنگ
59,Booking,formal,Malik,Dr. Asim,Cardiologist,1500,"MBBS, MD Cardiology, Fellow of American College of Cardiology",15 years,"Asim Heart Clinic, Main Bazaar Road, City Center",3001234567,dr.asim@heartclinic.com,8:00 AM to 7:00 PM,Saturday,8 AM,I need to see Dr. Asim for cardiac consultation.,"Yes, we can arrange that. When are you available?",59,بکنگ
60,Booking,formal,Farida,Dr. Asim,Cardiologist,1500,"MBBS, MD Cardiology, Fellow of American College of Cardiology",15 years,"Asim Heart Clinic, Main Bazaar Road, City Center",3001234567,dr.asim@heartclinic.com,8:00 AM to 7:00 PM,Saturday,3 PM,I need to see Dr. Asim for cardiac consultation.,"Yes, we can arrange that. When are you available?",60,بکنگ
61,Booking,formal,Samir,Dr. Asim,Cardiologist,1500,"MBBS, MD Cardiology, Fellow of American College of Cardiology",15 years,"Asim Heart Clinic, Main Bazaar Road, City Center",3001234567,dr.asim@heartclinic.com,8:00 AM to 7:00 PM,Thursday,8 AM,Can I get an appointment with Dr. Asim?,"Yes, {doctor_name} has several slots. When suits you?",61,بکنگ
62,Booking,formal,Wasim,Dr. Asim,Cardiologist,1500,"MBBS, MD Cardiology, Fellow of American College of Cardiology",15 years,"Asim Heart Clinic, Main Bazaar Road, City Center",3001234567,dr.asim@heartclinic.com,8:00 AM to 7:00 PM,Tuesday,5 PM,Can I get an appointment with Dr. Asim?,"Yes, {doctor_name} has several slots. When suits you?",62,بکنگ
63,Booking,formal,Salim,Dr. Asim,Cardiologist,1500,"MBBS, MD Cardiology, Fellow of American College of Cardiology",15 years,"Asim Heart Clinic, Main Bazaar Road, City Center",3001234567,dr.asim@heartclinic.com,8:00 AM to 7:00 PM,Wednesday,11 AM,Can I get an appointment with Dr. Asim?,"Yes, {doctor_name} has several slots. When suits you?",63,بکنگ
64,Booking,formal,Hassan,Dr. Asim,Cardiologist,1500,"MBBS, MD Cardiology, Fellow of American College of Cardiology",15 years,"Asim Heart Clinic, Main Bazaar Road, City Center",3001234567,dr.asim@heartclinic.com,8:00 AM to 7:00 PM,Tuesday,10 AM,Can I get an appointment with Dr. Asim?,"Yes, {doctor_name} has several slots. When suits you?",64,بکنگ
65,Booking,formal,Ayesha,Dr. Asim,Cardiologist,1500,"MBBS, MD Cardiology, Fellow of American College of Cardiology",15 years,"Asim Heart Clinic, Main Bazaar Road, City Center",3001234567,dr.asim@heartclinic.com,8:00 AM to 7:00 PM,Thursday,3 PM,Can I get an appointment with Dr. Asim?,"Yes, {doctor_name} has several slots. When suits you?",65,بکنگ
66,Booking,formal,Amina,Dr. Asim,Cardiologist,1500,"MBBS, MD Cardiology, Fellow of American College of Cardiology",15 years,"Asim Heart Clinic, Main Bazaar Road, City Center",3001234567,dr.asim@heartclinic.com,8:00 AM to 7:00 PM,Friday,3 PM,Can I get an appointment with Dr. Asim?,"Yes, {doctor_name} has several slots. When suits you?",66,بکنگ
67,Booking,formal,Mina,Dr. Asim,Cardiologist,1500,"MBBS, MD Cardiology, Fellow of American College of Cardiology",15 years,"Asim Heart Clinic, Main Bazaar Road, City Center",3001234567,dr.asim@heartclinic.com,8:00 AM to 7:00 PM,Monday,9 AM,Can I get an appointment with Dr. Asim?,"Yes, {doctor_name} has several slots. When suits you?",67,بکنگ
68,Booking,formal,Farida,Dr. Asim,Cardiologist,1500,"MBBS, MD Cardiology, Fellow of American College of Cardiology",15 years,"Asim Heart Clinic, Main Bazaar Road, City Center",3001234567,dr.asim@heartclinic.com,8:00 AM to 7:00 PM,Wednesday,3 PM,Can I get an appointment with Dr. Asim?,"Yes, {doctor_name} has several slots. When suits you?",68,بکنگ
69,Booking,formal,Nasrin,Dr. Asim,Cardiologist,1500,"MBBS, MD Cardiology, Fellow of American College of Cardiology",15 years,"Asim Heart Clinic, Main Bazaar Road, City Center",3001234567,dr.asim@heartclinic.com,8:00 AM to 7:00 PM,Friday,3 PM,Can I get an appointment with Dr. Asim?,"Yes, {doctor_name} has several slots. When suits you?",69,بکنگ
70,Booking,formal,Hira,Dr. Asim,Cardiologist,1500,"MBBS, MD Cardiology, Fellow of American College of Cardiology",15 years,"Asim Heart Clinic, Main Bazaar Road, City Center",3001234567,dr.asim@heartclinic.com,8:00 AM to 7:00 PM,Saturday,11 AM,Can I get an appointment with Dr. Asim?,"Yes, {doctor_name} has several slots. When suits you?",70,بکنگ
71,Booking,formal,Hassan,Dr. Asim,Cardiologist,1500,"MBBS, MD Cardiology, Fellow of American College of Cardiology",15 years,"Asim Heart Clinic, Main Bazaar Road, City Center",3001234567,dr.asim@heartclinic.com,8:00 AM to 7:00 PM,Saturday,8 AM,Can I get an appointment with Dr. Asim?,"Yes, {doctor_name} has several slots. When suits you?",71,بکنگ
72,Booking,formal,Sana,Dr. Asim,Cardiologist,1500,"MBBS, MD Cardiology, Fellow of American College of Cardiology",15 years,"Asim Heart Clinic, Main Bazaar Road, City Center",3001234567,dr.asim@heartclinic.com,8:00 AM to 7:00 PM,Monday,11 AM,Can I get an appointment with Dr. Asim?,"Yes, {doctor_name} has several slots. When suits you?",72,بکنگ
73,Booking,formal,Hira,Dr. Asim,Cardiologist,1500,"MBBS, MD Cardiology, Fellow of American College of Cardiology",15 years,"Asim Heart Clinic, Main Bazaar Road, City Center",3001234567,dr.asim@heartclinic.com,8:00 AM to 7:00 PM,Saturday,9 AM,Can I get an appointment with Dr. Asim?,"Yes, {doctor_name} has several slots. When suits you?",73,بکنگ
74,Booking,formal,Aisha,Dr. Asim,Cardiologist,1500,"MBBS, MD Cardiology, Fellow of American College of Cardiology",15 years,"Asim Heart Clinic, Main Bazaar Road, City Center",3001234567,dr.asim@heartclinic.com,8:00 AM to 7:00 PM,Tuesday,9 AM,Can I get an appointment with Dr. Asim?,"Yes, {doctor_name} has several slots. When suits you?",74,بکنگ
75,Booking,formal,Fatima,Dr. Asim,Cardiologist,1500,"MBBS, MD Cardiology, Fellow of American College of Cardiology",15 years,"Asim Heart Clinic, Main Bazaar Road, City Center",3001234567,dr.asim@heartclinic.com,8:00 AM to 7:00 PM,Wednesday,5 PM,Can I get an appointment with Dr. Asim?,"Yes, {doctor_name} has several slots. When suits you?",75,بکنگ
76,Booking,formal,Noor,Dr. Asim,Cardiologist,1500,"MBBS, MD Cardiology, Fellow of American College of Cardiology",15 years,"Asim Heart Clinic, Main Bazaar Road, City Center",3001234567,dr.asim@heartclinic.com,8:00 AM to 7:00 PM,Tuesday,10 AM,Can I get an appointment with Dr. Asim?,"Yes, {doctor_name} has several slots. When suits you?",76,بکنگ
77,Booking,formal,Fatima,Dr. Asim,Cardiologist,1500,"MBBS, MD Cardiology, Fellow of American College of Cardiology",15 years,"Asim Heart Clinic, Main Bazaar Road, City Center",3001234567,dr.asim@heartclinic.com,8:00 AM to 7:00 PM,Thursday,2 PM,Can I get an appointment with Dr. Asim?,"Yes, {doctor_name} has several slots. When suits you?",77,بکنگ
78,Booking,formal,Samir,Dr. Asim,Cardiologist,1500,"MBBS, MD Cardiology, Fellow of American College of Cardiology",15 years,"Asim Heart Clinic, Main Bazaar Road, City Center",3001234567,dr.asim@heartclinic.com,8:00 AM to 7:00 PM,Thursday,5 PM,Can I get an appointment with Dr. Asim?,"Yes, {doctor_name} has several slots. When suits you?",78,بکنگ
79,Booking,formal,Fatima,Dr. Asim,Cardiologist,1500,"MBBS, MD Cardiology, Fellow of American College of Cardiology",15 years,"Asim Heart Clinic, Main Bazaar Road, City Center",3001234567,dr.asim@heartclinic.com,8:00 AM to 7:00 PM,Friday,5 PM,Can I get an appointment with Dr. Asim?,"Yes, {doctor_name} has several slots. When suits you?",79,بکنگ
80,Booking,formal,Hassan,Dr. Asim,Cardiologist,1500,"MBBS, MD Cardiology, Fellow of American College of Cardiology",15 years,"Asim Heart Clinic, Main Bazaar Road, City Center",3001234567,dr.asim@heartclinic.com,8:00 AM to 7:00 PM,Tuesday,11 AM,Can I get an appointment with Dr. Asim?,"Yes, {doctor_name} has several slots. When suits you?",80,بکنگ
81,Booking,formal,Nasrin,Dr. Asim,Cardiologist,1500,"MBBS, MD Cardiology, Fellow of American College of Cardiology",15 years,"Asim Heart Clinic, Main Bazaar Road, City Center",3001234567,dr.asim@heartclinic.com,8:00 AM to 7:00 PM,Tuesday,10 AM,I would like to consult Dr. Asim about heart problems.,Of course. What date works best?,81,بکنگ
82,Booking,formal,Sara,Dr. Asim,Cardiologist,1500,"MBBS, MD Cardiology, Fellow of American College of Cardiology",15 years,"Asim Heart Clinic, Main Bazaar Road, City Center",3001234567,dr.asim@heartclinic.com,8:00 AM to 7:00 PM,Monday,2 PM,I would like to consult Dr. Asim about heart problems.,Of course. What date works best?,82,بکنگ
83,Booking,formal,Hira,Dr. Asim,Cardiologist,1500,"MBBS, MD Cardiology, Fellow of American College of Cardiology",15 years,"Asim Heart Clinic, Main Bazaar Road, City Center",3001234567,dr.asim@heartclinic.com,8:00 AM to 7:00 PM,Wednesday,11 AM,I would like to consult Dr. Asim about heart problems.,Of course. What date works best?,83,بکنگ
84,Booking,formal,Sana,Dr. Asim,Cardiologist,1500,"MBBS, MD Cardiology, Fellow of American College of Cardiology",15 years,"Asim Heart Clinic, Main Bazaar Road, City Center",3001234567,dr.asim@heartclinic.com,8:00 AM to 7:00 PM,Saturday,3 PM,I would like to consult Dr. Asim about heart problems.,Of course. What date works best?,84,بکنگ
85,Booking,formal,Tariq,Dr. Asim,Cardiologist,1500,"MBBS, MD Cardiology, Fellow of American College of Cardiology",15 years,"Asim Heart Clinic, Main Bazaar Road, City Center",3001234567,dr.asim@heartclinic.com,8:00 AM to 7:00 PM,Tuesday,10 AM,I would like to consult Dr. Asim about heart problems.,Of course. What date works best?,85,بکنگ
86,Booking,formal,Bilal,Dr. Asim,Cardiologist,1500,"MBBS, MD Cardiology, Fellow of American College of Cardiology",15 years,"Asim Heart Clinic, Main Bazaar Road, City Center",3001234567,dr.asim@heartclinic.com,8:00 AM to 7:00 PM,Thursday,4 PM,I would like to consult Dr. Asim about heart problems.,Of course. What date works best?,86,بکنگ
87,Booking,formal,Hira,Dr. Asim,Cardiologist,1500,"MBBS, MD Cardiology, Fellow of American College of Cardiology",15 years,"Asim Heart Clinic, Main Bazaar Road, City Center",3001234567,dr.asim@heartclinic.com,8:00 AM to 7:00 PM,Thursday,5 PM,I would like to consult Dr. Asim about heart problems.,Of course. What date works best?,87,بکنگ
88,Booking,formal,Hira,Dr. Asim,Cardiologist,1500,"MBBS, MD Cardiology, Fellow of American College of Cardiology",15 years,"Asim Heart Clinic, Main Bazaar Road, City Center",3001234567,dr.asim@heartclinic.com,8:00 AM to 7:00 PM,Tuesday,9 AM,I would like to consult Dr. Asim about heart problems.,Of course. What date works best?,88,بکنگ
89,Booking,formal,Hassan,Dr. Asim,Cardiologist,1500,"MBBS, MD Cardiology, Fellow of American College of Cardiology",15 years,"Asim Heart Clinic, Main Bazaar Road, City Center",3001234567,dr.asim@heartclinic.com,8:00 AM to 7:00 PM,Monday,3 PM,I would like to consult Dr. Asim about heart problems.,Of course. What date works best?,89,بکنگ
90,Booking,formal,Fatima,Dr. Asim,Cardiologist,1500,"MBBS, MD Cardiology, Fellow of American College of Cardiology",15 years,"Asim Heart Clinic, Main Bazaar Road, City Center",3001234567,dr.asim@heartclinic.com,8:00 AM to 7:00 PM,Monday,5 PM,I would like to consult Dr. Asim about heart problems.,Of course. What date works best?,90,بکنگ
91,Booking,formal,Tariq,Dr. Asim,Cardiologist,1500,"MBBS, MD Cardiology, Fellow of American College of Cardiology",15 years,"Asim Heart Clinic, Main Bazaar Road, City Center",3001234567,dr.asim@heartclinic.com,8:00 AM to 7:00 PM,Wednesday,8 AM,I would like to consult Dr. Asim about heart problems.,Of course. What date works best?,91,بکنگ
92,Booking,formal,Bilal,Dr. Asim,Cardiologist,1500,"MBBS, MD Cardiology, Fellow of American College of Cardiology",15 years,"Asim Heart Clinic, Main Bazaar Road, City Center",3001234567,dr.asim@heartclinic.com,8:00 AM to 7:00 PM,Tuesday,4 PM,I would like to consult Dr. Asim about heart problems.,Of course. What date works best?,92,بکنگ
93,Booking,formal,Hira,Dr. Asim,Cardiologist,1500,"MBBS, MD Cardiology, Fellow of American College of Cardiology",15 years,"Asim Heart Clinic, Main Bazaar Road, City Center",3001234567,dr.asim@heartclinic.com,8:00 AM to 7:00 PM,Wednesday,9 AM,I would like to consult Dr. Asim about heart problems.,Of course. What date works best?,93,بکنگ
94,Booking,formal,Hamza,Dr. Asim,Cardiologist,1500,"MBBS, MD Cardiology, Fellow of American College of Cardiology",15 years,"Asim Heart Clinic, Main Bazaar Road, City Center",3001234567,dr.asim@heartclinic.com,8:00 AM to 7:00 PM,Wednesday,4 PM,I would like to consult Dr. Asim about heart problems.,Of course. What date works best?,94,بکنگ
95,Booking,formal,Farida,Dr. Asim,Cardiologist,1500,"MBBS, MD Cardiology, Fellow of American College of Cardiology",15 years,"Asim Heart Clinic, Main Bazaar Road, City Center",3001234567,dr.asim@heartclinic.com,8:00 AM to 7:00 PM,Thursday,8 AM,I would like to consult Dr. Asim about heart problems.,Of course. What date works best?,95,بکنگ
96,Booking,formal,Bilal,Dr. Asim,Cardiologist,1500,"MBBS, MD Cardiology, Fellow of American College of Cardiology",15 years,"Asim Heart Clinic, Main Bazaar Road, City Center",3001234567,dr.asim@heartclinic.com,8:00 AM to 7:00 PM,Friday,5 PM,I would like to consult Dr. Asim about heart problems.,Of course. What date works best?,96,بکنگ
97,Booking,formal,Fatima,Dr. Asim,Cardiologist,1500,"MBBS, MD Cardiology, Fellow of American College of Cardiology",15 years,"Asim Heart Clinic, Main Bazaar Road, City Center",3001234567,dr.asim@heartclinic.com,8:00 AM to 7:00 PM,Thursday,4 PM,I would like to consult Dr. Asim about heart problems.,Of course. What date works best?,97,بکنگ
98,Booking,formal,Wasim,Dr. Asim,Cardiologist,1500,"MBBS, MD Cardiology, Fellow of American College of Cardiology",15 years,"Asim Heart Clinic, Main Bazaar Road, City Center",3001234567,dr.asim@heartclinic.com,8:00 AM to 7:00 PM,Monday,5 PM,I would like to consult Dr. Asim about heart problems.,Of course. What date works best?,98,بکنگ
99,Booking,formal,Hira,Dr. Asim,Cardiologist,1500,"MBBS, MD Cardiology, Fellow of American College of Cardiology",15 years,"Asim Heart Clinic, Main Bazaar Road, City Center",3001234567,dr.asim@heartclinic.com,8:00 AM to 7:00 PM,Thursday,11 AM,I would like to consult Dr. Asim about heart problems.,Of course. What date works best?,99,بکنگ
100,Booking,formal,Samir,Dr. Asim,Cardiologist,1500,"MBBS, MD Cardiology, Fellow of American College of Cardiology",15 years,"Asim Heart Clinic, Main Bazaar Road, City Center",3001234567,dr.asim@heartclinic.com,8:00 AM to 7:00 PM,Friday,5 PM,I would like to consult Dr. Asim about heart problems.,Of course. What date works best?,100,بکنگ
101,Booking,casual,Fatima,Dr. Asim,Cardiologist,1500,"MBBS, MD Cardiology, Fellow of American College of Cardiology",15 years,"Asim Heart Clinic, Main Bazaar Road, City Center",3001234567,dr.asim@heartclinic.com,8:00 AM to 7:00 PM,Saturday,3 PM,Dr. Asim se mil na hai. Appointment de do.,"Bilkul beta, kab aao?",101,بکنگ
102,Booking,casual,Faisal,Dr. Asim,Cardiologist,1500,"MBBS, MD Cardiology, Fellow of American College of Cardiology",15 years,"Asim Heart Clinic, Main Bazaar Road, City Center",3001234567,dr.asim@heartclinic.com,8:00 AM to 7:00 PM,Saturday,11 AM,Dr. Asim se mil na hai. Appointment de do.,"Bilkul beta, kab aao?",102,بکنگ
103,Booking,casual,Samir,Dr. Asim,Cardiologist,1500,"MBBS, MD Cardiology, Fellow of American College of Cardiology",15 years,"Asim Heart Clinic, Main Bazaar Road, City Center",3001234567,dr.asim@heartclinic.com,8:00 AM to 7:00 PM,Wednesday,8 AM,Dr. Asim se mil na hai. Appointment de do.,"Bilkul beta, kab aao?",103,بکنگ
104,Booking,casual,Ayesha,Dr. Asim,Cardiologist,1500,"MBBS, MD Cardiology, Fellow of American College of Cardiology",15 years,"Asim Heart Clinic, Main Bazaar Road, City Center",3001234567,dr.asim@heartclinic.com,8:00 AM to 7:00 PM,Tuesday,2 PM,Dr. Asim se mil na hai. Appointment de do.,"Bilkul beta, kab aao?",104,بکنگ
105,Booking,casual,Hamza,Dr. Asim,Cardiologist,1500,"MBBS, MD Cardiology, Fellow of American College of Cardiology",15 years,"Asim Heart Clinic, Main Bazaar Road, City Center",3001234567,dr.asim@heartclinic.com,8:00 AM to 7:00 PM,Tuesday,9 AM,Dr. Asim se mil na hai. Appointment de do.,"Bilkul beta, kab aao?",105,بکنگ
106,Booking,casual,Zainab,Dr. Asim,Cardiologist,1500,"MBBS, MD Cardiology, Fellow of American College of Cardiology",15 years,"Asim Heart Clinic, Main Bazaar Road, City Center",3001234567,dr.asim@heartclinic.com,8:00 AM to 7:00 PM,Thursday,3 PM,Dr. Asim se mil na hai. Appointment de do.,"Bilkul beta, kab aao?",106,بکنگ
107,Booking,casual,Zainab,Dr. Asim,Cardiologist,1500,"MBBS, MD Cardiology, Fellow of American College of Cardiology",15 years,"Asim Heart Clinic, Main Bazaar Road, City Center",3001234567,dr.asim@heartclinic.com,8:00 AM to 7:00 PM,Monday,9 AM,Dr. Asim se mil na hai. Appointment de do.,"Bilkul beta, kab aao?",107,بکنگ
108,Booking,casual,Faisal,Dr. Asim,Cardiologist,1500,"MBBS, MD Cardiology, Fellow of American College of Cardiology",15 years,"Asim Heart Clinic, Main Bazaar Road, City Center",3001234567,dr.asim@heartclinic.com,8:00 AM to 7:00 PM,Tuesday,10 AM,Dr. Asim se mil na hai. Appointment de do.,"Bilkul beta, kab aao?",108,بکنگ
109,Booking,casual,Hassan,Dr. Asim,Cardiologist,1500,"MBBS, MD Cardiology, Fellow of American College of Cardiology",15 years,"Asim Heart Clinic, Main Bazaar Road, City Center",3001234567,dr.asim@heartclinic.com,8:00 AM to 7:00 PM,Friday,10 AM,Dr. Asim se mil na hai. Appointment de do.,"Bilkul beta, kab aao?",109,بکنگ
110,Booking,casual,Hassan,Dr. Asim,Cardiologist,1500,"MBBS, MD Cardiology, Fellow of American College of Cardiology",15 years,"Asim Heart Clinic, Main Bazaar Road, City Center",3001234567,dr.asim@heartclinic.com,8:00 AM to 7:00 PM,Friday,8 AM,Dr. Asim se mil na hai. Appointment de do.,"Bilkul beta, kab aao?",110,بکنگ
111,Booking,casual,Hamza,Dr. Asim,Cardiologist,1500,"MBBS, MD Cardiology, Fellow of American College of Cardiology",15 years,"Asim Heart Clinic, Main Bazaar Road, City Center",3001234567,dr.asim@heartclinic.com,8:00 AM to 7:00 PM,Monday,5 PM,Dr. Asim se mil na hai. Appointment de do.,"Bilkul beta, kab aao?",111,بکنگ
112,Booking,casual,Wasim,Dr. Asim,Cardiologist,1500,"MBBS, MD Cardiology, Fellow of American College of Cardiology",15 years,"Asim Heart Clinic, Main Bazaar Road, City Center",3001234567,dr.asim@heartclinic.com,8:00 AM to 7:00 PM,Friday,3 PM,Dr. Asim se mil na hai. Appointment de do.,"Bilkul beta, kab aao?",112,بکنگ
113,Booking,casual,Nasrin,Dr. Asim,Cardiologist,1500,"MBBS, MD Cardiology, Fellow of American College of Cardiology",15 years,"Asim Heart Clinic, Main Bazaar Road, City Center",3001234567,dr.asim@heartclinic.com,8:00 AM to 7:00 PM,Tuesday,11 AM,Dr. Asim se mil na hai. Appointment de do.,"Bilkul beta, kab aao?",113,بکنگ
114,Booking,casual,Sara,Dr. Asim,Cardiologist,1500,"MBBS, MD Cardiology, Fellow of American College of Cardiology",15 years,"Asim Heart Clinic, Main Bazaar Road, City Center",3001234567,dr.asim@heartclinic.com,8:00 AM to 7:00 PM,Wednesday,3 PM,Dr. Asim se mil na hai. Appointment de do.,"Bilkul beta, kab aao?",114,بکنگ
115,Booking,casual,Hassan,Dr. Asim,Cardiologist,1500,"MBBS, MD Cardiology, Fellow of American College of Cardiology",15 years,"Asim Heart Clinic, Main Bazaar Road, City Center",3001234567,dr.asim@heartclinic.com,8:00 AM to 7:00 PM,Monday,5 PM,Dr. Asim se mil na hai. Appointment de do.,"Bilkul beta, kab aao?",115,بکنگ
116,Booking,casual,Sana,Dr. Asim,Cardiologist,1500,"MBBS, MD Cardiology, Fellow of American College of Cardiology",15 years,"Asim Heart Clinic, Main Bazaar Road, City Center",3001234567,dr.asim@heartclinic.com,8:00 AM to 7:00 PM,Monday,3 PM,Dr. Asim se mil na hai. Appointment de do.,"Bilkul beta, kab aao?",116,بکنگ
117,Booking,casual,Usman,Dr. Asim,Cardiologist,1500,"MBBS, MD Cardiology, Fellow of American College of Cardiology",15 years,"Asim Heart Clinic, Main Bazaar Road, City Center",3001234567,dr.asim@heartclinic.com,8:00 AM to 7:00 PM,Wednesday,3 PM,Dr. Asim se mil na hai. Appointment de do.,"Bilkul beta, kab aao?",117,بکنگ
118,Booking,casual,Zainab,Dr. Asim,Cardiologist,1500,"MBBS, MD Cardiology, Fellow of American College of Cardiology",15 years,"Asim Heart Clinic, Main Bazaar Road, City Center",3001234567,dr.asim@heartclinic.com,8:00 AM to 7:00 PM,Friday,5 PM,Dr. Asim se mil na hai. Appointment de do.,"Bilkul beta, kab aao?",118,بکنگ
119,Booking,casual,Nida,Dr. Asim,Cardiologist,1500,"MBBS, MD Cardiology, Fellow of American College of Cardiology",15 years,"Asim Heart Clinic, Main Bazaar Road, City Center",3001234567,dr.asim@heartclinic.com,8:00 AM to 7:00 PM,Wednesday,11 AM,Dr. Asim se mil na hai. Appointment de do.,"Bilkul beta, kab aao?",119,بکنگ
120,Booking,casual,Amina,Dr. Asim,Cardiologist,1500,"MBBS, MD Cardiology, Fellow of American College of Cardiology",15 years,"Asim Heart Clinic, Main Bazaar Road, City Center",3001234567,dr.asim@heartclinic.com,8:00 AM to 7:00 PM,Friday,2 PM,Dr. Asim se mil na hai. Appointment de do.,"Bilkul beta, kab aao?",120,بکنگ
121,Booking,casual,Nasrin,Dr. Asim,Cardiologist,1500,"MBBS, MD Cardiology, Fellow of American College of Cardiology",15 years,"Asim Heart Clinic, Main Bazaar Road, City Center",3001234567,dr.asim@heartclinic.com,8:00 AM to 7:00 PM,Monday,2 PM,"Yaar, Dr. Asim ko book kar de.","Theek hai, kaunsa din?",121,بکنگ
122,Booking,casual,Usman,Dr. Asim,Cardiologist,1500,"MBBS, MD Cardiology, Fellow of American College of Cardiology",15 years,"Asim Heart Clinic, Main Bazaar Road, City Center",3001234567,dr.asim@heartclinic.com,8:00 AM to 7:00 PM,Saturday,9 AM,"Yaar, Dr. Asim ko book kar de.","Theek hai, kaunsa din?",122,بکنگ
123,Booking,casual,Ayesha,Dr. Asim,Cardiologist,1500,"MBBS, MD Cardiology, Fellow of American College of Cardiology",15 years,"Asim Heart Clinic, Main Bazaar Road, City Center",3001234567,dr.asim@heartclinic.com,8:00 AM to 7:00 PM,Tuesday,2 PM,"Yaar, Dr. Asim ko book kar de.","Theek hai, kaunsa din?",123,بکنگ
124,Booking,casual,Ayesha,Dr. Asim,Cardiologist,1500,"MBBS, MD Cardiology, Fellow of American College of Cardiology",15 years,"Asim Heart Clinic, Main Bazaar Road, City Center",3001234567,dr.asim@heartclinic.com,8:00 AM to 7:00 PM,Thursday,8 AM,"Yaar, Dr. Asim ko book kar de.","Theek hai, kaunsa din?",124,بکنگ
125,Booking,casual,Aisha,Dr. Asim,Cardiologist,1500,"MBBS, MD Cardiology, Fellow of American College of Cardiology",15 years,"Asim Heart Clinic, Main Bazaar Road, City Center",3001234567,dr.asim@heartclinic.com,8:00 AM to 7:00 PM,Saturday,4 PM,"Yaar, Dr. Asim ko book kar de.","Theek hai, kaunsa din?",125,بکنگ
126,Booking,casual,Karim,Dr. Asim,Cardiologist,1500,"MBBS, MD Cardiology, Fellow of American College of Cardiology",15 years,"Asim Heart Clinic, Main Bazaar Road, City Center",3001234567,dr.asim@heartclinic.com,8:00 AM to 7:00 PM,Wednesday,5 PM,"Yaar, Dr. Asim ko book kar de.","Theek hai, kaunsa din?",126,بکنگ
127,Booking,casual,Rukhsana,Dr. Asim,Cardiologist,1500,"MBBS, MD Cardiology, Fellow of American College of Cardiology",15 years,"Asim Heart Clinic, Main Bazaar Road, City Center",3001234567,dr.asim@heartclinic.com,8:00 AM to 7:00 PM,Thursday,2 PM,"Yaar, Dr. Asim ko book kar de.","Theek hai, kaunsa din?",127,بکنگ
128,Booking,casual,Samir,Dr. Asim,Cardiologist,1500,"MBBS, MD Cardiology, Fellow of American College of Cardiology",15 years,"Asim Heart Clinic, Main Bazaar Road, City Center",3001234567,dr.asim@heartclinic.com,8:00 AM to 7:00 PM,Tuesday,9 AM,"Yaar, Dr. Asim ko book kar de.","Theek hai, kaunsa din?",128,بکنگ
129,Booking,casual,Ali,Dr. Asim,Cardiologist,1500,"MBBS, MD Cardiology, Fellow of American College of Cardiology",15 years,"Asim Heart Clinic, Main Bazaar Road, City Center",3001234567,dr.asim@heartclinic.com,8:00 AM to 7:00 PM,Monday,4 PM,"Yaar, Dr. Asim ko book kar de.","Theek hai, kaunsa din?",129,بکنگ
130,Booking,casual,Hassan,Dr. Asim,Cardiologist,1500,"MBBS, MD Cardiology, Fellow of American College of Cardiology",15 years,"Asim Heart Clinic, Main Bazaar Road, City Center",3001234567,dr.asim@heartclinic.com,8:00 AM to 7:00 PM,Friday,3 PM,"Yaar, Dr. Asim ko book kar de.","Theek hai, kaunsa din?",130,بکنگ
131,Booking,casual,Rukhsana,Dr. Asim,Cardiologist,1500,"MBBS, MD Cardiology, Fellow of American College of Cardiology",15 years,"Asim Heart Clinic, Main Bazaar Road, City Center",3001234567,dr.asim@heartclinic.com,8:00 AM to 7:00 PM,Saturday,8 AM,"Yaar, Dr. Asim ko book kar de.","Theek hai, kaunsa din?",131,بکنگ
132,Booking,casual,Malik,Dr. Asim,Cardiologist,1500,"MBBS, MD Cardiology, Fellow of American College of Cardiology",15 years,"Asim Heart Clinic, Main Bazaar Road, City Center",3001234567,dr.asim@heartclinic.com,8:00 AM to 7:00 PM,Thursday,11 AM,"Yaar, Dr. Asim ko book kar de.","Theek hai, kaunsa din?",132,بکنگ
133,Booking,casual,Usman,Dr. Asim,Cardiologist,1500,"MBBS, MD Cardiology, Fellow of American College of Cardiology",15 years,"Asim Heart Clinic, Main Bazaar Road, City Center",3001234567,dr.asim@heartclinic.com,8:00 AM to 7:00 PM,Thursday,5 PM,"Yaar, Dr. Asim ko book kar de.","Theek hai, kaunsa din?",133,بکنگ
134,Booking,casual,Salim,Dr. Asim,Cardiologist,1500,"MBBS, MD Cardiology, Fellow of American College of Cardiology",15 years,"Asim Heart Clinic, Main Bazaar Road, City Center",3001234567,dr.asim@heartclinic.com,8:00 AM to 7:00 PM,Wednesday,2 PM,"Yaar, Dr. Asim ko book kar de.","Theek hai, kaunsa din?",134,بکنگ
135,Booking,casual,Aisha,Dr. Asim,Cardiologist,1500,"MBBS, MD Cardiology, Fellow of American College of Cardiology",15 years,"Asim Heart Clinic, Main Bazaar Road, City Center",3001234567,dr.asim@heartclinic.com,8:00 AM to 7:00 PM,Saturday,2 PM,"Yaar, Dr. Asim ko book kar de.","Theek hai, kaunsa din?",135,بکنگ
136,Booking,casual,Ali,Dr. Asim,Cardiologist,1500,"MBBS, MD Cardiology, Fellow of American College of Cardiology",15 years,"Asim Heart Clinic, Main Bazaar Road, City Center",3001234567,dr.asim@heartclinic.com,8:00 AM to 7:00 PM,Wednesday,5 PM,"Yaar, Dr. Asim ko book kar de.","Theek hai, kaunsa din?",136,بکنگ
137,Booking,casual,Mina,Dr. Asim,Cardiologist,1500,"MBBS, MD Cardiology, Fellow of American College of Cardiology",15 years,"Asim Heart Clinic, Main Bazaar Road, City Center",3001234567,dr.asim@heartclinic.com,8:00 AM to 7:00 PM,Friday,8 AM,"Yaar, Dr. Asim ko book kar de.","Theek hai, kaunsa din?",137,بکنگ
138,Booking,casual,Sana,Dr. Asim,Cardiologist,1500,"MBBS, MD Cardiology, Fellow of American College of Cardiology",15 years,"Asim Heart Clinic, Main Bazaar Road, City Center",3001234567,dr.asim@heartclinic.com,8:00 AM to 7:00 PM,Tuesday,3 PM,"Yaar, Dr. Asim ko book kar de.","Theek hai, kaunsa din?",138,بکنگ
139,Booking,casual,Farida,Dr. Asim,Cardiologist,1500,"MBBS, MD Cardiology, Fellow of American College of Cardiology",15 years,"Asim Heart Clinic, Main Bazaar Road, City Center",3001234567,dr.asim@heartclinic.com,8:00 AM to 7:00 PM,Friday,11 AM,"Yaar, Dr. Asim ko book kar de.","Theek hai, kaunsa din?",139,بکنگ
140,Booking,casual,Tariq,Dr. Asim,Cardiologist,1500,"MBBS, MD Cardiology, Fellow of American College of Cardiology",15 years,"Asim Heart Clinic, Main Bazaar Road, City Center",3001234567,dr.asim@heartclinic.com,8:00 AM to 7:00 PM,Monday,10 AM,"Yaar, Dr. Asim ko book kar de.","Theek hai, kaunsa din?",140,بکنگ
141,Booking,casual,Salim,Dr. Asim,Cardiologist,1500,"MBBS, MD Cardiology, Fellow of American College of Cardiology",15 years,"Asim Heart Clinic, Main Bazaar Road, City Center",3001234567,dr.asim@heartclinic.com,8:00 AM to 7:00 PM,Friday,5 PM,Dr. Asim se milna hai. Slot do.,"Haan, available slots hain.",141,بکنگ
142,Booking,casual,Amina,Dr. Asim,Cardiologist,1500,"MBBS, MD Cardiology, Fellow of American College of Cardiology",15 years,"Asim Heart Clinic, Main Bazaar Road, City Center",3001234567,dr.asim@heartclinic.com,8:00 AM to 7:00 PM,Wednesday,2 PM,Dr. Asim se milna hai. Slot do.,"Haan, available slots hain.",142,بکنگ
143,Booking,casual,Farida,Dr. Asim,Cardiologist,1500,"MBBS, MD Cardiology, Fellow of American College of Cardiology",15 years,"Asim Heart Clinic, Main Bazaar Road, City Center",3001234567,dr.asim@heartclinic.com,8:00 AM to 7:00 PM,Friday,8 AM,Dr. Asim se milna hai. Slot do.,"Haan, available slots hain.",143,بکنگ
144,Booking,casual,Fatima,Dr. Asim,Cardiologist,1500,"MBBS, MD Cardiology, Fellow of American College of Cardiology",15 years,"Asim Heart Clinic, Main Bazaar Road, City Center",3001234567,dr.asim@heartclinic.com,8:00 AM to 7:00 PM,Monday,3 PM,Dr. Asim se milna hai. Slot do.,"Haan, available slots hain.",144,بکنگ
145,Booking,casual,Rukhsana,Dr. Asim,Cardiologist,1500,"MBBS, MD Cardiology, Fellow of American College of Cardiology",15 years,"Asim Heart Clinic, Main Bazaar Road, City Center",3001234567,dr.asim@heartclinic.com,8:00 AM to 7:00 PM,Tuesday,8 AM,Dr. Asim se milna hai. Slot do.,"Haan, available slots hain.",145,بکنگ
146,Booking,casual,Ayesha,Dr. Asim,Cardiologist,1500,"MBBS, MD Cardiology, Fellow of American College of Cardiology",15 years,"Asim Heart Clinic, Main Bazaar Road, City Center",3001234567,dr.asim@heartclinic.com,8:00 AM to 7:00 PM,Tuesday,11 AM,Dr. Asim se milna hai. Slot do.,"Haan, available slots hain.",146,بکنگ
147,Booking,casual,Sara,Dr. Asim,Cardiologist,1500,"MBBS, MD Cardiology, Fellow of American College of Cardiology",15 years,"Asim Heart Clinic, Main Bazaar Road, City Center",3001234567,dr.asim@heartclinic.com,8:00 AM to 7:00 PM,Thursday,4 PM,Dr. Asim se milna hai. Slot do.,"Haan, available slots hain.",147,بکنگ
148,Booking,casual,Nasrin,Dr. Asim,Cardiologist,1500,"MBBS, MD Cardiology, Fellow of American College of Cardiology",15 years,"Asim Heart Clinic, Main Bazaar Road, City Center",3001234567,dr.asim@heartclinic.com,8:00 AM to 7:00 PM,Monday,8 AM,Dr. Asim se milna hai. Slot do.,"Haan, available slots hain.",148,بکنگ
149,Booking,casual,Tariq,Dr. Asim,Cardiologist,1500,"MBBS, MD Cardiology, Fellow of American College of Cardiology",15 years,"Asim Heart Clinic, Main Bazaar Road, City Center",3001234567,dr.asim@heartclinic.com,8:00 AM to 7:00 PM,Saturday,10 AM,Dr. Asim se milna hai. Slot do.,"Haan, available slots hain.",149,بکنگ
150,Booking,casual,Ahmed,Dr. Asim,Cardiologist,1500,"MBBS, MD Cardiology, Fellow of American College of Cardiology",15 years,"Asim Heart Clinic, Main Bazaar Road, City Center",3001234567,dr.asim@heartclinic.com,8:00 AM to 7:00 PM,Friday,3 PM,Dr. Asim se milna hai. Slot do.,"Haan, available slots hain.",150,بکنگ
151,Booking,casual,Mina,Dr. Asim,Cardiologist,1500,"MBBS, MD Cardiology, Fellow of American College of Cardiology",15 years,"Asim Heart Clinic, Main Bazaar Road, City Center",3001234567,dr.asim@heartclinic.com,8:00 AM to 7:00 PM,Thursday,5 PM,Dr. Asim se milna hai. Slot do.,"Haan, available slots hain.",151,بکنگ
152,Booking,casual,Hassan,Dr. Asim,Cardiologist,1500,"MBBS, MD Cardiology, Fellow of American College of Cardiology",15 years,"Asim Heart Clinic, Main Bazaar Road, City Center",3001234567,dr.asim@heartclinic.com,8:00 AM to 7:00 PM,Wednesday,3 PM,Dr. Asim se milna hai. Slot do.,"Haan, available slots hain.",152,بکنگ
153,Booking,casual,Ali,Dr. Asim,Cardiologist,1500,"MBBS, MD Cardiology, Fellow of American College of Cardiology",15 years,"Asim Heart Clinic, Main Bazaar Road, City Center",3001234567,dr.asim@heartclinic.com,8:00 AM to 7:00 PM,Saturday,5 PM,Dr. Asim se milna hai. Slot do.,"Haan, available slots hain.",153,بکنگ
154,Booking,casual,Aisha,Dr. Asim,Cardiologist,1500,"MBBS, MD Cardiology, Fellow of American College of Cardiology",15 years,"Asim Heart Clinic, Main Bazaar Road, City Center",3001234567,dr.asim@heartclinic.com,8:00 AM to 7:00 PM,Saturday,10 AM,Dr. Asim se milna hai. Slot do.,"Haan, available slots hain.",154,بکنگ
155,Booking,casual,Hassan,Dr. Asim,Cardiologist,1500,"MBBS, MD Cardiology, Fellow of American College of Cardiology",15 years,"Asim Heart Clinic, Main Bazaar Road, City Center",3001234567,dr.asim@heartclinic.com,8:00 AM to 7:00 PM,Wednesday,8 AM,Dr. Asim se milna hai. Slot do.,"Haan, available slots hain.",155,بکنگ
156,Booking,casual,Wasim,Dr. Asim,Cardiologist,1500,"MBBS, MD Cardiology, Fellow of American College of Cardiology",15 years,"Asim Heart Clinic, Main Bazaar Road, City Center",3001234567,dr.asim@heartclinic.com,8:00 AM to 7:00 PM,Friday,11 AM,Dr. Asim se milna hai. Slot do.,"Haan, available slots hain.",156,بکنگ
157,Booking,casual,Bilal,Dr. Asim,Cardiologist,1500,"MBBS, MD Cardiology, Fellow of American College of Cardiology",15 years,"Asim Heart Clinic, Main Bazaar Road, City Center",3001234567,dr.asim@heartclinic.com,8:00 AM to 7:00 PM,Thursday,10 AM,Dr. Asim se milna hai. Slot do.,"Haan, available slots hain.",157,بکنگ
158,Booking,casual,Nida,Dr. Asim,Cardiologist,1500,"MBBS, MD Cardiology, Fellow of American College of Cardiology",15 years,"Asim Heart Clinic, Main Bazaar Road, City Center",3001234567,dr.asim@heartclinic.com,8:00 AM to 7:00 PM,Saturday,8 AM,Dr. Asim se milna hai. Slot do.,"Haan, available slots hain.",158,بکنگ
159,Booking,casual,Bilal,Dr. Asim,Cardiologist,1500,"MBBS, MD Cardiology, Fellow of American College of Cardiology",15 years,"Asim Heart Clinic, Main Bazaar Road, City Center",3001234567,dr.asim@heartclinic.com,8:00 AM to 7:00 PM,Tuesday,10 AM,Dr. Asim se milna hai. Slot do.,"Haan, available slots hain.",159,بکنگ
160,Booking,casual,Zainab,Dr. Asim,Cardiologist,1500,"MBBS, MD Cardiology, Fellow of American College of Cardiology",15 years,"Asim Heart Clinic, Main Bazaar Road, City Center",3001234567,dr.asim@heartclinic.com,8:00 AM to 7:00 PM,Friday,8 AM,Dr. Asim se milna hai. Slot do.,"Haan, available slots hain.",160,بکنگ
161,Booking,casual,Hira,Dr. Asim,Cardiologist,1500,"MBBS, MD Cardiology, Fellow of American College of Cardiology",15 years,"Asim Heart Clinic, Main Bazaar Road, City Center",3001234567,dr.asim@heartclinic.com,8:00 AM to 7:00 PM,Friday,4 PM,"Bhai, Dr. Asim k paas jaana hai appointment.","Bilkul, kab aa sakte ho?",161,بکنگ
162,Booking,casual,Faisal,Dr. Asim,Cardiologist,1500,"MBBS, MD Cardiology, Fellow of American College of Cardiology",15 years,"Asim Heart Clinic, Main Bazaar Road, City Center",3001234567,dr.asim@heartclinic.com,8:00 AM to 7:00 PM,Thursday,10 AM,"Bhai, Dr. Asim k paas jaana hai appointment.","Bilkul, kab aa sakte ho?",162,بکنگ
163,Booking,casual,Fatima,Dr. Asim,Cardiologist,1500,"MBBS, MD Cardiology, Fellow of American College of Cardiology",15 years,"Asim Heart Clinic, Main Bazaar Road, City Center",3001234567,dr.asim@heartclinic.com,8:00 AM to 7:00 PM,Friday,3 PM,"Bhai, Dr. Asim k paas jaana hai appointment.","Bilkul, kab aa sakte ho?",163,بکنگ
164,Booking,casual,Amina,Dr. Asim,Cardiologist,1500,"MBBS, MD Cardiology, Fellow of American College of Cardiology",15 years,"Asim Heart Clinic, Main Bazaar Road, City Center",3001234567,dr.asim@heartclinic.com,8:00 AM to 7:00 PM,Wednesday,10 AM,"Bhai, Dr. Asim k paas jaana hai appointment.","Bilkul, kab aa sakte ho?",164,بکنگ
165,Booking,casual,Faisal,Dr. Asim,Cardiologist,1500,"MBBS, MD Cardiology, Fellow of American College of Cardiology",15 years,"Asim Heart Clinic, Main Bazaar Road, City Center",3001234567,dr.asim@heartclinic.com,8:00 AM to 7:00 PM,Wednesday,11 AM,"Bhai, Dr. Asim k paas jaana hai appointment.","Bilkul, kab aa sakte ho?",165,بکنگ
166,Booking,casual,Mina,Dr. Asim,Cardiologist,1500,"MBBS, MD Cardiology, Fellow of American College of Cardiology",15 years,"Asim Heart Clinic, Main Bazaar Road, City Center",3001234567,dr.asim@heartclinic.com,8:00 AM to 7:00 PM,Thursday,2 PM,"Bhai, Dr. Asim k paas jaana hai appointment.","Bilkul, kab aa sakte ho?",166,بکنگ
167,Booking,casual,Tariq,Dr. Asim,Cardiologist,1500,"MBBS, MD Cardiology, Fellow of American College of Cardiology",15 years,"Asim Heart Clinic, Main Bazaar Road, City Center",3001234567,dr.asim@heartclinic.com,8:00 AM to 7:00 PM,Friday,4 PM,"Bhai, Dr. Asim k paas jaana hai appointment.","Bilkul, kab aa sakte ho?",167,بکنگ
168,Booking,casual,Bilal,Dr. Asim,Cardiologist,1500,"MBBS, MD Cardiology, Fellow of American College of Cardiology",15 years,"Asim Heart Clinic, Main Bazaar Road, City Center",3001234567,dr.asim@heartclinic.com,8:00 AM to 7:00 PM,Tuesday,2 PM,"Bhai, Dr. Asim k paas jaana hai appointment.","Bilkul, kab aa sakte ho?",168,بکنگ
169,Booking,casual,Amina,Dr. Asim,Cardiologist,1500,"MBBS, MD Cardiology, Fellow of American College of Cardiology",15 years,"Asim Heart Clinic, Main Bazaar Road, City Center",3001234567,dr.asim@heartclinic.com,8:00 AM to 7:00 PM,Thursday,10 AM,"Bhai, Dr. Asim k paas jaana hai appointment.","Bilkul, kab aa sakte ho?",169,بکنگ
170,Booking,casual,Bilal,Dr. Asim,Cardiologist,1500,"MBBS, MD Cardiology, Fellow of American College of Cardiology",15 years,"Asim Heart Clinic, Main Bazaar Road, City Center",3001234567,dr.asim@heartclinic.com,8:00 AM to 7:00 PM,Monday,5 PM,"Bhai, Dr. Asim k paas jaana hai appointment.","Bilkul, kab aa sakte ho?",170,بکنگ
171,Booking,casual,Hamza,Dr. Asim,Cardiologist,1500,"MBBS, MD Cardiology, Fellow of American College of Cardiology",15 years,"Asim Heart Clinic, Main Bazaar Road, City Center",3001234567,dr.asim@heartclinic.com,8:00 AM to 7:00 PM,Saturday,8 AM,"Bhai, Dr. Asim k paas jaana hai appointment.","Bilkul, kab aa sakte ho?",171,بکنگ
172,Booking,casual,Malik,Dr. Asim,Cardiologist,1500,"MBBS, MD Cardiology, Fellow of American College of Cardiology",15 years,"Asim Heart Clinic, Main Bazaar Road, City Center",3001234567,dr.asim@heartclinic.com,8:00 AM to 7:00 PM,Wednesday,2 PM,"Bhai, Dr. Asim k paas jaana hai appointment.","Bilkul, kab aa sakte ho?",172,بکنگ
173,Booking,casual,Salim,Dr. Asim,Cardiologist,1500,"MBBS, MD Cardiology, Fellow of American College of Cardiology",15 years,"Asim Heart Clinic, Main Bazaar Road, City Center",3001234567,dr.asim@heartclinic.com,8:00 AM to 7:00 PM,Saturday,3 PM,"Bhai, Dr. Asim k paas jaana hai appointment.","Bilkul, kab aa sakte ho?",173,بکنگ
174,Booking,casual,Zainab,Dr. Asim,Cardiologist,1500,"MBBS, MD Cardiology, Fellow of American College of Cardiology",15 years,"Asim Heart Clinic, Main Bazaar Road, City Center",3001234567,dr.asim@heartclinic.com,8:00 AM to 7:00 PM,Wednesday,8 AM,"Bhai, Dr. Asim k paas jaana hai appointment.","Bilkul, kab aa sakte ho?",174,بکنگ
175,Booking,casual,Karim,Dr. Asim,Cardiologist,1500,"MBBS, MD Cardiology, Fellow of American College of Cardiology",15 years,"Asim Heart Clinic, Main Bazaar Road, City Center",3001234567,dr.asim@heartclinic.com,8:00 AM to 7:00 PM,Thursday,11 AM,"Bhai, Dr. Asim k paas jaana hai appointment.","Bilkul, kab aa sakte ho?",175,بکنگ
176,Booking,casual,Tariq,Dr. Asim,Cardiologist,1500,"MBBS, MD Cardiology, Fellow of American College of Cardiology",15 years,"Asim Heart Clinic, Main Bazaar Road, City Center",3001234567,dr.asim@heartclinic.com,8:00 AM to 7:00 PM,Thursday,4 PM,"Bhai, Dr. Asim k paas jaana hai appointment.","Bilkul, kab aa sakte ho?",176,بکنگ
177,Booking,casual,Mina,Dr. Asim,Cardiologist,1500,"MBBS, MD Cardiology, Fellow of American College of Cardiology",15 years,"Asim Heart Clinic, Main Bazaar Road, City Center",3001234567,dr.asim@heartclinic.com,8:00 AM to 7:00 PM,Wednesday,11 AM,"Bhai, Dr. Asim k paas jaana hai appointment.","Bilkul, kab aa sakte ho?",177,بکنگ
178,Booking,casual,Nida,Dr. Asim,Cardiologist,1500,"MBBS, MD Cardiology, Fellow of American College of Cardiology",15 years,"Asim Heart Clinic, Main Bazaar Road, City Center",3001234567,dr.asim@heartclinic.com,8:00 AM to 7:00 PM,Monday,4 PM,"Bhai, Dr. Asim k paas jaana hai appointment.","Bilkul, kab aa sakte ho?",178,بکنگ
179,Booking,casual,Malik,Dr. Asim,Cardiologist,1500,"MBBS, MD Cardiology, Fellow of American College of Cardiology",15 years,"Asim Heart Clinic, Main Bazaar Road, City Center",3001234567,dr.asim@heartclinic.com,8:00 AM to 7:00 PM,Tuesday,3 PM,"Bhai, Dr. Asim k paas jaana hai appointment.","Bilkul, kab aa sakte ho?",179,بکنگ
180,Booking,casual,Nida,Dr. Asim,Cardiologist,1500,"MBBS, MD Cardiology, Fellow of American College of Cardiology",15 years,"Asim Heart Clinic, Main Bazaar Road, City Center",3001234567,dr.asim@heartclinic.com,8:00 AM to 7:00 PM,Wednesday,3 PM,"Bhai, Dr. Asim k paas jaana hai appointment.","Bilkul, kab aa sakte ho?",180,بکنگ
181,Booking,casual,Nida,Dr. Asim,Cardiologist,1500,"MBBS, MD Cardiology, Fellow of American College of Cardiology",15 years,"Asim Heart Clinic, Main Bazaar Road, City Center",3001234567,dr.asim@heartclinic.com,8:00 AM to 7:00 PM,Friday,9 AM,Dr. Asim se milna urgent hai.,"Bilkul, kal aa sakte ho?",181,بکنگ
182,Booking,casual,Noor,Dr. Asim,Cardiologist,1500,"MBBS, MD Cardiology, Fellow of American College of Cardiology",15 years,"Asim Heart Clinic, Main Bazaar Road, City Center",3001234567,dr.asim@heartclinic.com,8:00 AM to 7:00 PM,Wednesday,2 PM,Dr. Asim se milna urgent hai.,"Bilkul, kal aa sakte ho?",182,بکنگ
183,Booking,casual,Tariq,Dr. Asim,Cardiologist,1500,"MBBS, MD Cardiology, Fellow of American College of Cardiology",15 years,"Asim Heart Clinic, Main Bazaar Road, City Center",3001234567,dr.asim@heartclinic.com,8:00 AM to 7:00 PM,Thursday,8 AM,Dr. Asim se milna urgent hai.,"Bilkul, kal aa sakte ho?",183,بکنگ
184,Booking,casual,Nida,Dr. Asim,Cardiologist,1500,"MBBS, MD Cardiology, Fellow of American College of Cardiology",15 years,"Asim Heart Clinic, Main Bazaar Road, City Center",3001234567,dr.asim@heartclinic.com,8:00 AM to 7:00 PM,Friday,3 PM,Dr. Asim se milna urgent hai.,"Bilkul, kal aa sakte ho?",184,بکنگ
185,Booking,casual,Wasim,Dr. Asim,Cardiologist,1500,"MBBS, MD Cardiology, Fellow of American College of Cardiology",15 years,"Asim Heart Clinic, Main Bazaar Road, City Center",3001234567,dr.asim@heartclinic.com,8:00 AM to 7:00 PM,Thursday,2 PM,Dr. Asim se milna urgent hai.,"Bilkul, kal aa sakte ho?",185,بکنگ
186,Booking,casual,Ayesha,Dr. Asim,Cardiologist,1500,"MBBS, MD Cardiology, Fellow of American College of Cardiology",15 years,"Asim Heart Clinic, Main Bazaar Road, City Center",3001234567,dr.asim@heartclinic.com,8:00 AM to 7:00 PM,Saturday,3 PM,Dr. Asim se milna urgent hai.,"Bilkul, kal aa sakte ho?",186,بکنگ
187,Booking,casual,Hassan,Dr. Asim,Cardiologist,1500,"MBBS, MD Cardiology, Fellow of American College of Cardiology",15 years,"Asim Heart Clinic, Main Bazaar Road, City Center",3001234567,dr.asim@heartclinic.com,8:00 AM to 7:00 PM,Thursday,2 PM,Dr. Asim se milna urgent hai.,"Bilkul, kal aa sakte ho?",187,بکنگ
188,Booking,casual,Hassan,Dr. Asim,Cardiologist,1500,"MBBS, MD Cardiology, Fellow of American College of Cardiology",15 years,"Asim Heart Clinic, Main Bazaar Road, City Center",3001234567,dr.asim@heartclinic.com,8:00 AM to 7:00 PM,Saturday,3 PM,Dr. Asim se milna urgent hai.,"Bilkul, kal aa sakte ho?",188,بکنگ
189,Booking,casual,Hassan,Dr. Asim,Cardiologist,1500,"MBBS, MD Cardiology, Fellow of American College of Cardiology",15 years,"Asim Heart Clinic, Main Bazaar Road, City Center",3001234567,dr.asim@heartclinic.com,8:00 AM to 7:00 PM,Tuesday,11 AM,Dr. Asim se milna urgent hai.,"Bilkul, kal aa sakte ho?",189,بکنگ
190,Booking,casual,Tariq,Dr. Asim,Cardiologist,1500,"MBBS, MD Cardiology, Fellow of American College of Cardiology",15 years,"Asim Heart Clinic, Main Bazaar Road, City Center",3001234567,dr.asim@heartclinic.com,8:00 AM to 7:00 PM,Monday,3 PM,Dr. Asim se milna urgent hai.,"Bilkul, kal aa sakte ho?",190,بکنگ
191,Booking,casual,Mina,Dr. Asim,Cardiologist,1500,"MBBS, MD Cardiology, Fellow of American College of Cardiology",15 years,"Asim Heart Clinic, Main Bazaar Road, City Center",3001234567,dr.asim@heartclinic.com,8:00 AM to 7:00 PM,Wednesday,10 AM,Dr. Asim se milna urgent hai.,"Bilkul, kal aa sakte ho?",191,بکنگ
192,Booking,casual,Zainab,Dr. Asim,Cardiologist,1500,"MBBS, MD Cardiology, Fellow of American College of Cardiology",15 years,"Asim Heart Clinic, Main Bazaar Road, City Center",3001234567,dr.asim@heartclinic.com,8:00 AM to 7:00 PM,Wednesday,9 AM,Dr. Asim se milna urgent hai.,"Bilkul, kal aa sakte ho?",192,بکنگ
193,Booking,casual,Noor,Dr. Asim,Cardiologist,1500,"MBBS, MD Cardiology, Fellow of American College of Cardiology",15 years,"Asim Heart Clinic, Main Bazaar Road, City Center",3001234567,dr.asim@heartclinic.com,8:00 AM to 7:00 PM,Thursday,11 AM,Dr. Asim se milna urgent hai.,"Bilkul, kal aa sakte ho?",193,بکنگ
194,Booking,casual,Rukhsana,Dr. Asim,Cardiologist,1500,"MBBS, MD Cardiology, Fellow of American College of Cardiology",15 years,"Asim Heart Clinic, Main Bazaar Road, City Center",3001234567,dr.asim@heartclinic.com,8:00 AM to 7:00 PM,Friday,3 PM,Dr. Asim se milna urgent hai.,"Bilkul, kal aa sakte ho?",194,بکنگ
195,Booking,casual,Hassan,Dr. Asim,Cardiologist,1500,"MBBS, MD Cardiology, Fellow of American College of Cardiology",15 years,"Asim Heart Clinic, Main Bazaar Road, City Center",3001234567,dr.asim@heartclinic.com,8:00 AM to 7:00 PM,Saturday,10 AM,Dr. Asim se milna urgent hai.,"Bilkul, kal aa sakte ho?",195,بکنگ
196,Booking,casual,Hassan,Dr. Asim,Cardiologist,1500,"MBBS, MD Cardiology, Fellow of American College of Cardiology",15 years,"Asim Heart Clinic, Main Bazaar Road, City Center",3001234567,dr.asim@heartclinic.com,8:00 AM to 7:00 PM,Thursday,3 PM,Dr. Asim se milna urgent hai.,"Bilkul, kal aa sakte ho?",196,بکنگ
197,Booking,casual,Malik,Dr. Asim,Cardiologist,1500,"MBBS, MD Cardiology, Fellow of American College of Cardiology",15 years,"Asim Heart Clinic, Main Bazaar Road, City Center",3001234567,dr.asim@heartclinic.com,8:00 AM to 7:00 PM,Monday,2 PM,Dr. Asim se milna urgent hai.,"Bilkul, kal aa sakte ho?",197,بکنگ
198,Booking,casual,Farida,Dr. Asim,Cardiologist,1500,"MBBS, MD Cardiology, Fellow of American College of Cardiology",15 years,"Asim Heart Clinic, Main Bazaar Road, City Center",3001234567,dr.asim@heartclinic.com,8:00 AM to 7:00 PM,Friday,5 PM,Dr. Asim se milna urgent hai.,"Bilkul, kal aa sakte ho?",198,بکنگ
199,Booking,casual,Rukhsana,Dr. Asim,Cardiologist,1500,"MBBS, MD Cardiology, Fellow of American College of Cardiology",15 years,"Asim Heart Clinic, Main Bazaar Road, City Center",3001234567,dr.asim@heartclinic.com,8:00 AM to 7:00 PM,Saturday,9 AM,Dr. Asim se milna urgent hai.,"Bilkul, kal aa sakte ho?",199,بکنگ
200,Booking,casual,Layla,Dr. Asim,Cardiologist,1500,"MBBS, MD Cardiology, Fellow of American College of Cardiology",15 years,"Asim Heart Clinic, Main Bazaar Road, City Center",3001234567,dr.asim@heartclinic.com,8:00 AM to 7:00 PM,Saturday,8 AM,Dr. Asim se milna urgent hai.,"Bilkul, kal aa sakte ho?",200,بکنگ
201,Booking,elderly,Aisha,Dr. Asim,Cardiologist,1500,"MBBS, MD Cardiology, Fellow of American College of Cardiology",15 years,"Asim Heart Clinic, Main Bazaar Road, City Center",3001234567,dr.asim@heartclinic.com,8:00 AM to 7:00 PM,Friday,8 AM,"Beta, mujhe Dr. Asim se mil na hai.","Bilkul dada, kab aayenge?",201,بکنگ
202,Booking,elderly,Malik,Dr. Asim,Cardiologist,1500,"MBBS, MD Cardiology, Fellow of American College of Cardiology",15 years,"Asim Heart Clinic, Main Bazaar Road, City Center",3001234567,dr.asim@heartclinic.com,8:00 AM to 7:00 PM,Monday,4 PM,"Beta, mujhe Dr. Asim se mil na hai.","Bilkul dada, kab aayenge?",202,بکنگ
203,Booking,elderly,Samir,Dr. Asim,Cardiologist,1500,"MBBS, MD Cardiology, Fellow of American College of Cardiology",15 years,"Asim Heart Clinic, Main Bazaar Road, City Center",3001234567,dr.asim@heartclinic.com,8:00 AM to 7:00 PM,Monday,4 PM,"Beta, mujhe Dr. Asim se mil na hai.","Bilkul dada, kab aayenge?",203,بکنگ
204,Booking,elderly,Malik,Dr. Asim,Cardiologist,1500,"MBBS, MD Cardiology, Fellow of American College of Cardiology",15 years,"Asim Heart Clinic, Main Bazaar Road, City Center",3001234567,dr.asim@heartclinic.com,8:00 AM to 7:00 PM,Wednesday,5 PM,"Beta, mujhe Dr. Asim se mil na hai.","Bilkul dada, kab aayenge?",204,بکنگ
205,Booking,elderly,Wasim,Dr. Asim,Cardiologist,1500,"MBBS, MD Cardiology, Fellow of American College of Cardiology",15 years,"Asim Heart Clinic, Main Bazaar Road, City Center",3001234567,dr.asim@heartclinic.com,8:00 AM to 7:00 PM,Friday,11 AM,"Beta, mujhe Dr. Asim se mil na hai.","Bilkul dada, kab aayenge?",205,بکنگ
206,Booking,elderly,Ahmed,Dr. Asim,Cardiologist,1500,"MBBS, MD Cardiology, Fellow of American College of Cardiology",15 years,"Asim Heart Clinic, Main Bazaar Road, City Center",3001234567,dr.asim@heartclinic.com,8:00 AM to 7:00 PM,Tuesday,3 PM,"Beta, mujhe Dr. Asim se mil na hai.","Bilkul dada, kab aayenge?",206,بکنگ
207,Booking,elderly,Hassan,Dr. Asim,Cardiologist,1500,"MBBS, MD Cardiology, Fellow of American College of Cardiology",15 years,"Asim Heart Clinic, Main Bazaar Road, City Center",3001234567,dr.asim@heartclinic.com,8:00 AM to 7:00 PM,Thursday,5 PM,"Beta, mujhe Dr. Asim se mil na hai.","Bilkul dada, kab aayenge?",207,بکنگ
208,Booking,elderly,Karim,Dr. Asim,Cardiologist,1500,"MBBS, MD Cardiology, Fellow of American College of Cardiology",15 years,"Asim Heart Clinic, Main Bazaar Road, City Center",3001234567,dr.asim@heartclinic.com,8:00 AM to 7:00 PM,Thursday,2 PM,"Beta, mujhe Dr. Asim se mil na hai.","Bilkul dada, kab aayenge?",208,بکنگ
209,Booking,elderly,Noor,Dr. Asim,Cardiologist,1500,"MBBS, MD Cardiology, Fellow of American College of Cardiology",15 years,"Asim Heart Clinic, Main Bazaar Road, City Center",3001234567,dr.asim@heartclinic.com,8:00 AM to 7:00 PM,Thursday,9 AM,"Beta, mujhe Dr. Asim se mil na hai.","Bilkul dada, kab aayenge?",209,بکنگ
210,Booking,elderly,Layla,Dr. Asim,Cardiologist,1500,"MBBS, MD Cardiology, Fellow of American College of Cardiology",15 years,"Asim Heart Clinic, Main Bazaar Road, City Center",3001234567,dr.asim@heartclinic.com,8:00 AM to 7:00 PM,Friday,3 PM,"Beta, mujhe Dr. Asim se mil na hai.","Bilkul dada, kab aayenge?",210,بکنگ
211,Booking,elderly,Sana,Dr. Asim,Cardiologist,1500,"MBBS, MD Cardiology, Fellow of American College of Cardiology",15 years,"Asim Heart Clinic, Main Bazaar Road, City Center",3001234567,dr.asim@heartclinic.com,8:00 AM to 7:00 PM,Thursday,9 AM,"Beta, mujhe Dr. Asim se mil na hai.","Bilkul dada, kab aayenge?",211,بکنگ
212,Booking,elderly,Layla,Dr. Asim,Cardiologist,1500,"MBBS, MD Cardiology, Fellow of American College of Cardiology",15 years,"Asim Heart Clinic, Main Bazaar Road, City Center",3001234567,dr.asim@heartclinic.com,8:00 AM to 7:00 PM,Wednesday,5 PM,"Beta, mujhe Dr. Asim se mil na hai.","Bilkul dada, kab aayenge?",212,بکنگ
213,Booking,elderly,Nida,Dr. Asim,Cardiologist,1500,"MBBS, MD Cardiology, Fellow of American College of Cardiology",15 years,"Asim Heart Clinic, Main Bazaar Road, City Center",3001234567,dr.asim@heartclinic.com,8:00 AM to 7:00 PM,Saturday,9 AM,"Beta, mujhe Dr. Asim se mil na hai.","Bilkul dada, kab aayenge?",213,بکنگ
214,Booking,elderly,Fatima,Dr. Asim,Cardiologist,1500,"MBBS, MD Cardiology, Fellow of American College of Cardiology",15 years,"Asim Heart Clinic, Main Bazaar Road, City Center",3001234567,dr.asim@heartclinic.com,8:00 AM to 7:00 PM,Friday,2 PM,"Beta, mujhe Dr. Asim se mil na hai.","Bilkul dada, kab aayenge?",214,بکنگ
215,Booking,elderly,Fatima,Dr. Asim,Cardiologist,1500,"MBBS, MD Cardiology, Fellow of American College of Cardiology",15 years,"Asim Heart Clinic, Main Bazaar Road, City Center",3001234567,dr.asim@heartclinic.com,8:00 AM to 7:00 PM,Wednesday,8 AM,"Beta, mujhe Dr. Asim se mil na hai.","Bilkul dada, kab aayenge?",215,بکنگ
216,Booking,elderly,Bilal,Dr. Asim,Cardiologist,1500,"MBBS, MD Cardiology, Fellow of American College of Cardiology",15 years,"Asim Heart Clinic, Main Bazaar Road, City Center",3001234567,dr.asim@heartclinic.com,8:00 AM to 7:00 PM,Tuesday,3 PM,"Beta, mujhe Dr. Asim se mil na hai.","Bilkul dada, kab aayenge?",216,بکنگ
217,Booking,elderly,Hassan,Dr. Asim,Cardiologist,1500,"MBBS, MD Cardiology, Fellow of American College of Cardiology",15 years,"Asim Heart Clinic, Main Bazaar Road, City Center",3001234567,dr.asim@heartclinic.com,8:00 AM to 7:00 PM,Tuesday,8 AM,"Beta, mujhe Dr. Asim se mil na hai.","Bilkul dada, kab aayenge?",217,بکنگ
218,Booking,elderly,Hira,Dr. Asim,Cardiologist,1500,"MBBS, MD Cardiology, Fellow of American College of Cardiology",15 years,"Asim Heart Clinic, Main Bazaar Road, City Center",3001234567,dr.asim@heartclinic.com,8:00 AM to 7:00 PM,Friday,4 PM,"Beta, mujhe Dr. Asim se mil na hai.","Bilkul dada, kab aayenge?",218,بکنگ
219,Booking,elderly,Karim,Dr. Asim,Cardiologist,1500,"MBBS, MD Cardiology, Fellow of American College of Cardiology",15 years,"Asim Heart Clinic, Main Bazaar Road, City Center",3001234567,dr.asim@heartclinic.com,8:00 AM to 7:00 PM,Saturday,4 PM,"Beta, mujhe Dr. Asim se mil na hai.","Bilkul dada, kab aayenge?",219,بکنگ
220,Booking,elderly,Nasrin,Dr. Asim,Cardiologist,1500,"MBBS, MD Cardiology, Fellow of American College of Cardiology",15 years,"Asim Heart Clinic, Main Bazaar Road, City Center",3001234567,dr.asim@heartclinic.com,8:00 AM to 7:00 PM,Friday,4 PM,"Beta, mujhe Dr. Asim se mil na hai.","Bilkul dada, kab aayenge?",220,بکنگ
221,Booking,elderly,Noor,Dr. Asim,Cardiologist,1500,"MBBS, MD Cardiology, Fellow of American College of Cardiology",15 years,"Asim Heart Clinic, Main Bazaar Road, City Center",3001234567,dr.asim@heartclinic.com,8:00 AM to 7:00 PM,Tuesday,9 AM,Doctor Dr. Asim ke paas jaana hai.,"Haan haan, book kar dunga.",221,بکنگ
222,Booking,elderly,Hamza,Dr. Asim,Cardiologist,1500,"MBBS, MD Cardiology, Fellow of American College of Cardiology",15 years,"Asim Heart Clinic, Main Bazaar Road, City Center",3001234567,dr.asim@heartclinic.com,8:00 AM to 7:00 PM,Tuesday,9 AM,Doctor Dr. Asim ke paas jaana hai.,"Haan haan, book kar dunga.",222,بکنگ
223,Booking,elderly,Samir,Dr. Asim,Cardiologist,1500,"MBBS, MD Cardiology, Fellow of American College of Cardiology",15 years,"Asim Heart Clinic, Main Bazaar Road, City Center",3001234567,dr.asim@heartclinic.com,8:00 AM to 7:00 PM,Monday,3 PM,Doctor Dr. Asim ke paas jaana hai.,"Haan haan, book kar dunga.",223,بکنگ
224,Booking,elderly,Nasrin,Dr. Asim,Cardiologist,1500,"MBBS, MD Cardiology, Fellow of American College of Cardiology",15 years,"Asim Heart Clinic, Main Bazaar Road, City Center",3001234567,dr.asim@heartclinic.com,8:00 AM to 7:00 PM,Monday,11 AM,Doctor Dr. Asim ke paas jaana hai.,"Haan haan, book kar dunga.",224,بکنگ
225,Booking,elderly,Mina,Dr. Asim,Cardiologist,1500,"MBBS, MD Cardiology, Fellow of American College of Cardiology",15 years,"Asim Heart Clinic, Main Bazaar Road, City Center",3001234567,dr.asim@heartclinic.com,8:00 AM to 7:00 PM,Thursday,3 PM,Doctor Dr. Asim ke paas jaana hai.,"Haan haan, book kar dunga.",225,بکنگ
226,Booking,elderly,Noor,Dr. Asim,Cardiologist,1500,"MBBS, MD Cardiology, Fellow of American College of Cardiology",15 years,"Asim Heart Clinic, Main Bazaar Road, City Center",3001234567,dr.asim@heartclinic.com,8:00 AM to 7:00 PM,Thursday,2 PM,Doctor Dr. Asim ke paas jaana hai.,"Haan haan, book kar dunga.",226,بکنگ
227,Booking,elderly,Mina,Dr. Asim,Cardiologist,1500,"MBBS, MD Cardiology, Fellow of American College of Cardiology",15 years,"Asim Heart Clinic, Main Bazaar Road, City Center",3001234567,dr.asim@heartclinic.com,8:00 AM to 7:00 PM,Wednesday,5 PM,Doctor Dr. Asim ke paas jaana hai.,"Haan haan, book kar dunga.",227,بکنگ
228,Booking,elderly,Faisal,Dr. Asim,Cardiologist,1500,"MBBS, MD Cardiology, Fellow of American College of Cardiology",15 years,"Asim Heart Clinic, Main Bazaar Road, City Center",3001234567,dr.asim@heartclinic.com,8:00 AM to 7:00 PM,Wednesday,11 AM,Doctor Dr. Asim ke paas jaana hai.,"Haan haan, book kar dunga.",228,بکنگ
229,Booking,elderly,Salim,Dr. Asim,Cardiologist,1500,"MBBS, MD Cardiology, Fellow of American College of Cardiology",15 years,"Asim Heart Clinic, Main Bazaar Road, City Center",3001234567,dr.asim@heartclinic.com,8:00 AM to 7:00 PM,Friday,9 AM,Doctor Dr. Asim ke paas jaana hai.,"Haan haan, book kar dunga.",229,بکنگ
230,Booking,elderly,Usman,Dr. Asim,Cardiologist,1500,"MBBS, MD Cardiology, Fellow of American College of Cardiology",15 years,"Asim Heart Clinic, Main Bazaar Road, City Center",3001234567,dr.asim@heartclinic.com,8:00 AM to 7:00 PM,Tuesday,2 PM,Doctor Dr. Asim ke paas jaana hai.,"Haan haan, book kar dunga.",230,بکنگ
231,Booking,elderly,Ahmed,Dr. Asim,Cardiologist,1500,"MBBS, MD Cardiology, Fellow of American College of Cardiology",15 years,"Asim Heart Clinic, Main Bazaar Road, City Center",3001234567,dr.asim@heartclinic.com,8:00 AM to 7:00 PM,Thursday,2 PM,Doctor Dr. Asim ke paas jaana hai.,"Haan haan, book kar dunga.",231,بکنگ
232,Booking,elderly,Samir,Dr. Asim,Cardiologist,1500,"MBBS, MD Cardiology, Fellow of American College of Cardiology",15 years,"Asim Heart Clinic, Main Bazaar Road, City Center",3001234567,dr.asim@heartclinic.com,8:00 AM to 7:00 PM,Saturday,8 AM,Doctor Dr. Asim ke paas jaana hai.,"Haan haan, book kar dunga.",232,بکنگ
233,Booking,elderly,Hira,Dr. Asim,Cardiologist,1500,"MBBS, MD Cardiology, Fellow of American College of Cardiology",15 years,"Asim Heart Clinic, Main Bazaar Road, City Center",3001234567,dr.asim@heartclinic.com,8:00 AM to 7:00 PM,Friday,5 PM,Doctor Dr. Asim ke paas jaana hai.,"Haan haan, book kar dunga.",233,بکنگ
234,Booking,elderly,Ali,Dr. Asim,Cardiologist,1500,"MBBS, MD Cardiology, Fellow of American College of Cardiology",15 years,"Asim Heart Clinic, Main Bazaar Road, City Center",3001234567,dr.asim@heartclinic.com,8:00 AM to 7:00 PM,Saturday,10 AM,Doctor Dr. Asim ke paas jaana hai.,"Haan haan, book kar dunga.",234,بکنگ
235,Booking,elderly,Hassan,Dr. Asim,Cardiologist,1500,"MBBS, MD Cardiology, Fellow of American College of Cardiology",15 years,"Asim Heart Clinic, Main Bazaar Road, City Center",3001234567,dr.asim@heartclinic.com,8:00 AM to 7:00 PM,Saturday,5 PM,Doctor Dr. Asim ke paas jaana hai.,"Haan haan, book kar dunga.",235,بکنگ
236,Booking,elderly,Nasrin,Dr. Asim,Cardiologist,1500,"MBBS, MD Cardiology, Fellow of American College of Cardiology",15 years,"Asim Heart Clinic, Main Bazaar Road, City Center",3001234567,dr.asim@heartclinic.com,8:00 AM to 7:00 PM,Friday,8 AM,Doctor Dr. Asim ke paas jaana hai.,"Haan haan, book kar dunga.",236,بکنگ
237,Booking,elderly,Ali,Dr. Asim,Cardiologist,1500,"MBBS, MD Cardiology, Fellow of American College of Cardiology",15 years,"Asim Heart Clinic, Main Bazaar Road, City Center",3001234567,dr.asim@heartclinic.com,8:00 AM to 7:00 PM,Saturday,10 AM,Doctor Dr. Asim ke paas jaana hai.,"Haan haan, book kar dunga.",237,بکنگ
238,Booking,elderly,Layla,Dr. Asim,Cardiologist,1500,"MBBS, MD Cardiology, Fellow of American College of Cardiology",15 years,"Asim Heart Clinic, Main Bazaar Road, City Center",3001234567,dr.asim@heartclinic.com,8:00 AM to 7:00 PM,Friday,11 AM,Doctor Dr. Asim ke paas jaana hai.,"Haan haan, book kar dunga.",238,بکنگ
239,Booking,elderly,Mina,Dr. Asim,Cardiologist,1500,"MBBS, MD Cardiology, Fellow of American College of Cardiology",15 years,"Asim Heart Clinic, Main Bazaar Road, City Center",3001234567,dr.asim@heartclinic.com,8:00 AM to 7:00 PM,Monday,10 AM,Doctor Dr. Asim ke paas jaana hai.,"Haan haan, book kar dunga.",239,بکنگ
240,Booking,elderly,Sana,Dr. Asim,Cardiologist,1500,"MBBS, MD Cardiology, Fellow of American College of Cardiology",15 years,"Asim Heart Clinic, Main Bazaar Road, City Center",3001234567,dr.asim@heartclinic.com,8:00 AM to 7:00 PM,Monday,5 PM,Doctor Dr. Asim ke paas jaana hai.,"Haan haan, book kar dunga.",240,بکنگ
241,Booking,elderly,Usman,Dr. Asim,Cardiologist,1500,"MBBS, MD Cardiology, Fellow of American College of Cardiology",15 years,"Asim Heart Clinic, Main Bazaar Road, City Center",3001234567,dr.asim@heartclinic.com,8:00 AM to 7:00 PM,Tuesday,11 AM,Appointment de do beta Dr. Asim ki.,"Theek hai, kaunsa din?",241,بکنگ
242,Booking,elderly,Hassan,Dr. Asim,Cardiologist,1500,"MBBS, MD Cardiology, Fellow of American College of Cardiology",15 years,"Asim Heart Clinic, Main Bazaar Road, City Center",3001234567,dr.asim@heartclinic.com,8:00 AM to 7:00 PM,Saturday,3 PM,Appointment de do beta Dr. Asim ki.,"Theek hai, kaunsa din?",242,بکنگ
243,Booking,elderly,Hassan,Dr. Asim,Cardiologist,1500,"MBBS, MD Cardiology, Fellow of American College of Cardiology",15 years,"Asim Heart Clinic, Main Bazaar Road, City Center",3001234567,dr.asim@heartclinic.com,8:00 AM to 7:00 PM,Friday,4 PM,Appointment de do beta Dr. Asim ki.,"Theek hai, kaunsa din?",243,بکنگ
244,Booking,elderly,Zainab,Dr. Asim,Cardiologist,1500,"MBBS, MD Cardiology, Fellow of American College of Cardiology",15 years,"Asim Heart Clinic, Main Bazaar Road, City Center",3001234567,dr.asim@heartclinic.com,8:00 AM to 7:00 PM,Wednesday,4 PM,Appointment de do beta Dr. Asim ki.,"Theek hai, kaunsa din?",244,بکنگ
245,Booking,elderly,Fatima,Dr. Asim,Cardiologist,1500,"MBBS, MD Cardiology, Fellow of American College of Cardiology",15 years,"Asim Heart Clinic, Main Bazaar Road, City Center",3001234567,dr.asim@heartclinic.com,8:00 AM to 7:00 PM,Thursday,2 PM,Appointment de do beta Dr. Asim ki.,"Theek hai, kaunsa din?",245,بکنگ
246,Booking,elderly,Wasim,Dr. Asim,Cardiologist,1500,"MBBS, MD Cardiology, Fellow of American College of Cardiology",15 years,"Asim Heart Clinic, Main Bazaar Road, City Center",3001234567,dr.asim@heartclinic.com,8:00 AM to 7:00 PM,Saturday,8 AM,Appointment de do beta Dr. Asim ki.,"Theek hai, kaunsa din?",246,بکنگ
247,Booking,elderly,Ahmed,Dr. Asim,Cardiologist,1500,"MBBS, MD Cardiology, Fellow of American College of Cardiology",15 years,"Asim Heart Clinic, Main Bazaar Road, City Center",3001234567,dr.asim@heartclinic.com,8:00 AM to 7:00 PM,Wednesday,8 AM,Appointment de do beta Dr. Asim ki.,"Theek hai, kaunsa din?",247,بکنگ
248,Booking,elderly,Malik,Dr. Asim,Cardiologist,1500,"MBBS, MD Cardiology, Fellow of American College of Cardiology",15 years,"Asim Heart Clinic, Main Bazaar Road, City Center",3001234567,dr.asim@heartclinic.com,8:00 AM to 7:00 PM,Saturday,4 PM,Appointment de do beta Dr. Asim ki.,"Theek hai, kaunsa din?",248,بکنگ
249,Booking,elderly,Nasrin,Dr. Asim,Cardiologist,1500,"MBBS, MD Cardiology, Fellow of American College of Cardiology",15 years,"Asim Heart Clinic, Main Bazaar Road, City Center",3001234567,dr.asim@heartclinic.com,8:00 AM to 7:00 PM,Monday,5 PM,Appointment de do beta Dr. Asim ki.,"Theek hai, kaunsa din?",249,بکنگ
250,Booking,elderly,Usman,Dr. Asim,Cardiologist,1500,"MBBS, MD Cardiology, Fellow of American College of Cardiology",15 years,"Asim Heart Clinic, Main Bazaar Road, City Center",3001234567,dr.asim@heartclinic.com,8:00 AM to 7:00 PM,Thursday,9 AM,Appointment de do beta Dr. Asim ki.,"Theek hai, kaunsa din?",250,بکنگ
251,Booking,elderly,Rashid,Dr. Asim,Cardiologist,1500,"MBBS, MD Cardiology, Fellow of American College of Cardiology",15 years,"Asim Heart Clinic, Main Bazaar Road, City Center",3001234567,dr.asim@heartclinic.com,8:00 AM to 7:00 PM,Thursday,2 PM,Appointment de do beta Dr. Asim ki.,"Theek hai, kaunsa din?",251,بکنگ
252,Booking,elderly,Hassan,Dr. Asim,Cardiologist,1500,"MBBS, MD Cardiology, Fellow of American College of Cardiology",15 years,"Asim Heart Clinic, Main Bazaar Road, City Center",3001234567,dr.asim@heartclinic.com,8:00 AM to 7:00 PM,Saturday,11 AM,Appointment de do beta Dr. Asim ki.,"Theek hai, kaunsa din?",252,بکنگ
253,Booking,elderly,Farida,Dr. Asim,Cardiologist,1500,"MBBS, MD Cardiology, Fellow of American College of Cardiology",15 years,"Asim Heart Clinic, Main Bazaar Road, City Center",3001234567,dr.asim@heartclinic.com,8:00 AM to 7:00 PM,Monday,4 PM,Appointment de do beta Dr. Asim ki.,"Theek hai, kaunsa din?",253,بکنگ
254,Booking,elderly,Usman,Dr. Asim,Cardiologist,1500,"MBBS, MD Cardiology, Fellow of American College of Cardiology",15 years,"Asim Heart Clinic, Main Bazaar Road, City Center",3001234567,dr.asim@heartclinic.com,8:00 AM to 7:00 PM,Friday,10 AM,Appointment de do beta Dr. Asim ki.,"Theek hai, kaunsa din?",254,بکنگ
255,Booking,elderly,Samir,Dr. Asim,Cardiologist,1500,"MBBS, MD Cardiology, Fellow of American College of Cardiology",15 years,"Asim Heart Clinic, Main Bazaar Road, City Center",3001234567,dr.asim@heartclinic.com,8:00 AM to 7:00 PM,Saturday,5 PM,Appointment de do beta Dr. Asim ki.,"Theek hai, kaunsa din?",255,بکنگ
256,Booking,elderly,Samir,Dr. Asim,Cardiologist,1500,"MBBS, MD Cardiology, Fellow of American College of Cardiology",15 years,"Asim Heart Clinic, Main Bazaar Road, City Center",3001234567,dr.asim@heartclinic.com,8:00 AM to 7:00 PM,Saturday,2 PM,Appointment de do beta Dr. Asim ki.,"Theek hai, kaunsa din?",256,بکنگ
257,Booking,elderly,Bilal,Dr. Asim,Cardiologist,1500,"MBBS, MD Cardiology, Fellow of American College of Cardiology",15 years,"Asim Heart Clinic, Main Bazaar Road, City Center",3001234567,dr.asim@heartclinic.com,8:00 AM to 7:00 PM,Thursday,5 PM,Appointment de do beta Dr. Asim ki.,"Theek hai, kaunsa din?",257,بکنگ
258,Booking,elderly,Ayesha,Dr. Asim,Cardiologist,1500,"MBBS, MD Cardiology, Fellow of American College of Cardiology",15 years,"Asim Heart Clinic, Main Bazaar Road, City Center",3001234567,dr.asim@heartclinic.com,8:00 AM to 7:00 PM,Friday,2 PM,Appointment de do beta Dr. Asim ki.,"Theek hai, kaunsa din?",258,بکنگ
259,Booking,elderly,Ayesha,Dr. Asim,Cardiologist,1500,"MBBS, MD Cardiology, Fellow of American College of Cardiology",15 years,"Asim Heart Clinic, Main Bazaar Road, City Center",3001234567,dr.asim@heartclinic.com,8:00 AM to 7:00 PM,Saturday,11 AM,Appointment de do beta Dr. Asim ki.,"Theek hai, kaunsa din?",259,بکنگ
260,Booking,elderly,Bilal,Dr. Asim,Cardiologist,1500,"MBBS, MD Cardiology, Fellow of American College of Cardiology",15 years,"Asim Heart Clinic, Main Bazaar Road, City Center",3001234567,dr.asim@heartclinic.com,8:00 AM to 7:00 PM,Friday,11 AM,Appointment de do beta Dr. Asim ki.,"Theek hai, kaunsa din?",260,بکنگ
261,Booking,elderly,Sana,Dr. Asim,Cardiologist,1500,"MBBS, MD Cardiology, Fellow of American College of Cardiology",15 years,"Asim Heart Clinic, Main Bazaar Road, City Center",3001234567,dr.asim@heartclinic.com,8:00 AM to 7:00 PM,Friday,5 PM,Mere liye Dr. Asim se milwao beta.,"Bilkul, kab aa sakte ho?",261,بکنگ
262,Booking,elderly,Sara,Dr. Asim,Cardiologist,1500,"MBBS, MD Cardiology, Fellow of American College of Cardiology",15 years,"Asim Heart Clinic, Main Bazaar Road, City Center",3001234567,dr.asim@heartclinic.com,8:00 AM to 7:00 PM,Wednesday,10 AM,Mere liye Dr. Asim se milwao beta.,"Bilkul, kab aa sakte ho?",262,بکنگ
263,Booking,elderly,Hassan,Dr. Asim,Cardiologist,1500,"MBBS, MD Cardiology, Fellow of American College of Cardiology",15 years,"Asim Heart Clinic, Main Bazaar Road, City Center",3001234567,dr.asim@heartclinic.com,8:00 AM to 7:00 PM,Wednesday,8 AM,Mere liye Dr. Asim se milwao beta.,"Bilkul, kab aa sakte ho?",263,بکنگ
264,Booking,elderly,Amina,Dr. Asim,Cardiologist,1500,"MBBS, MD Cardiology, Fellow of American College of Cardiology",15 years,"Asim Heart Clinic, Main Bazaar Road, City Center",3001234567,dr.asim@heartclinic.com,8:00 AM to 7:00 PM,Saturday,10 AM,Mere liye Dr. Asim se milwao beta.,"Bilkul, kab aa sakte ho?",264,بکنگ
265,Booking,elderly,Hira,Dr. Asim,Cardiologist,1500,"MBBS, MD Cardiology, Fellow of American College of Cardiology",15 years,"Asim Heart Clinic, Main Bazaar Road, City Center",3001234567,dr.asim@heartclinic.com,8:00 AM to 7:00 PM,Saturday,2 PM,Mere liye Dr. Asim se milwao beta.,"Bilkul, kab aa sakte ho?",265,بکنگ
266,Booking,elderly,Ali,Dr. Asim,Cardiologist,1500,"MBBS, MD Cardiology, Fellow of American College of Cardiology",15 years,"Asim Heart Clinic, Main Bazaar Road, City Center",3001234567,dr.asim@heartclinic.com,8:00 AM to 7:00 PM,Saturday,2 PM,Mere liye Dr. Asim se milwao beta.,"Bilkul, kab aa sakte ho?",266,بکنگ
267,Booking,elderly,Bilal,Dr. Asim,Cardiologist,1500,"MBBS, MD Cardiology, Fellow of American College of Cardiology",15 years,"Asim Heart Clinic, Main Bazaar Road, City Center",3001234567,dr.asim@heartclinic.com,8:00 AM to 7:00 PM,Tuesday,8 AM,Mere liye Dr. Asim se milwao beta.,"Bilkul, kab aa sakte ho?",267,بکنگ
268,Booking,elderly,Noor,Dr. Asim,Cardiologist,1500,"MBBS, MD Cardiology, Fellow of American College of Cardiology",15 years,"Asim Heart Clinic, Main Bazaar Road, City Center",3001234567,dr.asim@heartclinic.com,8:00 AM to 7:00 PM,Saturday,8 AM,Mere liye Dr. Asim se milwao beta.,"Bilkul, kab aa sakte ho?",268,بکنگ
269,Booking,elderly,Hamza,Dr. Asim,Cardiologist,1500,"MBBS, MD Cardiology, Fellow of American College of Cardiology",15 years,"Asim Heart Clinic, Main Bazaar Road, City Center",3001234567,dr.asim@heartclinic.com,8:00 AM to 7:00 PM,Thursday,10 AM,Mere liye Dr. Asim se milwao beta.,"Bilkul, kab aa sakte ho?",269,بکنگ
270,Booking,elderly,Sara,Dr. Asim,Cardiologist,1500,"MBBS, MD Cardiology, Fellow of American College of Cardiology",15 years,"Asim Heart Clinic, Main Bazaar Road, City Center",3001234567,dr.asim@heartclinic.com,8:00 AM to 7:00 PM,Monday,3 PM,Mere liye Dr. Asim se milwao beta.,"Bilkul, kab aa sakte ho?",270,بکنگ
271,Booking,elderly,Samir,Dr. Asim,Cardiologist,1500,"MBBS, MD Cardiology, Fellow of American College of Cardiology",15 years,"Asim Heart Clinic, Main Bazaar Road, City Center",3001234567,dr.asim@heartclinic.com,8:00 AM to 7:00 PM,Wednesday,5 PM,Mere liye Dr. Asim se milwao beta.,"Bilkul, kab aa sakte ho?",271,بکنگ
272,Booking,elderly,Usman,Dr. Asim,Cardiologist,1500,"MBBS, MD Cardiology, Fellow of American College of Cardiology",15 years,"Asim Heart Clinic, Main Bazaar Road, City Center",3001234567,dr.asim@heartclinic.com,8:00 AM to 7:00 PM,Thursday,10 AM,Mere liye Dr. Asim se milwao beta.,"Bilkul, kab aa sakte ho?",272,بکنگ
273,Booking,elderly,Faisal,Dr. Asim,Cardiologist,1500,"MBBS, MD Cardiology, Fellow of American College of Cardiology",15 years,"Asim Heart Clinic, Main Bazaar Road, City Center",3001234567,dr.asim@heartclinic.com,8:00 AM to 7:00 PM,Wednesday,3 PM,Mere liye Dr. Asim se milwao beta.,"Bilkul, kab aa sakte ho?",273,بکنگ
274,Booking,elderly,Hira,Dr. Asim,Cardiologist,1500,"MBBS, MD Cardiology, Fellow of American College of Cardiology",15 years,"Asim Heart Clinic, Main Bazaar Road, City Center",3001234567,dr.asim@heartclinic.com,8:00 AM to 7:00 PM,Monday,8 AM,Mere liye Dr. Asim se milwao beta.,"Bilkul, kab aa sakte ho?",274,بکنگ
275,Booking,elderly,Ayesha,Dr. Asim,Cardiologist,1500,"MBBS, MD Cardiology, Fellow of American College of Cardiology",15 years,"Asim Heart Clinic, Main Bazaar Road, City Center",3001234567,dr.asim@heartclinic.com,8:00 AM to 7:00 PM,Thursday,3 PM,Mere liye Dr. Asim se milwao beta.,"Bilkul, kab aa sakte ho?",275,بکنگ
276,Booking,elderly,Aisha,Dr. Asim,Cardiologist,1500,"MBBS, MD Cardiology, Fellow of American College of Cardiology",15 years,"Asim Heart Clinic, Main Bazaar Road, City Center",3001234567,dr.asim@heartclinic.com,8:00 AM to 7:00 PM,Wednesday,4 PM,Mere liye Dr. Asim se milwao beta.,"Bilkul, kab aa sakte ho?",276,بکنگ
277,Booking,elderly,Salim,Dr. Asim,Cardiologist,1500,"MBBS, MD Cardiology, Fellow of American College of Cardiology",15 years,"Asim Heart Clinic, Main Bazaar Road, City Center",3001234567,dr.asim@heartclinic.com,8:00 AM to 7:00 PM,Wednesday,11 AM,Mere liye Dr. Asim se milwao beta.,"Bilkul, kab aa sakte ho?",277,بکنگ
278,Booking,elderly,Sana,Dr. Asim,Cardiologist,1500,"MBBS, MD Cardiology, Fellow of American College of Cardiology",15 years,"Asim Heart Clinic, Main Bazaar Road, City Center",3001234567,dr.asim@heartclinic.com,8:00 AM to 7:00 PM,Tuesday,11 AM,Mere liye Dr. Asim se milwao beta.,"Bilkul, kab aa sakte ho?",278,بکنگ
279,Booking,elderly,Wasim,Dr. Asim,Cardiologist,1500,"MBBS, MD Cardiology, Fellow of American College of Cardiology",15 years,"Asim Heart Clinic, Main Bazaar Road, City Center",3001234567,dr.asim@heartclinic.com,8:00 AM to 7:00 PM,Wednesday,9 AM,Mere liye Dr. Asim se milwao beta.,"Bilkul, kab aa sakte ho?",279,بکنگ
280,Booking,elderly,Ahmed,Dr. Asim,Cardiologist,1500,"MBBS, MD Cardiology, Fellow of American College of Cardiology",15 years,"Asim Heart Clinic, Main Bazaar Road, City Center",3001234567,dr.asim@heartclinic.com,8:00 AM to 7:00 PM,Tuesday,9 AM,Mere liye Dr. Asim se milwao beta.,"Bilkul, kab aa sakte ho?",280,بکنگ
281,Booking,elderly,Aisha,Dr. Asim,Cardiologist,1500,"MBBS, MD Cardiology, Fellow of American College of Cardiology",15 years,"Asim Heart Clinic, Main Bazaar Road, City Center",3001234567,dr.asim@heartclinic.com,8:00 AM to 7:00 PM,Saturday,5 PM,"Heart mein problem hai, Dr. Asim ko dikhana hai.","Bilkul dada, Sunday ko?",281,بکنگ
282,Booking,elderly,Noor,Dr. Asim,Cardiologist,1500,"MBBS, MD Cardiology, Fellow of American College of Cardiology",15 years,"Asim Heart Clinic, Main Bazaar Road, City Center",3001234567,dr.asim@heartclinic.com,8:00 AM to 7:00 PM,Monday,5 PM,"Heart mein problem hai, Dr. Asim ko dikhana hai.","Bilkul dada, Sunday ko?",282,بکنگ
283,Booking,elderly,Nida,Dr. Asim,Cardiologist,1500,"MBBS, MD Cardiology, Fellow of American College of Cardiology",15 years,"Asim Heart Clinic, Main Bazaar Road, City Center",3001234567,dr.asim@heartclinic.com,8:00 AM to 7:00 PM,Tuesday,9 AM,"Heart mein problem hai, Dr. Asim ko dikhana hai.","Bilkul dada, Sunday ko?",283,بکنگ
284,Booking,elderly,Nasrin,Dr. Asim,Cardiologist,1500,"MBBS, MD Cardiology, Fellow of American College of Cardiology",15 years,"Asim Heart Clinic, Main Bazaar Road, City Center",3001234567,dr.asim@heartclinic.com,8:00 AM to 7:00 PM,Wednesday,11 AM,"Heart mein problem hai, Dr. Asim ko dikhana hai.","Bilkul dada, Sunday ko?",284,بکنگ
285,Booking,elderly,Nida,Dr. Asim,Cardiologist,1500,"MBBS, MD Cardiology, Fellow of American College of Cardiology",15 years,"Asim Heart Clinic, Main Bazaar Road, City Center",3001234567,dr.asim@heartclinic.com,8:00 AM to 7:00 PM,Friday,3 PM,"Heart mein problem hai, Dr. Asim ko dikhana hai.","Bilkul dada, Sunday ko?",285,بکنگ
286,Booking,elderly,Noor,Dr. Asim,Cardiologist,1500,"MBBS, MD Cardiology, Fellow of American College of Cardiology",15 years,"Asim Heart Clinic, Main Bazaar Road, City Center",3001234567,dr.asim@heartclinic.com,8:00 AM to 7:00 PM,Monday,3 PM,"Heart mein problem hai, Dr. Asim ko dikhana hai.","Bilkul dada, Sunday ko?",286,بکنگ
287,Booking,elderly,Rashid,Dr. Asim,Cardiologist,1500,"MBBS, MD Cardiology, Fellow of American College of Cardiology",15 years,"Asim Heart Clinic, Main Bazaar Road, City Center",3001234567,dr.asim@heartclinic.com,8:00 AM to 7:00 PM,Tuesday,10 AM,"Heart mein problem hai, Dr. Asim ko dikhana hai.","Bilkul dada, Sunday ko?",287,بکنگ
288,Booking,elderly,Rashid,Dr. Asim,Cardiologist,1500,"MBBS, MD Cardiology, Fellow of American College of Cardiology",15 years,"Asim Heart Clinic, Main Bazaar Road, City Center",3001234567,dr.asim@heartclinic.com,8:00 AM to 7:00 PM,Saturday,4 PM,"Heart mein problem hai, Dr. Asim ko dikhana hai.","Bilkul dada, Sunday ko?",288,بکنگ
289,Booking,elderly,Sara,Dr. Asim,Cardiologist,1500,"MBBS, MD Cardiology, Fellow of American College of Cardiology",15 years,"Asim Heart Clinic, Main Bazaar Road, City Center",3001234567,dr.asim@heartclinic.com,8:00 AM to 7:00 PM,Thursday,10 AM,"Heart mein problem hai, Dr. Asim ko dikhana hai.","Bilkul dada, Sunday ko?",289,بکنگ
290,Booking,elderly,Hamza,Dr. Asim,Cardiologist,1500,"MBBS, MD Cardiology, Fellow of American College of Cardiology",15 years,"Asim Heart Clinic, Main Bazaar Road, City Center",3001234567,dr.asim@heartclinic.com,8:00 AM to 7:00 PM,Tuesday,2 PM,"Heart mein problem hai, Dr. Asim ko dikhana hai.","Bilkul dada, Sunday ko?",290,بکنگ
291,Booking,elderly,Hassan,Dr. Asim,Cardiologist,1500,"MBBS, MD Cardiology, Fellow of American College of Cardiology",15 years,"Asim Heart Clinic, Main Bazaar Road, City Center",3001234567,dr.asim@heartclinic.com,8:00 AM to 7:00 PM,Monday,4 PM,"Heart mein problem hai, Dr. Asim ko dikhana hai.","Bilkul dada, Sunday ko?",291,بکنگ
292,Booking,elderly,Nida,Dr. Asim,Cardiologist,1500,"MBBS, MD Cardiology, Fellow of American College of Cardiology",15 years,"Asim Heart Clinic, Main Bazaar Road, City Center",3001234567,dr.asim@heartclinic.com,8:00 AM to 7:00 PM,Wednesday,10 AM,"Heart mein problem hai, Dr. Asim ko dikhana hai.","Bilkul dada, Sunday ko?",292,بکنگ
293,Booking,elderly,Salim,Dr. Asim,Cardiologist,1500,"MBBS, MD Cardiology, Fellow of American College of Cardiology",15 years,"Asim Heart Clinic, Main Bazaar Road, City Center",3001234567,dr.asim@heartclinic.com,8:00 AM to 7:00 PM,Wednesday,10 AM,"Heart mein problem hai, Dr. Asim ko dikhana hai.","Bilkul dada, Sunday ko?",293,بکنگ
294,Booking,elderly,Hira,Dr. Asim,Cardiologist,1500,"MBBS, MD Cardiology, Fellow of American College of Cardiology",15 years,"Asim Heart Clinic, Main Bazaar Road, City Center",3001234567,dr.asim@heartclinic.com,8:00 AM to 7:00 PM,Friday,5 PM,"Heart mein problem hai, Dr. Asim ko dikhana hai.","Bilkul dada, Sunday ko?",294,بکنگ
295,Booking,elderly,Mina,Dr. Asim,Cardiologist,1500,"MBBS, MD Cardiology, Fellow of American College of Cardiology",15 years,"Asim Heart Clinic, Main Bazaar Road, City Center",3001234567,dr.asim@heartclinic.com,8:00 AM to 7:00 PM,Wednesday,2 PM,"Heart mein problem hai, Dr. Asim ko dikhana hai.","Bilkul dada, Sunday ko?",295,بکنگ
296,Booking,elderly,Ahmed,Dr. Asim,Cardiologist,1500,"MBBS, MD Cardiology, Fellow of American College of Cardiology",15 years,"Asim Heart Clinic, Main Bazaar Road, City Center",3001234567,dr.asim@heartclinic.com,8:00 AM to 7:00 PM,Tuesday,5 PM,"Heart mein problem hai, Dr. Asim ko dikhana hai.","Bilkul dada, Sunday ko?",296,بکنگ
297,Booking,elderly,Sana,Dr. Asim,Cardiologist,1500,"MBBS, MD Cardiology, Fellow of American College of Cardiology",15 years,"Asim Heart Clinic, Main Bazaar Road, City Center",3001234567,dr.asim@heartclinic.com,8:00 AM to 7:00 PM,Tuesday,8 AM,"Heart mein problem hai, Dr. Asim ko dikhana hai.","Bilkul dada, Sunday ko?",297,بکنگ
298,Booking,elderly,Tariq,Dr. Asim,Cardiologist,1500,"MBBS, MD Cardiology, Fellow of American College of Cardiology",15 years,"Asim Heart Clinic, Main Bazaar Road, City Center",3001234567,dr.asim@heartclinic.com,8:00 AM to 7:00 PM,Wednesday,11 AM,"Heart mein problem hai, Dr. Asim ko dikhana hai.","Bilkul dada, Sunday ko?",298,بکنگ
299,Booking,elderly,Salim,Dr. Asim,Cardiologist,1500,"MBBS, MD Cardiology, Fellow of American College of Cardiology",15 years,"Asim Heart Clinic, Main Bazaar Road, City Center",3001234567,dr.asim@heartclinic.com,8:00 AM to 7:00 PM,Friday,9 AM,"Heart mein problem hai, Dr. Asim ko dikhana hai.","Bilkul dada, Sunday ko?",299,بکنگ
300,Booking,elderly,Layla,Dr. Asim,Cardiologist,1500,"MBBS, MD Cardiology, Fellow of American College of Cardiology",15 years,"Asim Heart Clinic, Main Bazaar Road, City Center",3001234567,dr.asim@heartclinic.com,8:00 AM to 7:00 PM,Monday,10 AM,"Heart mein problem hai, Dr. Asim ko dikhana hai.","Bilkul dada, Sunday ko?",300,بکنگ
301,Booking,urgent,Faisal,Dr. Asim,Cardiologist,1500,"MBBS, MD Cardiology, Fellow of American College of Cardiology",15 years,"Asim Heart Clinic, Main Bazaar Road, City Center",3001234567,dr.asim@heartclinic.com,8:00 AM to 7:00 PM,Wednesday,9 AM,I need Dr. Asim immediately!,What's the issue? Can you come today?,301,بکنگ
302,Booking,urgent,Hamza,Dr. Asim,Cardiologist,1500,"MBBS, MD Cardiology, Fellow of American College of Cardiology",15 years,"Asim Heart Clinic, Main Bazaar Road, City Center",3001234567,dr.asim@heartclinic.com,8:00 AM to 7:00 PM,Tuesday,8 AM,I need Dr. Asim immediately!,What's the issue? Can you come today?,302,بکنگ
303,Booking,urgent,Ahmed,Dr. Asim,Cardiologist,1500,"MBBS, MD Cardiology, Fellow of American College of Cardiology",15 years,"Asim Heart Clinic, Main Bazaar Road, City Center",3001234567,dr.asim@heartclinic.com,8:00 AM to 7:00 PM,Tuesday,2 PM,I need Dr. Asim immediately!,What's the issue? Can you come today?,303,بکنگ
304,Booking,urgent,Bilal,Dr. Asim,Cardiologist,1500,"MBBS, MD Cardiology, Fellow of American College of Cardiology",15 years,"Asim Heart Clinic, Main Bazaar Road, City Center",3001234567,dr.asim@heartclinic.com,8:00 AM to 7:00 PM,Tuesday,10 AM,I need Dr. Asim immediately!,What's the issue? Can you come today?,304,بکنگ
305,Booking,urgent,Wasim,Dr. Asim,Cardiologist,1500,"MBBS, MD Cardiology, Fellow of American College of Cardiology",15 years,"Asim Heart Clinic, Main Bazaar Road, City Center",3001234567,dr.asim@heartclinic.com,8:00 AM to 7:00 PM,Friday,8 AM,I need Dr. Asim immediately!,What's the issue? Can you come today?,305,بکنگ
306,Booking,urgent,Nida,Dr. Asim,Cardiologist,1500,"MBBS, MD Cardiology, Fellow of American College of Cardiology",15 years,"Asim Heart Clinic, Main Bazaar Road, City Center",3001234567,dr.asim@heartclinic.com,8:00 AM to 7:00 PM,Wednesday,3 PM,I need Dr. Asim immediately!,What's the issue? Can you come today?,306,بکنگ
307,Booking,urgent,Sana,Dr. Asim,Cardiologist,1500,"MBBS, MD Cardiology, Fellow of American College of Cardiology",15 years,"Asim Heart Clinic, Main Bazaar Road, City Center",3001234567,dr.asim@heartclinic.com,8:00 AM to 7:00 PM,Saturday,8 AM,I need Dr. Asim immediately!,What's the issue? Can you come today?,307,بکنگ
308,Booking,urgent,Sara,Dr. Asim,Cardiologist,1500,"MBBS, MD Cardiology, Fellow of American College of Cardiology",15 years,"Asim Heart Clinic, Main Bazaar Road, City Center",3001234567,dr.asim@heartclinic.com,8:00 AM to 7:00 PM,Saturday,11 AM,I need Dr. Asim immediately!,What's the issue? Can you come today?,308,بکنگ
309,Booking,urgent,Sana,Dr. Asim,Cardiologist,1500,"MBBS, MD Cardiology, Fellow of American College of Cardiology",15 years,"Asim Heart Clinic, Main Bazaar Road, City Center",3001234567,dr.asim@heartclinic.com,8:00 AM to 7:00 PM,Thursday,5 PM,I need Dr. Asim immediately!,What's the issue? Can you come today?,309,بکنگ
310,Booking,urgent,Layla,Dr. Asim,Cardiologist,1500,"MBBS, MD Cardiology, Fellow of American College of Cardiology",15 years,"Asim Heart Clinic, Main Bazaar Road, City Center",3001234567,dr.asim@heartclinic.com,8:00 AM to 7:00 PM,Saturday,3 PM,I need Dr. Asim immediately!,What's the issue? Can you come today?,310,بکنگ
311,Booking,urgent,Wasim,Dr. Asim,Cardiologist,1500,"MBBS, MD Cardiology, Fellow of American College of Cardiology",15 years,"Asim Heart Clinic, Main Bazaar Road, City Center",3001234567,dr.asim@heartclinic.com,8:00 AM to 7:00 PM,Monday,10 AM,I need Dr. Asim immediately!,What's the issue? Can you come today?,311,بکنگ
312,Booking,urgent,Ayesha,Dr. Asim,Cardiologist,1500,"MBBS, MD Cardiology, Fellow of American College of Cardiology",15 years,"Asim Heart Clinic, Main Bazaar Road, City Center",3001234567,dr.asim@heartclinic.com,8:00 AM to 7:00 PM,Thursday,11 AM,I need Dr. Asim immediately!,What's the issue? Can you come today?,312,بکنگ
313,Booking,urgent,Mina,Dr. Asim,Cardiologist,1500,"MBBS, MD Cardiology, Fellow of American College of Cardiology",15 years,"Asim Heart Clinic, Main Bazaar Road, City Center",3001234567,dr.asim@heartclinic.com,8:00 AM to 7:00 PM,Monday,9 AM,I need Dr. Asim immediately!,What's the issue? Can you come today?,313,بکنگ
314,Booking,urgent,Ali,Dr. Asim,Cardiologist,1500,"MBBS, MD Cardiology, Fellow of American College of Cardiology",15 years,"Asim Heart Clinic, Main Bazaar Road, City Center",3001234567,dr.asim@heartclinic.com,8:00 AM to 7:00 PM,Saturday,10 AM,I need Dr. Asim immediately!,What's the issue? Can you come today?,314,بکنگ
315,Booking,urgent,Ahmed,Dr. Asim,Cardiologist,1500,"MBBS, MD Cardiology, Fellow of American College of Cardiology",15 years,"Asim Heart Clinic, Main Bazaar Road, City Center",3001234567,dr.asim@heartclinic.com,8:00 AM to 7:00 PM,Wednesday,11 AM,I need Dr. Asim immediately!,What's the issue? Can you come today?,315,بکنگ
316,Booking,urgent,Rukhsana,Dr. Asim,Cardiologist,1500,"MBBS, MD Cardiology, Fellow of American College of Cardiology",15 years,"Asim Heart Clinic, Main Bazaar Road, City Center",3001234567,dr.asim@heartclinic.com,8:00 AM to 7:00 PM,Tuesday,4 PM,I need Dr. Asim immediately!,What's the issue? Can you come today?,316,بکنگ
317,Booking,urgent,Hassan,Dr. Asim,Cardiologist,1500,"MBBS, MD Cardiology, Fellow of American College of Cardiology",15 years,"Asim Heart Clinic, Main Bazaar Road, City Center",3001234567,dr.asim@heartclinic.com,8:00 AM to 7:00 PM,Thursday,9 AM,I need Dr. Asim immediately!,What's the issue? Can you come today?,317,بکنگ
318,Booking,urgent,Zainab,Dr. Asim,Cardiologist,1500,"MBBS, MD Cardiology, Fellow of American College of Cardiology",15 years,"Asim Heart Clinic, Main Bazaar Road, City Center",3001234567,dr.asim@heartclinic.com,8:00 AM to 7:00 PM,Saturday,11 AM,I need Dr. Asim immediately!,What's the issue? Can you come today?,318,بکنگ
319,Booking,urgent,Farida,Dr. Asim,Cardiologist,1500,"MBBS, MD Cardiology, Fellow of American College of Cardiology",15 years,"Asim Heart Clinic, Main Bazaar Road, City Center",3001234567,dr.asim@heartclinic.com,8:00 AM to 7:00 PM,Thursday,8 AM,I need Dr. Asim immediately!,What's the issue? Can you come today?,319,بکنگ
320,Booking,urgent,Malik,Dr. Asim,Cardiologist,1500,"MBBS, MD Cardiology, Fellow of American College of Cardiology",15 years,"Asim Heart Clinic, Main Bazaar Road, City Center",3001234567,dr.asim@heartclinic.com,8:00 AM to 7:00 PM,Saturday,8 AM,I need Dr. Asim immediately!,What's the issue? Can you come today?,320,بکنگ
321,Booking,urgent,Rukhsana,Dr. Asim,Cardiologist,1500,"MBBS, MD Cardiology, Fellow of American College of Cardiology",15 years,"Asim Heart Clinic, Main Bazaar Road, City Center",3001234567,dr.asim@heartclinic.com,8:00 AM to 7:00 PM,Friday,10 AM,Emergency! Dr. Asim urgently needed!,We have emergency slots. Come now?,321,بکنگ
322,Booking,urgent,Aisha,Dr. Asim,Cardiologist,1500,"MBBS, MD Cardiology, Fellow of American College of Cardiology",15 years,"Asim Heart Clinic, Main Bazaar Road, City Center",3001234567,dr.asim@heartclinic.com,8:00 AM to 7:00 PM,Wednesday,11 AM,Emergency! Dr. Asim urgently needed!,We have emergency slots. Come now?,322,بکنگ
323,Booking,urgent,Hassan,Dr. Asim,Cardiologist,1500,"MBBS, MD Cardiology, Fellow of American College of Cardiology",15 years,"Asim Heart Clinic, Main Bazaar Road, City Center",3001234567,dr.asim@heartclinic.com,8:00 AM to 7:00 PM,Wednesday,10 AM,Emergency! Dr. Asim urgently needed!,We have emergency slots. Come now?,323,بکنگ
324,Booking,urgent,Nasrin,Dr. Asim,Cardiologist,1500,"MBBS, MD Cardiology, Fellow of American College of Cardiology",15 years,"Asim Heart Clinic, Main Bazaar Road, City Center",3001234567,dr.asim@heartclinic.com,8:00 AM to 7:00 PM,Tuesday,4 PM,Emergency! Dr. Asim urgently needed!,We have emergency slots. Come now?,324,بکنگ
325,Booking,urgent,Hira,Dr. Asim,Cardiologist,1500,"MBBS, MD Cardiology, Fellow of American College of Cardiology",15 years,"Asim Heart Clinic, Main Bazaar Road, City Center",3001234567,dr.asim@heartclinic.com,8:00 AM to 7:00 PM,Thursday,10 AM,Emergency! Dr. Asim urgently needed!,We have emergency slots. Come now?,325,بکنگ
326,Booking,urgent,Rashid,Dr. Asim,Cardiologist,1500,"MBBS, MD Cardiology, Fellow of American College of Cardiology",15 years,"Asim Heart Clinic, Main Bazaar Road, City Center",3001234567,dr.asim@heartclinic.com,8:00 AM to 7:00 PM,Wednesday,3 PM,Emergency! Dr. Asim urgently needed!,We have emergency slots. Come now?,326,بکنگ
327,Booking,urgent,Rashid,Dr. Asim,Cardiologist,1500,"MBBS, MD Cardiology, Fellow of American College of Cardiology",15 years,"Asim Heart Clinic, Main Bazaar Road, City Center",3001234567,dr.asim@heartclinic.com,8:00 AM to 7:00 PM,Thursday,8 AM,Emergency! Dr. Asim urgently needed!,We have emergency slots. Come now?,327,بکنگ
328,Booking,urgent,Mina,Dr. Asim,Cardiologist,1500,"MBBS, MD Cardiology, Fellow of American College of Cardiology",15 years,"Asim Heart Clinic, Main Bazaar Road, City Center",3001234567,dr.asim@heartclinic.com,8:00 AM to 7:00 PM,Thursday,8 AM,Emergency! Dr. Asim urgently needed!,We have emergency slots. Come now?,328,بکنگ
329,Booking,urgent,Mina,Dr. Asim,Cardiologist,1500,"MBBS, MD Cardiology, Fellow of American College of Cardiology",15 years,"Asim Heart Clinic, Main Bazaar Road, City Center",3001234567,dr.asim@heartclinic.com,8:00 AM to 7:00 PM,Wednesday,9 AM,Emergency! Dr. Asim urgently needed!,We have emergency slots. Come now?,329,بکنگ
330,Booking,urgent,Fatima,Dr. Asim,Cardiologist,1500,"MBBS, MD Cardiology, Fellow of American College of Cardiology",15 years,"Asim Heart Clinic, Main Bazaar Road, City Center",3001234567,dr.asim@heartclinic.com,8:00 AM to 7:00 PM,Monday,10 AM,Emergency! Dr. Asim urgently needed!,We have emergency slots. Come now?,330,بکنگ
331,Booking,urgent,Layla,Dr. Asim,Cardiologist,1500,"MBBS, MD Cardiology, Fellow of American College of Cardiology",15 years,"Asim Heart Clinic, Main Bazaar Road, City Center",3001234567,dr.asim@heartclinic.com,8:00 AM to 7:00 PM,Thursday,8 AM,Emergency! Dr. Asim urgently needed!,We have emergency slots. Come now?,331,بکنگ
332,Booking,urgent,Hassan,Dr. Asim,Cardiologist,1500,"MBBS, MD Cardiology, Fellow of American College of Cardiology",15 years,"Asim Heart Clinic, Main Bazaar Road, City Center",3001234567,dr.asim@heartclinic.com,8:00 AM to 7:00 PM,Saturday,4 PM,Emergency! Dr. Asim urgently needed!,We have emergency slots. Come now?,332,بکنگ
333,Booking,urgent,Wasim,Dr. Asim,Cardiologist,1500,"MBBS, MD Cardiology, Fellow of American College of Cardiology",15 years,"Asim Heart Clinic, Main Bazaar Road, City Center",3001234567,dr.asim@heartclinic.com,8:00 AM to 7:00 PM,Monday,3 PM,Emergency! Dr. Asim urgently needed!,We have emergency slots. Come now?,333,بکنگ
334,Booking,urgent,Ayesha,Dr. Asim,Cardiologist,1500,"MBBS, MD Cardiology, Fellow of American College of Cardiology",15 years,"Asim Heart Clinic, Main Bazaar Road, City Center",3001234567,dr.asim@heartclinic.com,8:00 AM to 7:00 PM,Saturday,5 PM,Emergency! Dr. Asim urgently needed!,We have emergency slots. Come now?,334,بکنگ
335,Booking,urgent,Salim,Dr. Asim,Cardiologist,1500,"MBBS, MD Cardiology, Fellow of American College of Cardiology",15 years,"Asim Heart Clinic, Main Bazaar Road, City Center",3001234567,dr.asim@heartclinic.com,8:00 AM to 7:00 PM,Tuesday,3 PM,Emergency! Dr. Asim urgently needed!,We have emergency slots. Come now?,335,بکنگ
336,Booking,urgent,Mina,Dr. Asim,Cardiologist,1500,"MBBS, MD Cardiology, Fellow of American College of Cardiology",15 years,"Asim Heart Clinic, Main Bazaar Road, City Center",3001234567,dr.asim@heartclinic.com,8:00 AM to 7:00 PM,Monday,8 AM,Emergency! Dr. Asim urgently needed!,We have emergency slots. Come now?,336,بکنگ
337,Booking,urgent,Wasim,Dr. Asim,Cardiologist,1500,"MBBS, MD Cardiology, Fellow of American College of Cardiology",15 years,"Asim Heart Clinic, Main Bazaar Road, City Center",3001234567,dr.asim@heartclinic.com,8:00 AM to 7:00 PM,Thursday,9 AM,Emergency! Dr. Asim urgently needed!,We have emergency slots. Come now?,337,بکنگ
338,Booking,urgent,Noor,Dr. Asim,Cardiologist,1500,"MBBS, MD Cardiology, Fellow of American College of Cardiology",15 years,"Asim Heart Clinic, Main Bazaar Road, City Center",3001234567,dr.asim@heartclinic.com,8:00 AM to 7:00 PM,Monday,9 AM,Emergency! Dr. Asim urgently needed!,We have emergency slots. Come now?,338,بکنگ
339,Booking,urgent,Hamza,Dr. Asim,Cardiologist,1500,"MBBS, MD Cardiology, Fellow of American College of Cardiology",15 years,"Asim Heart Clinic, Main Bazaar Road, City Center",3001234567,dr.asim@heartclinic.com,8:00 AM to 7:00 PM,Saturday,5 PM,Emergency! Dr. Asim urgently needed!,We have emergency slots. Come now?,339,بکنگ
340,Booking,urgent,Tariq,Dr. Asim,Cardiologist,1500,"MBBS, MD Cardiology, Fellow of American College of Cardiology",15 years,"Asim Heart Clinic, Main Bazaar Road, City Center",3001234567,dr.asim@heartclinic.com,8:00 AM to 7:00 PM,Friday,11 AM,Emergency! Dr. Asim urgently needed!,We have emergency slots. Come now?,340,بکنگ
341,Booking,urgent,Malik,Dr. Asim,Cardiologist,1500,"MBBS, MD Cardiology, Fellow of American College of Cardiology",15 years,"Asim Heart Clinic, Main Bazaar Road, City Center",3001234567,dr.asim@heartclinic.com,8:00 AM to 7:00 PM,Thursday,3 PM,"Please, Dr. Asim asap. It's urgent!",How soon can you come?,341,بکنگ
342,Booking,urgent,Hamza,Dr. Asim,Cardiologist,1500,"MBBS, MD Cardiology, Fellow of American College of Cardiology",15 years,"Asim Heart Clinic, Main Bazaar Road, City Center",3001234567,dr.asim@heartclinic.com,8:00 AM to 7:00 PM,Friday,10 AM,"Please, Dr. Asim asap. It's urgent!",How soon can you come?,342,بکنگ
343,Booking,urgent,Ahmed,Dr. Asim,Cardiologist,1500,"MBBS, MD Cardiology, Fellow of American College of Cardiology",15 years,"Asim Heart Clinic, Main Bazaar Road, City Center",3001234567,dr.asim@heartclinic.com,8:00 AM to 7:00 PM,Thursday,4 PM,"Please, Dr. Asim asap. It's urgent!",How soon can you come?,343,بکنگ
344,Booking,urgent,Wasim,Dr. Asim,Cardiologist,1500,"MBBS, MD Cardiology, Fellow of American College of Cardiology",15 years,"Asim Heart Clinic, Main Bazaar Road, City Center",3001234567,dr.asim@heartclinic.com,8:00 AM to 7:00 PM,Wednesday,8 AM,"Please, Dr. Asim asap. It's urgent!",How soon can you come?,344,بکنگ
345,Booking,urgent,Sana,Dr. Asim,Cardiologist,1500,"MBBS, MD Cardiology, Fellow of American College of Cardiology",15 years,"Asim Heart Clinic, Main Bazaar Road, City Center",3001234567,dr.asim@heartclinic.com,8:00 AM to 7:00 PM,Wednesday,8 AM,"Please, Dr. Asim asap. It's urgent!",How soon can you come?,345,بکنگ
346,Booking,urgent,Nida,Dr. Asim,Cardiologist,1500,"MBBS, MD Cardiology, Fellow of American College of Cardiology",15 years,"Asim Heart Clinic, Main Bazaar Road, City Center",3001234567,dr.asim@heartclinic.com,8:00 AM to 7:00 PM,Monday,11 AM,"Please, Dr. Asim asap. It's urgent!",How soon can you come?,346,بکنگ
347,Booking,urgent,Sana,Dr. Asim,Cardiologist,1500,"MBBS, MD Cardiology, Fellow of American College of Cardiology",15 years,"Asim Heart Clinic, Main Bazaar Road, City Center",3001234567,dr.asim@heartclinic.com,8:00 AM to 7:00 PM,Thursday,10 AM,"Please, Dr. Asim asap. It's urgent!",How soon can you come?,347,بکنگ
348,Booking,urgent,Hira,Dr. Asim,Cardiologist,1500,"MBBS, MD Cardiology, Fellow of American College of Cardiology",15 years,"Asim Heart Clinic, Main Bazaar Road, City Center",3001234567,dr.asim@heartclinic.com,8:00 AM to 7:00 PM,Monday,11 AM,"Please, Dr. Asim asap. It's urgent!",How soon can you come?,348,بکنگ
349,Booking,urgent,Sana,Dr. Asim,Cardiologist,1500,"MBBS, MD Cardiology, Fellow of American College of Cardiology",15 years,"Asim Heart Clinic, Main Bazaar Road, City Center",3001234567,dr.asim@heartclinic.com,8:00 AM to 7:00 PM,Monday,11 AM,"Please, Dr. Asim asap. It's urgent!",How soon can you come?,349,بکنگ
350,Booking,urgent,Ahmed,Dr. Asim,Cardiologist,1500,"MBBS, MD Cardiology, Fellow of American College of Cardiology",15 years,"Asim Heart Clinic, Main Bazaar Road, City Center",3001234567,dr.asim@heartclinic.com,8:00 AM to 7:00 PM,Tuesday,5 PM,"Please, Dr. Asim asap. It's urgent!",How soon can you come?,350,بکنگ
351,Booking,urgent,Sana,Dr. Asim,Cardiologist,1500,"MBBS, MD Cardiology, Fellow of American College of Cardiology",15 years,"Asim Heart Clinic, Main Bazaar Road, City Center",3001234567,dr.asim@heartclinic.com,8:00 AM to 7:00 PM,Wednesday,10 AM,"Please, Dr. Asim asap. It's urgent!",How soon can you come?,351,بکنگ
352,Booking,urgent,Hamza,Dr. Asim,Cardiologist,1500,"MBBS, MD Cardiology, Fellow of American College of Cardiology",15 years,"Asim Heart Clinic, Main Bazaar Road, City Center",3001234567,dr.asim@heartclinic.com,8:00 AM to 7:00 PM,Tuesday,3 PM,"Please, Dr. Asim asap. It's urgent!",How soon can you come?,352,بکنگ
353,Booking,urgent,Rashid,Dr. Asim,Cardiologist,1500,"MBBS, MD Cardiology, Fellow of American College of Cardiology",15 years,"Asim Heart Clinic, Main Bazaar Road, City Center",3001234567,dr.asim@heartclinic.com,8:00 AM to 7:00 PM,Saturday,9 AM,"Please, Dr. Asim asap. It's urgent!",How soon can you come?,353,بکنگ
354,Booking,urgent,Rashid,Dr. Asim,Cardiologist,1500,"MBBS, MD Cardiology, Fellow of American College of Cardiology",15 years,"Asim Heart Clinic, Main Bazaar Road, City Center",3001234567,dr.asim@heartclinic.com,8:00 AM to 7:00 PM,Monday,3 PM,"Please, Dr. Asim asap. It's urgent!",How soon can you come?,354,بکنگ
355,Booking,urgent,Samir,Dr. Asim,Cardiologist,1500,"MBBS, MD Cardiology, Fellow of American College of Cardiology",15 years,"Asim Heart Clinic, Main Bazaar Road, City Center",3001234567,dr.asim@heartclinic.com,8:00 AM to 7:00 PM,Monday,10 AM,"Please, Dr. Asim asap. It's urgent!",How soon can you come?,355,بکنگ
356,Booking,urgent,Faisal,Dr. Asim,Cardiologist,1500,"MBBS, MD Cardiology, Fellow of American College of Cardiology",15 years,"Asim Heart Clinic, Main Bazaar Road, City Center",3001234567,dr.asim@heartclinic.com,8:00 AM to 7:00 PM,Monday,3 PM,"Please, Dr. Asim asap. It's urgent!",How soon can you come?,356,بکنگ
357,Booking,urgent,Hira,Dr. Asim,Cardiologist,1500,"MBBS, MD Cardiology, Fellow of American College of Cardiology",15 years,"Asim Heart Clinic, Main Bazaar Road, City Center",3001234567,dr.asim@heartclinic.com,8:00 AM to 7:00 PM,Monday,10 AM,"Please, Dr. Asim asap. It's urgent!",How soon can you come?,357,بکنگ
358,Booking,urgent,Faisal,Dr. Asim,Cardiologist,1500,"MBBS, MD Cardiology, Fellow of American College of Cardiology",15 years,"Asim Heart Clinic, Main Bazaar Road, City Center",3001234567,dr.asim@heartclinic.com,8:00 AM to 7:00 PM,Thursday,3 PM,"Please, Dr. Asim asap. It's urgent!",How soon can you come?,358,بکنگ
359,Booking,urgent,Noor,Dr. Asim,Cardiologist,1500,"MBBS, MD Cardiology, Fellow of American College of Cardiology",15 years,"Asim Heart Clinic, Main Bazaar Road, City Center",3001234567,dr.asim@heartclinic.com,8:00 AM to 7:00 PM,Thursday,5 PM,"Please, Dr. Asim asap. It's urgent!",How soon can you come?,359,بکنگ
360,Booking,urgent,Samir,Dr. Asim,Cardiologist,1500,"MBBS, MD Cardiology, Fellow of American College of Cardiology",15 years,"Asim Heart Clinic, Main Bazaar Road, City Center",3001234567,dr.asim@heartclinic.com,8:00 AM to 7:00 PM,Wednesday,2 PM,"Please, Dr. Asim asap. It's urgent!",How soon can you come?,360,بکنگ
361,Booking,urgent,Malik,Dr. Asim,Cardiologist,1500,"MBBS, MD Cardiology, Fellow of American College of Cardiology",15 years,"Asim Heart Clinic, Main Bazaar Road, City Center",3001234567,dr.asim@heartclinic.com,8:00 AM to 7:00 PM,Thursday,5 PM,URGENT! Dr. Asim right away!,Emergency appointment available. Come immediately?,361,بکنگ
362,Booking,urgent,Wasim,Dr. Asim,Cardiologist,1500,"MBBS, MD Cardiology, Fellow of American College of Cardiology",15 years,"Asim Heart Clinic, Main Bazaar Road, City Center",3001234567,dr.asim@heartclinic.com,8:00 AM to 7:00 PM,Thursday,10 AM,URGENT! Dr. Asim right away!,Emergency appointment available. Come immediately?,362,بکنگ
363,Booking,urgent,Karim,Dr. Asim,Cardiologist,1500,"MBBS, MD Cardiology, Fellow of American College of Cardiology",15 years,"Asim Heart Clinic, Main Bazaar Road, City Center",3001234567,dr.asim@heartclinic.com,8:00 AM to 7:00 PM,Thursday,11 AM,URGENT! Dr. Asim right away!,Emergency appointment available. Come immediately?,363,بکنگ
364,Booking,urgent,Karim,Dr. Asim,Cardiologist,1500,"MBBS, MD Cardiology, Fellow of American College of Cardiology",15 years,"Asim Heart Clinic, Main Bazaar Road, City Center",3001234567,dr.asim@heartclinic.com,8:00 AM to 7:00 PM,Wednesday,9 AM,URGENT! Dr. Asim right away!,Emergency appointment available. Come immediately?,364,بکنگ
365,Booking,urgent,Rukhsana,Dr. Asim,Cardiologist,1500,"MBBS, MD Cardiology, Fellow of American College of Cardiology",15 years,"Asim Heart Clinic, Main Bazaar Road, City Center",3001234567,dr.asim@heartclinic.com,8:00 AM to 7:00 PM,Wednesday,4 PM,URGENT! Dr. Asim right away!,Emergency appointment available. Come immediately?,365,بکنگ
366,Booking,urgent,Mina,Dr. Asim,Cardiologist,1500,"MBBS, MD Cardiology, Fellow of American College of Cardiology",15 years,"Asim Heart Clinic, Main Bazaar Road, City Center",3001234567,dr.asim@heartclinic.com,8:00 AM to 7:00 PM,Saturday,8 AM,URGENT! Dr. Asim right away!,Emergency appointment available. Come immediately?,366,بکنگ
367,Booking,urgent,Ali,Dr. Asim,Cardiologist,1500,"MBBS, MD Cardiology, Fellow of American College of Cardiology",15 years,"Asim Heart Clinic, Main Bazaar Road, City Center",3001234567,dr.asim@heartclinic.com,8:00 AM to 7:00 PM,Monday,4 PM,URGENT! Dr. Asim right away!,Emergency appointment available. Come immediately?,367,بکنگ
368,Booking,urgent,Noor,Dr. Asim,Cardiologist,1500,"MBBS, MD Cardiology, Fellow of American College of Cardiology",15 years,"Asim Heart Clinic, Main Bazaar Road, City Center",3001234567,dr.asim@heartclinic.com,8:00 AM to 7:00 PM,Monday,8 AM,URGENT! Dr. Asim right away!,Emergency appointment available. Come immediately?,368,بکنگ
369,Booking,urgent,Zainab,Dr. Asim,Cardiologist,1500,"MBBS, MD Cardiology, Fellow of American College of Cardiology",15 years,"Asim Heart Clinic, Main Bazaar Road, City Center",3001234567,dr.asim@heartclinic.com,8:00 AM to 7:00 PM,Monday,10 AM,URGENT! Dr. Asim right away!,Emergency appointment available. Come immediately?,369,بکنگ
370,Booking,urgent,Layla,Dr. Asim,Cardiologist,1500,"MBBS, MD Cardiology, Fellow of American College of Cardiology",15 years,"Asim Heart Clinic, Main Bazaar Road, City Center",3001234567,dr.asim@heartclinic.com,8:00 AM to 7:00 PM,Thursday,2 PM,URGENT! Dr. Asim right away!,Emergency appointment available. Come immediately?,370,بکنگ
371,Booking,urgent,Tariq,Dr. Asim,Cardiologist,1500,"MBBS, MD Cardiology, Fellow of American College of Cardiology",15 years,"Asim Heart Clinic, Main Bazaar Road, City Center",3001234567,dr.asim@heartclinic.com,8:00 AM to 7:00 PM,Friday,4 PM,URGENT! Dr. Asim right away!,Emergency appointment available. Come immediately?,371,بکنگ
372,Booking,urgent,Sana,Dr. Asim,Cardiologist,1500,"MBBS, MD Cardiology, Fellow of American College of Cardiology",15 years,"Asim Heart Clinic, Main Bazaar Road, City Center",3001234567,dr.asim@heartclinic.com,8:00 AM to 7:00 PM,Monday,10 AM,URGENT! Dr. Asim right away!,Emergency appointment available. Come immediately?,372,بکنگ
373,Booking,urgent,Salim,Dr. Asim,Cardiologist,1500,"MBBS, MD Cardiology, Fellow of American College of Cardiology",15 years,"Asim Heart Clinic, Main Bazaar Road, City Center",3001234567,dr.asim@heartclinic.com,8:00 AM to 7:00 PM,Monday,11 AM,URGENT! Dr. Asim right away!,Emergency appointment available. Come immediately?,373,بکنگ
374,Booking,urgent,Layla,Dr. Asim,Cardiologist,1500,"MBBS, MD Cardiology, Fellow of American College of Cardiology",15 years,"Asim Heart Clinic, Main Bazaar Road, City Center",3001234567,dr.asim@heartclinic.com,8:00 AM to 7:00 PM,Wednesday,8 AM,URGENT! Dr. Asim right away!,Emergency appointment available. Come immediately?,374,بکنگ
375,Booking,urgent,Ayesha,Dr. Asim,Cardiologist,1500,"MBBS, MD Cardiology, Fellow of American College of Cardiology",15 years,"Asim Heart Clinic, Main Bazaar Road, City Center",3001234567,dr.asim@heartclinic.com,8:00 AM to 7:00 PM,Monday,9 AM,URGENT! Dr. Asim right away!,Emergency appointment available. Come immediately?,375,بکنگ
376,Booking,urgent,Mina,Dr. Asim,Cardiologist,1500,"MBBS, MD Cardiology, Fellow of American College of Cardiology",15 years,"Asim Heart Clinic, Main Bazaar Road, City Center",3001234567,dr.asim@heartclinic.com,8:00 AM to 7:00 PM,Tuesday,10 AM,URGENT! Dr. Asim right away!,Emergency appointment available. Come immediately?,376,بکنگ
377,Booking,urgent,Salim,Dr. Asim,Cardiologist,1500,"MBBS, MD Cardiology, Fellow of American College of Cardiology",15 years,"Asim Heart Clinic, Main Bazaar Road, City Center",3001234567,dr.asim@heartclinic.com,8:00 AM to 7:00 PM,Thursday,3 PM,URGENT! Dr. Asim right away!,Emergency appointment available. Come immediately?,377,بکنگ
378,Booking,urgent,Rukhsana,Dr. Asim,Cardiologist,1500,"MBBS, MD Cardiology, Fellow of American College of Cardiology",15 years,"Asim Heart Clinic, Main Bazaar Road, City Center",3001234567,dr.asim@heartclinic.com,8:00 AM to 7:00 PM,Monday,5 PM,URGENT! Dr. Asim right away!,Emergency appointment available. Come immediately?,378,بکنگ
379,Booking,urgent,Sara,Dr. Asim,Cardiologist,1500,"MBBS, MD Cardiology, Fellow of American College of Cardiology",15 years,"Asim Heart Clinic, Main Bazaar Road, City Center",3001234567,dr.asim@heartclinic.com,8:00 AM to 7:00 PM,Friday,4 PM,URGENT! Dr. Asim right away!,Emergency appointment available. Come immediately?,379,بکنگ
380,Booking,urgent,Ahmed,Dr. Asim,Cardiologist,1500,"MBBS, MD Cardiology, Fellow of American College of Cardiology",15 years,"Asim Heart Clinic, Main Bazaar Road, City Center",3001234567,dr.asim@heartclinic.com,8:00 AM to 7:00 PM,Monday,3 PM,URGENT! Dr. Asim right away!,Emergency appointment available. Come immediately?,380,بکنگ
381,Booking,urgent,Rukhsana,Dr. Asim,Cardiologist,1500,"MBBS, MD Cardiology, Fellow of American College of Cardiology",15 years,"Asim Heart Clinic, Main Bazaar Road, City Center",3001234567,dr.asim@heartclinic.com,8:00 AM to 7:00 PM,Monday,11 AM,Critical condition! Dr. Asim needed NOW!,Call ambulance if critical. {doctor_name} available immediately!,381,بکنگ
382,Booking,urgent,Noor,Dr. Asim,Cardiologist,1500,"MBBS, MD Cardiology, Fellow of American College of Cardiology",15 years,"Asim Heart Clinic, Main Bazaar Road, City Center",3001234567,dr.asim@heartclinic.com,8:00 AM to 7:00 PM,Tuesday,11 AM,Critical condition! Dr. Asim needed NOW!,Call ambulance if critical. {doctor_name} available immediately!,382,بکنگ
383,Booking,urgent,Layla,Dr. Asim,Cardiologist,1500,"MBBS, MD Cardiology, Fellow of American College of Cardiology",15 years,"Asim Heart Clinic, Main Bazaar Road, City Center",3001234567,dr.asim@heartclinic.com,8:00 AM to 7:00 PM,Monday,10 AM,Critical condition! Dr. Asim needed NOW!,Call ambulance if critical. {doctor_name} available immediately!,383,بکنگ
384,Booking,urgent,Usman,Dr. Asim,Cardiologist,1500,"MBBS, MD Cardiology, Fellow of American College of Cardiology",15 years,"Asim Heart Clinic, Main Bazaar Road, City Center",3001234567,dr.asim@heartclinic.com,8:00 AM to 7:00 PM,Thursday,11 AM,Critical condition! Dr. Asim needed NOW!,Call ambulance if critical. {doctor_name} available immediately!,384,بکنگ
385,Booking,urgent,Usman,Dr. Asim,Cardiologist,1500,"MBBS, MD Cardiology, Fellow of American College of Cardiology",15 years,"Asim Heart Clinic, Main Bazaar Road, City Center",3001234567,dr.asim@heartclinic.com,8:00 AM to 7:00 PM,Wednesday,9 AM,Critical condition! Dr. Asim needed NOW!,Call ambulance if critical. {doctor_name} available immediately!,385,بکنگ
386,Booking,urgent,Layla,Dr. Asim,Cardiologist,1500,"MBBS, MD Cardiology, Fellow of American College of Cardiology",15 years,"Asim Heart Clinic, Main Bazaar Road, City Center",3001234567,dr.asim@heartclinic.com,8:00 AM to 7:00 PM,Saturday,11 AM,Critical condition! Dr. Asim needed NOW!,Call ambulance if critical. {doctor_name} available immediately!,386,بکنگ
387,Booking,urgent,Samir,Dr. Asim,Cardiologist,1500,"MBBS, MD Cardiology, Fellow of American College of Cardiology",15 years,"Asim Heart Clinic, Main Bazaar Road, City Center",3001234567,dr.asim@heartclinic.com,8:00 AM to 7:00 PM,Friday,5 PM,Critical condition! Dr. Asim needed NOW!,Call ambulance if critical. {doctor_name} available immediately!,387,بکنگ
388,Booking,urgent,Hassan,Dr. Asim,Cardiologist,1500,"MBBS, MD Cardiology, Fellow of American College of Cardiology",15 years,"Asim Heart Clinic, Main Bazaar Road, City Center",3001234567,dr.asim@heartclinic.com,8:00 AM to 7:00 PM,Wednesday,4 PM,Critical condition! Dr. Asim needed NOW!,Call ambulance if critical. {doctor_name} available immediately!,388,بکنگ
389,Booking,urgent,Usman,Dr. Asim,Cardiologist,1500,"MBBS, MD Cardiology, Fellow of American College of Cardiology",15 years,"Asim Heart Clinic, Main Bazaar Road, City Center",3001234567,dr.asim@heartclinic.com,8:00 AM to 7:00 PM,Friday,3 PM,Critical condition! Dr. Asim needed NOW!,Call ambulance if critical. {doctor_name} available immediately!,389,بکنگ
390,Booking,urgent,Ahmed,Dr. Asim,Cardiologist,1500,"MBBS, MD Cardiology, Fellow of American College of Cardiology",15 years,"Asim Heart Clinic, Main Bazaar Road, City Center",3001234567,dr.asim@heartclinic.com,8:00 AM to 7:00 PM,Friday,9 AM,Critical condition! Dr. Asim needed NOW!,Call ambulance if critical. {doctor_name} available immediately!,390,بکنگ
391,Booking,urgent,Zainab,Dr. Asim,Cardiologist,1500,"MBBS, MD Cardiology, Fellow of American College of Cardiology",15 years,"Asim Heart Clinic, Main Bazaar Road, City Center",3001234567,dr.asim@heartclinic.com,8:00 AM to 7:00 PM,Wednesday,5 PM,Critical condition! Dr. Asim needed NOW!,Call ambulance if critical. {doctor_name} available immediately!,391,بکنگ
392,Booking,urgent,Amina,Dr. Asim,Cardiologist,1500,"MBBS, MD Cardiology, Fellow of American College of Cardiology",15 years,"Asim Heart Clinic, Main Bazaar Road, City Center",3001234567,dr.asim@heartclinic.com,8:00 AM to 7:00 PM,Wednesday,9 AM,Critical condition! Dr. Asim needed NOW!,Call ambulance if critical. {doctor_name} available immediately!,392,بکنگ
393,Booking,urgent,Ayesha,Dr. Asim,Cardiologist,1500,"MBBS, MD Cardiology, Fellow of American College of Cardiology",15 years,"Asim Heart Clinic, Main Bazaar Road, City Center",3001234567,dr.asim@heartclinic.com,8:00 AM to 7:00 PM,Saturday,10 AM,Critical condition! Dr. Asim needed NOW!,Call ambulance if critical. {doctor_name} available immediately!,393,بکنگ
394,Booking,urgent,Bilal,Dr. Asim,Cardiologist,1500,"MBBS, MD Cardiology, Fellow of American College of Cardiology",15 years,"Asim Heart Clinic, Main Bazaar Road, City Center",3001234567,dr.asim@heartclinic.com,8:00 AM to 7:00 PM,Monday,9 AM,Critical condition! Dr. Asim needed NOW!,Call ambulance if critical. {doctor_name} available immediately!,394,بکنگ
395,Booking,urgent,Nida,Dr. Asim,Cardiologist,1500,"MBBS, MD Cardiology, Fellow of American College of Cardiology",15 years,"Asim Heart Clinic, Main Bazaar Road, City Center",3001234567,dr.asim@heartclinic.com,8:00 AM to 7:00 PM,Friday,10 AM,Critical condition! Dr. Asim needed NOW!,Call ambulance if critical. {doctor_name} available immediately!,395,بکنگ
396,Booking,urgent,Tariq,Dr. Asim,Cardiologist,1500,"MBBS, MD Cardiology, Fellow of American College of Cardiology",15 years,"Asim Heart Clinic, Main Bazaar Road, City Center",3001234567,dr.asim@heartclinic.com,8:00 AM to 7:00 PM,Tuesday,5 PM,Critical condition! Dr. Asim needed NOW!,Call ambulance if critical. {doctor_name} available immediately!,396,بکنگ
397,Booking,urgent,Salim,Dr. Asim,Cardiologist,1500,"MBBS, MD Cardiology, Fellow of American College of Cardiology",15 years,"Asim Heart Clinic, Main Bazaar Road, City Center",3001234567,dr.asim@heartclinic.com,8:00 AM to 7:00 PM,Monday,3 PM,Critical condition! Dr. Asim needed NOW!,Call ambulance if critical. {doctor_name} available immediately!,397,بکنگ
398,Booking,urgent,Hassan,Dr. Asim,Cardiologist,1500,"MBBS, MD Cardiology, Fellow of American College of Cardiology",15 years,"Asim Heart Clinic, Main Bazaar Road, City Center",3001234567,dr.asim@heartclinic.com,8:00 AM to 7:00 PM,Thursday,4 PM,Critical condition! Dr. Asim needed NOW!,Call ambulance if critical. {doctor_name} available immediately!,398,بکنگ
399,Booking,urgent,Rashid,Dr. Asim,Cardiologist,1500,"MBBS, MD Cardiology, Fellow of American College of Cardiology",15 years,"Asim Heart Clinic, Main Bazaar Road, City Center",3001234567,dr.asim@heartclinic.com,8:00 AM to 7:00 PM,Friday,8 AM,Critical condition! Dr. Asim needed NOW!,Call ambulance if critical. {doctor_name} available immediately!,399,بکنگ
400,Booking,urgent,Bilal,Dr. Asim,Cardiologist,1500,"MBBS, MD Cardiology, Fellow of American College of Cardiology",15 years,"Asim Heart Clinic, Main Bazaar Road, City Center",3001234567,dr.asim@heartclinic.com,8:00 AM to 7:00 PM,Thursday,9 AM,Critical condition! Dr. Asim needed NOW!,Call ambulance if critical. {doctor_name} available immediately!,400,بکنگ
401,Booking,worried,Hira,Dr. Asim,Cardiologist,1500,"MBBS, MD Cardiology, Fellow of American College of Cardiology",15 years,"Asim Heart Clinic, Main Bazaar Road, City Center",3001234567,dr.asim@heartclinic.com,8:00 AM to 7:00 PM,Friday,9 AM,I'm very concerned. Can I see Dr. Asim soon?,Don't worry. We'll fit you in.,401,بکنگ
402,Booking,worried,Samir,Dr. Asim,Cardiologist,1500,"MBBS, MD Cardiology, Fellow of American College of Cardiology",15 years,"Asim Heart Clinic, Main Bazaar Road, City Center",3001234567,dr.asim@heartclinic.com,8:00 AM to 7:00 PM,Friday,3 PM,I'm very concerned. Can I see Dr. Asim soon?,Don't worry. We'll fit you in.,402,بکنگ
403,Booking,worried,Fatima,Dr. Asim,Cardiologist,1500,"MBBS, MD Cardiology, Fellow of American College of Cardiology",15 years,"Asim Heart Clinic, Main Bazaar Road, City Center",3001234567,dr.asim@heartclinic.com,8:00 AM to 7:00 PM,Saturday,2 PM,I'm very concerned. Can I see Dr. Asim soon?,Don't worry. We'll fit you in.,403,بکنگ
404,Booking,worried,Farida,Dr. Asim,Cardiologist,1500,"MBBS, MD Cardiology, Fellow of American College of Cardiology",15 years,"Asim Heart Clinic, Main Bazaar Road, City Center",3001234567,dr.asim@heartclinic.com,8:00 AM to 7:00 PM,Wednesday,11 AM,I'm very concerned. Can I see Dr. Asim soon?,Don't worry. We'll fit you in.,404,بکنگ
405,Booking,worried,Wasim,Dr. Asim,Cardiologist,1500,"MBBS, MD Cardiology, Fellow of American College of Cardiology",15 years,"Asim Heart Clinic, Main Bazaar Road, City Center",3001234567,dr.asim@heartclinic.com,8:00 AM to 7:00 PM,Saturday,9 AM,I'm very concerned. Can I see Dr. Asim soon?,Don't worry. We'll fit you in.,405,بکنگ
406,Booking,worried,Mina,Dr. Asim,Cardiologist,1500,"MBBS, MD Cardiology, Fellow of American College of Cardiology",15 years,"Asim Heart Clinic, Main Bazaar Road, City Center",3001234567,dr.asim@heartclinic.com,8:00 AM to 7:00 PM,Monday,10 AM,I'm very concerned. Can I see Dr. Asim soon?,Don't worry. We'll fit you in.,406,بکنگ
407,Booking,worried,Amina,Dr. Asim,Cardiologist,1500,"MBBS, MD Cardiology, Fellow of American College of Cardiology",15 years,"Asim Heart Clinic, Main Bazaar Road, City Center",3001234567,dr.asim@heartclinic.com,8:00 AM to 7:00 PM,Friday,10 AM,I'm very concerned. Can I see Dr. Asim soon?,Don't worry. We'll fit you in.,407,بکنگ
408,Booking,worried,Ayesha,Dr. Asim,Cardiologist,1500,"MBBS, MD Cardiology, Fellow of American College of Cardiology",15 years,"Asim Heart Clinic, Main Bazaar Road, City Center",3001234567,dr.asim@heartclinic.com,8:00 AM to 7:00 PM,Wednesday,2 PM,I'm very concerned. Can I see Dr. Asim soon?,Don't worry. We'll fit you in.,408,بکنگ
409,Booking,worried,Layla,Dr. Asim,Cardiologist,1500,"MBBS, MD Cardiology, Fellow of American College of Cardiology",15 years,"Asim Heart Clinic, Main Bazaar Road, City Center",3001234567,dr.asim@heartclinic.com,8:00 AM to 7:00 PM,Saturday,4 PM,I'm very concerned. Can I see Dr. Asim soon?,Don't worry. We'll fit you in.,409,بکنگ
410,Booking,worried,Ahmed,Dr. Asim,Cardiologist,1500,"MBBS, MD Cardiology, Fellow of American College of Cardiology",15 years,"Asim Heart Clinic, Main Bazaar Road, City Center",3001234567,dr.asim@heartclinic.com,8:00 AM to 7:00 PM,Tuesday,4 PM,I'm very concerned. Can I see Dr. Asim soon?,Don't worry. We'll fit you in.,410,بکنگ
411,Booking,worried,Wasim,Dr. Asim,Cardiologist,1500,"MBBS, MD Cardiology, Fellow of American College of Cardiology",15 years,"Asim Heart Clinic, Main Bazaar Road, City Center",3001234567,dr.asim@heartclinic.com,8:00 AM to 7:00 PM,Monday,10 AM,I'm very concerned. Can I see Dr. Asim soon?,Don't worry. We'll fit you in.,411,بکنگ
412,Booking,worried,Malik,Dr. Asim,Cardiologist,1500,"MBBS, MD Cardiology, Fellow of American College of Cardiology",15 years,"Asim Heart Clinic, Main Bazaar Road, City Center",3001234567,dr.asim@heartclinic.com,8:00 AM to 7:00 PM,Tuesday,10 AM,I'm very concerned. Can I see Dr. Asim soon?,Don't worry. We'll fit you in.,412,بکنگ
413,Booking,worried,Mina,Dr. Asim,Cardiologist,1500,"MBBS, MD Cardiology, Fellow of American College of Cardiology",15 years,"Asim Heart Clinic, Main Bazaar Road, City Center",3001234567,dr.asim@heartclinic.com,8:00 AM to 7:00 PM,Wednesday,10 AM,I'm very concerned. Can I see Dr. Asim soon?,Don't worry. We'll fit you in.,413,بکنگ
414,Booking,worried,Zainab,Dr. Asim,Cardiologist,1500,"MBBS, MD Cardiology, Fellow of American College of Cardiology",15 years,"Asim Heart Clinic, Main Bazaar Road, City Center",3001234567,dr.asim@heartclinic.com,8:00 AM to 7:00 PM,Saturday,9 AM,I'm very concerned. Can I see Dr. Asim soon?,Don't worry. We'll fit you in.,414,بکنگ
415,Booking,worried,Faisal,Dr. Asim,Cardiologist,1500,"MBBS, MD Cardiology, Fellow of American College of Cardiology",15 years,"Asim Heart Clinic, Main Bazaar Road, City Center",3001234567,dr.asim@heartclinic.com,8:00 AM to 7:00 PM,Monday,5 PM,I'm very concerned. Can I see Dr. Asim soon?,Don't worry. We'll fit you in.,415,بکنگ
416,Booking,worried,Fatima,Dr. Asim,Cardiologist,1500,"MBBS, MD Cardiology, Fellow of American College of Cardiology",15 years,"Asim Heart Clinic, Main Bazaar Road, City Center",3001234567,dr.asim@heartclinic.com,8:00 AM to 7:00 PM,Tuesday,5 PM,I'm very concerned. Can I see Dr. Asim soon?,Don't worry. We'll fit you in.,416,بکنگ
417,Booking,worried,Nida,Dr. Asim,Cardiologist,1500,"MBBS, MD Cardiology, Fellow of American College of Cardiology",15 years,"Asim Heart Clinic, Main Bazaar Road, City Center",3001234567,dr.asim@heartclinic.com,8:00 AM to 7:00 PM,Wednesday,8 AM,I'm very concerned. Can I see Dr. Asim soon?,Don't worry. We'll fit you in.,417,بکنگ
418,Booking,worried,Bilal,Dr. Asim,Cardiologist,1500,"MBBS, MD Cardiology, Fellow of American College of Cardiology",15 years,"Asim Heart Clinic, Main Bazaar Road, City Center",3001234567,dr.asim@heartclinic.com,8:00 AM to 7:00 PM,Wednesday,10 AM,I'm very concerned. Can I see Dr. Asim soon?,Don't worry. We'll fit you in.,418,بکنگ
419,Booking,worried,Faisal,Dr. Asim,Cardiologist,1500,"MBBS, MD Cardiology, Fellow of American College of Cardiology",15 years,"Asim Heart Clinic, Main Bazaar Road, City Center",3001234567,dr.asim@heartclinic.com,8:00 AM to 7:00 PM,Monday,2 PM,I'm very concerned. Can I see Dr. Asim soon?,Don't worry. We'll fit you in.,419,بکنگ
420,Booking,worried,Hira,Dr. Asim,Cardiologist,1500,"MBBS, MD Cardiology, Fellow of American College of Cardiology",15 years,"Asim Heart Clinic, Main Bazaar Road, City Center",3001234567,dr.asim@heartclinic.com,8:00 AM to 7:00 PM,Monday,5 PM,I'm very concerned. Can I see Dr. Asim soon?,Don't worry. We'll fit you in.,420,بکنگ
421,Booking,worried,Farida,Dr. Asim,Cardiologist,1500,"MBBS, MD Cardiology, Fellow of American College of Cardiology",15 years,"Asim Heart Clinic, Main Bazaar Road, City Center",3001234567,dr.asim@heartclinic.com,8:00 AM to 7:00 PM,Monday,5 PM,I'm worried. Need Dr. Asim quickly.,We understand. Available tomorrow?,421,بکنگ
422,Booking,worried,Nasrin,Dr. Asim,Cardiologist,1500,"MBBS, MD Cardiology, Fellow of American College of Cardiology",15 years,"Asim Heart Clinic, Main Bazaar Road, City Center",3001234567,dr.asim@heartclinic.com,8:00 AM to 7:00 PM,Thursday,10 AM,I'm worried. Need Dr. Asim quickly.,We understand. Available tomorrow?,422,بکنگ
423,Booking,worried,Malik,Dr. Asim,Cardiologist,1500,"MBBS, MD Cardiology, Fellow of American College of Cardiology",15 years,"Asim Heart Clinic, Main Bazaar Road, City Center",3001234567,dr.asim@heartclinic.com,8:00 AM to 7:00 PM,Monday,4 PM,I'm worried. Need Dr. Asim quickly.,We understand. Available tomorrow?,423,بکنگ
424,Booking,worried,Fatima,Dr. Asim,Cardiologist,1500,"MBBS, MD Cardiology, Fellow of American College of Cardiology",15 years,"Asim Heart Clinic, Main Bazaar Road, City Center",3001234567,dr.asim@heartclinic.com,8:00 AM to 7:00 PM,Tuesday,9 AM,I'm worried. Need Dr. Asim quickly.,We understand. Available tomorrow?,424,بکنگ
425,Booking,worried,Zainab,Dr. Asim,Cardiologist,1500,"MBBS, MD Cardiology, Fellow of American College of Cardiology",15 years,"Asim Heart Clinic, Main Bazaar Road, City Center",3001234567,dr.asim@heartclinic.com,8:00 AM to 7:00 PM,Thursday,2 PM,I'm worried. Need Dr. Asim quickly.,We understand. Available tomorrow?,425,بکنگ
426,Booking,worried,Faisal,Dr. Asim,Cardiologist,1500,"MBBS, MD Cardiology, Fellow of American College of Cardiology",15 years,"Asim Heart Clinic, Main Bazaar Road, City Center",3001234567,dr.asim@heartclinic.com,8:00 AM to 7:00 PM,Thursday,5 PM,I'm worried. Need Dr. Asim quickly.,We understand. Available tomorrow?,426,بکنگ
427,Booking,worried,Hamza,Dr. Asim,Cardiologist,1500,"MBBS, MD Cardiology, Fellow of American College of Cardiology",15 years,"Asim Heart Clinic, Main Bazaar Road, City Center",3001234567,dr.asim@heartclinic.com,8:00 AM to 7:00 PM,Wednesday,9 AM,I'm worried. Need Dr. Asim quickly.,We understand. Available tomorrow?,427,بکنگ
428,Booking,worried,Layla,Dr. Asim,Cardiologist,1500,"MBBS, MD Cardiology, Fellow of American College of Cardiology",15 years,"Asim Heart Clinic, Main Bazaar Road, City Center",3001234567,dr.asim@heartclinic.com,8:00 AM to 7:00 PM,Tuesday,2 PM,I'm worried. Need Dr. Asim quickly.,We understand. Available tomorrow?,428,بکنگ
429,Booking,worried,Ali,Dr. Asim,Cardiologist,1500,"MBBS, MD Cardiology, Fellow of American College of Cardiology",15 years,"Asim Heart Clinic, Main Bazaar Road, City Center",3001234567,dr.asim@heartclinic.com,8:00 AM to 7:00 PM,Saturday,10 AM,I'm worried. Need Dr. Asim quickly.,We understand. Available tomorrow?,429,بکنگ
430,Booking,worried,Sana,Dr. Asim,Cardiologist,1500,"MBBS, MD Cardiology, Fellow of American College of Cardiology",15 years,"Asim Heart Clinic, Main Bazaar Road, City Center",3001234567,dr.asim@heartclinic.com,8:00 AM to 7:00 PM,Saturday,2 PM,I'm worried. Need Dr. Asim quickly.,We understand. Available tomorrow?,430,بکنگ
431,Booking,worried,Aisha,Dr. Asim,Cardiologist,1500,"MBBS, MD Cardiology, Fellow of American College of Cardiology",15 years,"Asim Heart Clinic, Main Bazaar Road, City Center",3001234567,dr.asim@heartclinic.com,8:00 AM to 7:00 PM,Tuesday,3 PM,I'm worried. Need Dr. Asim quickly.,We understand. Available tomorrow?,431,بکنگ
432,Booking,worried,Sara,Dr. Asim,Cardiologist,1500,"MBBS, MD Cardiology, Fellow of American College of Cardiology",15 years,"Asim Heart Clinic, Main Bazaar Road, City Center",3001234567,dr.asim@heartclinic.com,8:00 AM to 7:00 PM,Friday,9 AM,I'm worried. Need Dr. Asim quickly.,We understand. Available tomorrow?,432,بکنگ
433,Booking,worried,Wasim,Dr. Asim,Cardiologist,1500,"MBBS, MD Cardiology, Fellow of American College of Cardiology",15 years,"Asim Heart Clinic, Main Bazaar Road, City Center",3001234567,dr.asim@heartclinic.com,8:00 AM to 7:00 PM,Friday,2 PM,I'm worried. Need Dr. Asim quickly.,We understand. Available tomorrow?,433,بکنگ
434,Booking,worried,Nasrin,Dr. Asim,Cardiologist,1500,"MBBS, MD Cardiology, Fellow of American College of Cardiology",15 years,"Asim Heart Clinic, Main Bazaar Road, City Center",3001234567,dr.asim@heartclinic.com,8:00 AM to 7:00 PM,Friday,5 PM,I'm worried. Need Dr. Asim quickly.,We understand. Available tomorrow?,434,بکنگ
435,Booking,worried,Hassan,Dr. Asim,Cardiologist,1500,"MBBS, MD Cardiology, Fellow of American College of Cardiology",15 years,"Asim Heart Clinic, Main Bazaar Road, City Center",3001234567,dr.asim@heartclinic.com,8:00 AM to 7:00 PM,Monday,2 PM,I'm worried. Need Dr. Asim quickly.,We understand. Available tomorrow?,435,بکنگ
436,Booking,worried,Hira,Dr. Asim,Cardiologist,1500,"MBBS, MD Cardiology, Fellow of American College of Cardiology",15 years,"Asim Heart Clinic, Main Bazaar Road, City Center",3001234567,dr.asim@heartclinic.com,8:00 AM to 7:00 PM,Monday,2 PM,I'm worried. Need Dr. Asim quickly.,We understand. Available tomorrow?,436,بکنگ
437,Booking,worried,Noor,Dr. Asim,Cardiologist,1500,"MBBS, MD Cardiology, Fellow of American College of Cardiology",15 years,"Asim Heart Clinic, Main Bazaar Road, City Center",3001234567,dr.asim@heartclinic.com,8:00 AM to 7:00 PM,Monday,8 AM,I'm worried. Need Dr. Asim quickly.,We understand. Available tomorrow?,437,بکنگ
438,Booking,worried,Ali,Dr. Asim,Cardiologist,1500,"MBBS, MD Cardiology, Fellow of American College of Cardiology",15 years,"Asim Heart Clinic, Main Bazaar Road, City Center",3001234567,dr.asim@heartclinic.com,8:00 AM to 7:00 PM,Tuesday,3 PM,I'm worried. Need Dr. Asim quickly.,We understand. Available tomorrow?,438,بکنگ
439,Booking,worried,Rukhsana,Dr. Asim,Cardiologist,1500,"MBBS, MD Cardiology, Fellow of American College of Cardiology",15 years,"Asim Heart Clinic, Main Bazaar Road, City Center",3001234567,dr.asim@heartclinic.com,8:00 AM to 7:00 PM,Saturday,10 AM,I'm worried. Need Dr. Asim quickly.,We understand. Available tomorrow?,439,بکنگ
440,Booking,worried,Samir,Dr. Asim,Cardiologist,1500,"MBBS, MD Cardiology, Fellow of American College of Cardiology",15 years,"Asim Heart Clinic, Main Bazaar Road, City Center",3001234567,dr.asim@heartclinic.com,8:00 AM to 7:00 PM,Saturday,10 AM,I'm worried. Need Dr. Asim quickly.,We understand. Available tomorrow?,440,بکنگ
441,Booking,worried,Wasim,Dr. Asim,Cardiologist,1500,"MBBS, MD Cardiology, Fellow of American College of Cardiology",15 years,"Asim Heart Clinic, Main Bazaar Road, City Center",3001234567,dr.asim@heartclinic.com,8:00 AM to 7:00 PM,Thursday,2 PM,I'm scared. Need appointment with Dr. Asim.,We'll help. Tell us the issue.,441,بکنگ
442,Booking,worried,Bilal,Dr. Asim,Cardiologist,1500,"MBBS, MD Cardiology, Fellow of American College of Cardiology",15 years,"Asim Heart Clinic, Main Bazaar Road, City Center",3001234567,dr.asim@heartclinic.com,8:00 AM to 7:00 PM,Wednesday,3 PM,I'm scared. Need appointment with Dr. Asim.,We'll help. Tell us the issue.,442,بکنگ
443,Booking,worried,Ayesha,Dr. Asim,Cardiologist,1500,"MBBS, MD Cardiology, Fellow of American College of Cardiology",15 years,"Asim Heart Clinic, Main Bazaar Road, City Center",3001234567,dr.asim@heartclinic.com,8:00 AM to 7:00 PM,Saturday,5 PM,I'm scared. Need appointment with Dr. Asim.,We'll help. Tell us the issue.,443,بکنگ
444,Booking,worried,Wasim,Dr. Asim,Cardiologist,1500,"MBBS, MD Cardiology, Fellow of American College of Cardiology",15 years,"Asim Heart Clinic, Main Bazaar Road, City Center",3001234567,dr.asim@heartclinic.com,8:00 AM to 7:00 PM,Tuesday,8 AM,I'm scared. Need appointment with Dr. Asim.,We'll help. Tell us the issue.,444,بکنگ
445,Booking,worried,Noor,Dr. Asim,Cardiologist,1500,"MBBS, MD Cardiology, Fellow of American College of Cardiology",15 years,"Asim Heart Clinic, Main Bazaar Road, City Center",3001234567,dr.asim@heartclinic.com,8:00 AM to 7:00 PM,Friday,11 AM,I'm scared. Need appointment with Dr. Asim.,We'll help. Tell us the issue.,445,بکنگ
446,Booking,worried,Salim,Dr. Asim,Cardiologist,1500,"MBBS, MD Cardiology, Fellow of American College of Cardiology",15 years,"Asim Heart Clinic, Main Bazaar Road, City Center",3001234567,dr.asim@heartclinic.com,8:00 AM to 7:00 PM,Wednesday,5 PM,I'm scared. Need appointment with Dr. Asim.,We'll help. Tell us the issue.,446,بکنگ
447,Booking,worried,Hassan,Dr. Asim,Cardiologist,1500,"MBBS, MD Cardiology, Fellow of American College of Cardiology",15 years,"Asim Heart Clinic, Main Bazaar Road, City Center",3001234567,dr.asim@heartclinic.com,8:00 AM to 7:00 PM,Wednesday,9 AM,I'm scared. Need appointment with Dr. Asim.,We'll help. Tell us the issue.,447,بکنگ
448,Booking,worried,Rashid,Dr. Asim,Cardiologist,1500,"MBBS, MD Cardiology, Fellow of American College of Cardiology",15 years,"Asim Heart Clinic, Main Bazaar Road, City Center",3001234567,dr.asim@heartclinic.com,8:00 AM to 7:00 PM,Tuesday,11 AM,I'm scared. Need appointment with Dr. Asim.,We'll help. Tell us the issue.,448,بکنگ
449,Booking,worried,Nida,Dr. Asim,Cardiologist,1500,"MBBS, MD Cardiology, Fellow of American College of Cardiology",15 years,"Asim Heart Clinic, Main Bazaar Road, City Center",3001234567,dr.asim@heartclinic.com,8:00 AM to 7:00 PM,Wednesday,5 PM,I'm scared. Need appointment with Dr. Asim.,We'll help. Tell us the issue.,449,بکنگ
450,Booking,worried,Tariq,Dr. Asim,Cardiologist,1500,"MBBS, MD Cardiology, Fellow of American College of Cardiology",15 years,"Asim Heart Clinic, Main Bazaar Road, City Center",3001234567,dr.asim@heartclinic.com,8:00 AM to 7:00 PM,Monday,3 PM,I'm scared. Need appointment with Dr. Asim.,We'll help. Tell us the issue.,450,بکنگ
451,Booking,worried,Ayesha,Dr. Asim,Cardiologist,1500,"MBBS, MD Cardiology, Fellow of American College of Cardiology",15 years,"Asim Heart Clinic, Main Bazaar Road, City Center",3001234567,dr.asim@heartclinic.com,8:00 AM to 7:00 PM,Friday,3 PM,I'm scared. Need appointment with Dr. Asim.,We'll help. Tell us the issue.,451,بکنگ
452,Booking,worried,Layla,Dr. Asim,Cardiologist,1500,"MBBS, MD Cardiology, Fellow of American College of Cardiology",15 years,"Asim Heart Clinic, Main Bazaar Road, City Center",3001234567,dr.asim@heartclinic.com,8:00 AM to 7:00 PM,Thursday,3 PM,I'm scared. Need appointment with Dr. Asim.,We'll help. Tell us the issue.,452,بکنگ
453,Booking,worried,Wasim,Dr. Asim,Cardiologist,1500,"MBBS, MD Cardiology, Fellow of American College of Cardiology",15 years,"Asim Heart Clinic, Main Bazaar Road, City Center",3001234567,dr.asim@heartclinic.com,8:00 AM to 7:00 PM,Monday,4 PM,I'm scared. Need appointment with Dr. Asim.,We'll help. Tell us the issue.,453,بکنگ
454,Booking,worried,Nida,Dr. Asim,Cardiologist,1500,"MBBS, MD Cardiology, Fellow of American College of Cardiology",15 years,"Asim Heart Clinic, Main Bazaar Road, City Center",3001234567,dr.asim@heartclinic.com,8:00 AM to 7:00 PM,Tuesday,11 AM,I'm scared. Need appointment with Dr. Asim.,We'll help. Tell us the issue.,454,بکنگ
455,Booking,worried,Fatima,Dr. Asim,Cardiologist,1500,"MBBS, MD Cardiology, Fellow of American College of Cardiology",15 years,"Asim Heart Clinic, Main Bazaar Road, City Center",3001234567,dr.asim@heartclinic.com,8:00 AM to 7:00 PM,Monday,3 PM,I'm scared. Need appointment with Dr. Asim.,We'll help. Tell us the issue.,455,بکنگ
456,Booking,worried,Hassan,Dr. Asim,Cardiologist,1500,"MBBS, MD Cardiology, Fellow of American College of Cardiology",15 years,"Asim Heart Clinic, Main Bazaar Road, City Center",3001234567,dr.asim@heartclinic.com,8:00 AM to 7:00 PM,Saturday,2 PM,I'm scared. Need appointment with Dr. Asim.,We'll help. Tell us the issue.,456,بکنگ
457,Booking,worried,Rashid,Dr. Asim,Cardiologist,1500,"MBBS, MD Cardiology, Fellow of American College of Cardiology",15 years,"Asim Heart Clinic, Main Bazaar Road, City Center",3001234567,dr.asim@heartclinic.com,8:00 AM to 7:00 PM,Friday,11 AM,I'm scared. Need appointment with Dr. Asim.,We'll help. Tell us the issue.,457,بکنگ
458,Booking,worried,Sara,Dr. Asim,Cardiologist,1500,"MBBS, MD Cardiology, Fellow of American College of Cardiology",15 years,"Asim Heart Clinic, Main Bazaar Road, City Center",3001234567,dr.asim@heartclinic.com,8:00 AM to 7:00 PM,Monday,5 PM,I'm scared. Need appointment with Dr. Asim.,We'll help. Tell us the issue.,458,بکنگ
459,Booking,worried,Rashid,Dr. Asim,Cardiologist,1500,"MBBS, MD Cardiology, Fellow of American College of Cardiology",15 years,"Asim Heart Clinic, Main Bazaar Road, City Center",3001234567,dr.asim@heartclinic.com,8:00 AM to 7:00 PM,Wednesday,3 PM,I'm scared. Need appointment with Dr. Asim.,We'll help. Tell us the issue.,459,بکنگ
460,Booking,worried,Hassan,Dr. Asim,Cardiologist,1500,"MBBS, MD Cardiology, Fellow of American College of Cardiology",15 years,"Asim Heart Clinic, Main Bazaar Road, City Center",3001234567,dr.asim@heartclinic.com,8:00 AM to 7:00 PM,Thursday,8 AM,I'm scared. Need appointment with Dr. Asim.,We'll help. Tell us the issue.,460,بکنگ
461,Booking,worried,Noor,Dr. Asim,Cardiologist,1500,"MBBS, MD Cardiology, Fellow of American College of Cardiology",15 years,"Asim Heart Clinic, Main Bazaar Road, City Center",3001234567,dr.asim@heartclinic.com,8:00 AM to 7:00 PM,Thursday,8 AM,Really worried about my heart. Need Dr. Asim.,Don't worry. We have urgent slots.,461,بکنگ
462,Booking,worried,Ahmed,Dr. Asim,Cardiologist,1500,"MBBS, MD Cardiology, Fellow of American College of Cardiology",15 years,"Asim Heart Clinic, Main Bazaar Road, City Center",3001234567,dr.asim@heartclinic.com,8:00 AM to 7:00 PM,Tuesday,5 PM,Really worried about my heart. Need Dr. Asim.,Don't worry. We have urgent slots.,462,بکنگ
463,Booking,worried,Malik,Dr. Asim,Cardiologist,1500,"MBBS, MD Cardiology, Fellow of American College of Cardiology",15 years,"Asim Heart Clinic, Main Bazaar Road, City Center",3001234567,dr.asim@heartclinic.com,8:00 AM to 7:00 PM,Monday,9 AM,Really worried about my heart. Need Dr. Asim.,Don't worry. We have urgent slots.,463,بکنگ
464,Booking,worried,Samir,Dr. Asim,Cardiologist,1500,"MBBS, MD Cardiology, Fellow of American College of Cardiology",15 years,"Asim Heart Clinic, Main Bazaar Road, City Center",3001234567,dr.asim@heartclinic.com,8:00 AM to 7:00 PM,Wednesday,11 AM,Really worried about my heart. Need Dr. Asim.,Don't worry. We have urgent slots.,464,بکنگ
465,Booking,worried,Malik,Dr. Asim,Cardiologist,1500,"MBBS, MD Cardiology, Fellow of American College of Cardiology",15 years,"Asim Heart Clinic, Main Bazaar Road, City Center",3001234567,dr.asim@heartclinic.com,8:00 AM to 7:00 PM,Wednesday,9 AM,Really worried about my heart. Need Dr. Asim.,Don't worry. We have urgent slots.,465,بکنگ
466,Booking,worried,Samir,Dr. Asim,Cardiologist,1500,"MBBS, MD Cardiology, Fellow of American College of Cardiology",15 years,"Asim Heart Clinic, Main Bazaar Road, City Center",3001234567,dr.asim@heartclinic.com,8:00 AM to 7:00 PM,Saturday,4 PM,Really worried about my heart. Need Dr. Asim.,Don't worry. We have urgent slots.,466,بکنگ
467,Booking,worried,Sara,Dr. Asim,Cardiologist,1500,"MBBS, MD Cardiology, Fellow of American College of Cardiology",15 years,"Asim Heart Clinic, Main Bazaar Road, City Center",3001234567,dr.asim@heartclinic.com,8:00 AM to 7:00 PM,Monday,3 PM,Really worried about my heart. Need Dr. Asim.,Don't worry. We have urgent slots.,467,بکنگ
468,Booking,worried,Aisha,Dr. Asim,Cardiologist,1500,"MBBS, MD Cardiology, Fellow of American College of Cardiology",15 years,"Asim Heart Clinic, Main Bazaar Road, City Center",3001234567,dr.asim@heartclinic.com,8:00 AM to 7:00 PM,Tuesday,5 PM,Really worried about my heart. Need Dr. Asim.,Don't worry. We have urgent slots.,468,بکنگ
469,Booking,worried,Karim,Dr. Asim,Cardiologist,1500,"MBBS, MD Cardiology, Fellow of American College of Cardiology",15 years,"Asim Heart Clinic, Main Bazaar Road, City Center",3001234567,dr.asim@heartclinic.com,8:00 AM to 7:00 PM,Monday,8 AM,Really worried about my heart. Need Dr. Asim.,Don't worry. We have urgent slots.,469,بکنگ
470,Booking,worried,Hamza,Dr. Asim,Cardiologist,1500,"MBBS, MD Cardiology, Fellow of American College of Cardiology",15 years,"Asim Heart Clinic, Main Bazaar Road, City Center",3001234567,dr.asim@heartclinic.com,8:00 AM to 7:00 PM,Thursday,2 PM,Really worried about my heart. Need Dr. Asim.,Don't worry. We have urgent slots.,470,بکنگ
471,Booking,worried,Sana,Dr. Asim,Cardiologist,1500,"MBBS, MD Cardiology, Fellow of American College of Cardiology",15 years,"Asim Heart Clinic, Main Bazaar Road, City Center",3001234567,dr.asim@heartclinic.com,8:00 AM to 7:00 PM,Wednesday,11 AM,Really worried about my heart. Need Dr. Asim.,Don't worry. We have urgent slots.,471,بکنگ
472,Booking,worried,Wasim,Dr. Asim,Cardiologist,1500,"MBBS, MD Cardiology, Fellow of American College of Cardiology",15 years,"Asim Heart Clinic, Main Bazaar Road, City Center",3001234567,dr.asim@heartclinic.com,8:00 AM to 7:00 PM,Monday,4 PM,Really worried about my heart. Need Dr. Asim.,Don't worry. We have urgent slots.,472,بکنگ
473,Booking,worried,Samir,Dr. Asim,Cardiologist,1500,"MBBS, MD Cardiology, Fellow of American College of Cardiology",15 years,"Asim Heart Clinic, Main Bazaar Road, City Center",3001234567,dr.asim@heartclinic.com,8:00 AM to 7:00 PM,Wednesday,9 AM,Really worried about my heart. Need Dr. Asim.,Don't worry. We have urgent slots.,473,بکنگ
474,Booking,worried,Rashid,Dr. Asim,Cardiologist,1500,"MBBS, MD Cardiology, Fellow of American College of Cardiology",15 years,"Asim Heart Clinic, Main Bazaar Road, City Center",3001234567,dr.asim@heartclinic.com,8:00 AM to 7:00 PM,Thursday,2 PM,Really worried about my heart. Need Dr. Asim.,Don't worry. We have urgent slots.,474,بکنگ
475,Booking,worried,Rashid,Dr. Asim,Cardiologist,1500,"MBBS, MD Cardiology, Fellow of American College of Cardiology",15 years,"Asim Heart Clinic, Main Bazaar Road, City Center",3001234567,dr.asim@heartclinic.com,8:00 AM to 7:00 PM,Tuesday,9 AM,Really worried about my heart. Need Dr. Asim.,Don't worry. We have urgent slots.,475,بکنگ
476,Booking,worried,Tariq,Dr. Asim,Cardiologist,1500,"MBBS, MD Cardiology, Fellow of American College of Cardiology",15 years,"Asim Heart Clinic, Main Bazaar Road, City Center",3001234567,dr.asim@heartclinic.com,8:00 AM to 7:00 PM,Friday,2 PM,Really worried about my heart. Need Dr. Asim.,Don't worry. We have urgent slots.,476,بکنگ
477,Booking,worried,Nasrin,Dr. Asim,Cardiologist,1500,"MBBS, MD Cardiology, Fellow of American College of Cardiology",15 years,"Asim Heart Clinic, Main Bazaar Road, City Center",3001234567,dr.asim@heartclinic.com,8:00 AM to 7:00 PM,Friday,8 AM,Really worried about my heart. Need Dr. Asim.,Don't worry. We have urgent slots.,477,بکنگ
478,Booking,worried,Noor,Dr. Asim,Cardiologist,1500,"MBBS, MD Cardiology, Fellow of American College of Cardiology",15 years,"Asim Heart Clinic, Main Bazaar Road, City Center",3001234567,dr.asim@heartclinic.com,8:00 AM to 7:00 PM,Saturday,9 AM,Really worried about my heart. Need Dr. Asim.,Don't worry. We have urgent slots.,478,بکنگ
479,Booking,worried,Malik,Dr. Asim,Cardiologist,1500,"MBBS, MD Cardiology, Fellow of American College of Cardiology",15 years,"Asim Heart Clinic, Main Bazaar Road, City Center",3001234567,dr.asim@heartclinic.com,8:00 AM to 7:00 PM,Thursday,2 PM,Really worried about my heart. Need Dr. Asim.,Don't worry. We have urgent slots.,479,بکنگ
480,Booking,worried,Bilal,Dr. Asim,Cardiologist,1500,"MBBS, MD Cardiology, Fellow of American College of Cardiology",15 years,"Asim Heart Clinic, Main Bazaar Road, City Center",3001234567,dr.asim@heartclinic.com,8:00 AM to 7:00 PM,Wednesday,8 AM,Really worried about my heart. Need Dr. Asim.,Don't worry. We have urgent slots.,480,بکنگ
481,Booking,worried,Aisha,Dr. Asim,Cardiologist,1500,"MBBS, MD Cardiology, Fellow of American College of Cardiology",15 years,"Asim Heart Clinic, Main Bazaar Road, City Center",3001234567,dr.asim@heartclinic.com,8:00 AM to 7:00 PM,Tuesday,9 AM,Feeling chest pain. Need Dr. Asim immediately.,Come immediately. {doctor_name} available now.,481,بکنگ
482,Booking,worried,Ayesha,Dr. Asim,Cardiologist,1500,"MBBS, MD Cardiology, Fellow of American College of Cardiology",15 years,"Asim Heart Clinic, Main Bazaar Road, City Center",3001234567,dr.asim@heartclinic.com,8:00 AM to 7:00 PM,Tuesday,10 AM,Feeling chest pain. Need Dr. Asim immediately.,Come immediately. {doctor_name} available now.,482,بکنگ
483,Booking,worried,Farida,Dr. Asim,Cardiologist,1500,"MBBS, MD Cardiology, Fellow of American College of Cardiology",15 years,"Asim Heart Clinic, Main Bazaar Road, City Center",3001234567,dr.asim@heartclinic.com,8:00 AM to 7:00 PM,Thursday,10 AM,Feeling chest pain. Need Dr. Asim immediately.,Come immediately. {doctor_name} available now.,483,بکنگ
484,Booking,worried,Noor,Dr. Asim,Cardiologist,1500,"MBBS, MD Cardiology, Fellow of American College of Cardiology",15 years,"Asim Heart Clinic, Main Bazaar Road, City Center",3001234567,dr.asim@heartclinic.com,8:00 AM to 7:00 PM,Thursday,8 AM,Feeling chest pain. Need Dr. Asim immediately.,Come immediately. {doctor_name} available now.,484,بکنگ
485,Booking,worried,Hira,Dr. Asim,Cardiologist,1500,"MBBS, MD Cardiology, Fellow of American College of Cardiology",15 years,"Asim Heart Clinic, Main Bazaar Road, City Center",3001234567,dr.asim@heartclinic.com,8:00 AM to 7:00 PM,Monday,4 PM,Feeling chest pain. Need Dr. Asim immediately.,Come immediately. {doctor_name} available now.,485,بکنگ
486,Booking,worried,Hassan,Dr. Asim,Cardiologist,1500,"MBBS, MD Cardiology, Fellow of American College of Cardiology",15 years,"Asim Heart Clinic, Main Bazaar Road, City Center",3001234567,dr.asim@heartclinic.com,8:00 AM to 7:00 PM,Monday,8 AM,Feeling chest pain. Need Dr. Asim immediately.,Come immediately. {doctor_name} available now.,486,بکنگ
487,Booking,worried,Faisal,Dr. Asim,Cardiologist,1500,"MBBS, MD Cardiology, Fellow of American College of Cardiology",15 years,"Asim Heart Clinic, Main Bazaar Road, City Center",3001234567,dr.asim@heartclinic.com,8:00 AM to 7:00 PM,Tuesday,9 AM,Feeling chest pain. Need Dr. Asim immediately.,Come immediately. {doctor_name} available now.,487,بکنگ
488,Booking,worried,Nida,Dr. Asim,Cardiologist,1500,"MBBS, MD Cardiology, Fellow of American College of Cardiology",15 years,"Asim Heart Clinic, Main Bazaar Road, City Center",3001234567,dr.asim@heartclinic.com,8:00 AM to 7:00 PM,Friday,3 PM,Feeling chest pain. Need Dr. Asim immediately.,Come immediately. {doctor_name} available now.,488,بکنگ
489,Booking,worried,Aisha,Dr. Asim,Cardiologist,1500,"MBBS, MD Cardiology, Fellow of American College of Cardiology",15 years,"Asim Heart Clinic, Main Bazaar Road, City Center",3001234567,dr.asim@heartclinic.com,8:00 AM to 7:00 PM,Saturday,3 PM,Feeling chest pain. Need Dr. Asim immediately.,Come immediately. {doctor_name} available now.,489,بکنگ
490,Booking,worried,Nasrin,Dr. Asim,Cardiologist,1500,"MBBS, MD Cardiology, Fellow of American College of Cardiology",15 years,"Asim Heart Clinic, Main Bazaar Road, City Center",3001234567,dr.asim@heartclinic.com,8:00 AM to 7:00 PM,Tuesday,4 PM,Feeling chest pain. Need Dr. Asim immediately.,Come immediately. {doctor_name} available now.,490,بکنگ
491,Booking,worried,Ahmed,Dr. Asim,Cardiologist,1500,"MBBS, MD Cardiology, Fellow of American College of Cardiology",15 years,"Asim Heart Clinic, Main Bazaar Road, City Center",3001234567,dr.asim@heartclinic.com,8:00 AM to 7:00 PM,Thursday,3 PM,Feeling chest pain. Need Dr. Asim immediately.,Come immediately. {doctor_name} available now.,491,بکنگ
492,Booking,worried,Usman,Dr. Asim,Cardiologist,1500,"MBBS, MD Cardiology, Fellow of American College of Cardiology",15 years,"Asim Heart Clinic, Main Bazaar Road, City Center",3001234567,dr.asim@heartclinic.com,8:00 AM to 7:00 PM,Thursday,3 PM,Feeling chest pain. Need Dr. Asim immediately.,Come immediately. {doctor_name} available now.,492,بکنگ
493,Booking,worried,Ayesha,Dr. Asim,Cardiologist,1500,"MBBS, MD Cardiology, Fellow of American College of Cardiology",15 years,"Asim Heart Clinic, Main Bazaar Road, City Center",3001234567,dr.asim@heartclinic.com,8:00 AM to 7:00 PM,Thursday,4 PM,Feeling chest pain. Need Dr. Asim immediately.,Come immediately. {doctor_name} available now.,493,بکنگ
494,Booking,worried,Hira,Dr. Asim,Cardiologist,1500,"MBBS, MD Cardiology, Fellow of American College of Cardiology",15 years,"Asim Heart Clinic, Main Bazaar Road, City Center",3001234567,dr.asim@heartclinic.com,8:00 AM to 7:00 PM,Friday,11 AM,Feeling chest pain. Need Dr. Asim immediately.,Come immediately. {doctor_name} available now.,494,بکنگ
495,Booking,worried,Amina,Dr. Asim,Cardiologist,1500,"MBBS, MD Cardiology, Fellow of American College of Cardiology",15 years,"Asim Heart Clinic, Main Bazaar Road, City Center",3001234567,dr.asim@heartclinic.com,8:00 AM to 7:00 PM,Tuesday,4 PM,Feeling chest pain. Need Dr. Asim immediately.,Come immediately. {doctor_name} available now.,495,بکنگ
496,Booking,worried,Ali,Dr. Asim,Cardiologist,1500,"MBBS, MD Cardiology, Fellow of American College of Cardiology",15 years,"Asim Heart Clinic, Main Bazaar Road, City Center",3001234567,dr.asim@heartclinic.com,8:00 AM to 7:00 PM,Wednesday,2 PM,Feeling chest pain. Need Dr. Asim immediately.,Come immediately. {doctor_name} available now.,496,بکنگ
497,Booking,worried,Bilal,Dr. Asim,Cardiologist,1500,"MBBS, MD Cardiology, Fellow of American College of Cardiology",15 years,"Asim Heart Clinic, Main Bazaar Road, City Center",3001234567,dr.asim@heartclinic.com,8:00 AM to 7:00 PM,Tuesday,4 PM,Feeling chest pain. Need Dr. Asim immediately.,Come immediately. {doctor_name} available now.,497,بکنگ
498,Booking,worried,Hassan,Dr. Asim,Cardiologist,1500,"MBBS, MD Cardiology, Fellow of American College of Cardiology",15 years,"Asim Heart Clinic, Main Bazaar Road, City Center",3001234567,dr.asim@heartclinic.com,8:00 AM to 7:00 PM,Friday,8 AM,Feeling chest pain. Need Dr. Asim immediately.,Come immediately. {doctor_name} available now.,498,بکنگ
499,Booking,worried,Wasim,Dr. Asim,Cardiologist,1500,"MBBS, MD Cardiology, Fellow of American College of Cardiology",15 years,"Asim Heart Clinic, Main Bazaar Road, City Center",3001234567,dr.asim@heartclinic.com,8:00 AM to 7:00 PM,Saturday,3 PM,Feeling chest pain. Need Dr. Asim immediately.,Come immediately. {doctor_name} available now.,499,بکنگ
500,Booking,worried,Noor,Dr. Asim,Cardiologist,1500,"MBBS, MD Cardiology, Fellow of American College of Cardiology",15 years,"Asim Heart Clinic, Main Bazaar Road, City Center",3001234567,dr.asim@heartclinic.com,8:00 AM to 7:00 PM,Saturday,5 PM,Feeling chest pain. Need Dr. Asim immediately.,Come immediately. {doctor_name} available now.,500,بکنگ
501,Cancellation,formal,Nasrin,Dr. Asim,Cardiologist,1500,"MBBS, MD Cardiology, Fellow of American College of Cardiology",15 years,"Asim Heart Clinic, Main Bazaar Road, City Center",3001234567,dr.asim@heartclinic.com,8:00 AM to 7:00 PM,Friday,3 PM,I need to cancel my appointment with Dr. Asim.,No problem. When was it scheduled?,501,منسوخی
502,Cancellation,formal,Mina,Dr. Asim,Cardiologist,1500,"MBBS, MD Cardiology, Fellow of American College of Cardiology",15 years,"Asim Heart Clinic, Main Bazaar Road, City Center",3001234567,dr.asim@heartclinic.com,8:00 AM to 7:00 PM,Saturday,5 PM,I need to cancel my appointment with Dr. Asim.,No problem. When was it scheduled?,502,منسوخی
503,Cancellation,formal,Hira,Dr. Asim,Cardiologist,1500,"MBBS, MD Cardiology, Fellow of American College of Cardiology",15 years,"Asim Heart Clinic, Main Bazaar Road, City Center",3001234567,dr.asim@heartclinic.com,8:00 AM to 7:00 PM,Saturday,4 PM,I need to cancel my appointment with Dr. Asim.,No problem. When was it scheduled?,503,منسوخی
504,Cancellation,formal,Ahmed,Dr. Asim,Cardiologist,1500,"MBBS, MD Cardiology, Fellow of American College of Cardiology",15 years,"Asim Heart Clinic, Main Bazaar Road, City Center",3001234567,dr.asim@heartclinic.com,8:00 AM to 7:00 PM,Tuesday,8 AM,I need to cancel my appointment with Dr. Asim.,No problem. When was it scheduled?,504,منسوخی
505,Cancellation,formal,Usman,Dr. Asim,Cardiologist,1500,"MBBS, MD Cardiology, Fellow of American College of Cardiology",15 years,"Asim Heart Clinic, Main Bazaar Road, City Center",3001234567,dr.asim@heartclinic.com,8:00 AM to 7:00 PM,Monday,9 AM,I need to cancel my appointment with Dr. Asim.,No problem. When was it scheduled?,505,منسوخی
506,Cancellation,formal,Farida,Dr. Asim,Cardiologist,1500,"MBBS, MD Cardiology, Fellow of American College of Cardiology",15 years,"Asim Heart Clinic, Main Bazaar Road, City Center",3001234567,dr.asim@heartclinic.com,8:00 AM to 7:00 PM,Friday,3 PM,I need to cancel my appointment with Dr. Asim.,No problem. When was it scheduled?,506,منسوخی
507,Cancellation,formal,Mina,Dr. Asim,Cardiologist,1500,"MBBS, MD Cardiology, Fellow of American College of Cardiology",15 years,"Asim Heart Clinic, Main Bazaar Road, City Center",3001234567,dr.asim@heartclinic.com,8:00 AM to 7:00 PM,Wednesday,10 AM,I need to cancel my appointment with Dr. Asim.,No problem. When was it scheduled?,507,منسوخی
508,Cancellation,formal,Aisha,Dr. Asim,Cardiologist,1500,"MBBS, MD Cardiology, Fellow of American College of Cardiology",15 years,"Asim Heart Clinic, Main Bazaar Road, City Center",3001234567,dr.asim@heartclinic.com,8:00 AM to 7:00 PM,Tuesday,9 AM,I need to cancel my appointment with Dr. Asim.,No problem. When was it scheduled?,508,منسوخی
509,Cancellation,formal,Noor,Dr. Asim,Cardiologist,1500,"MBBS, MD Cardiology, Fellow of American College of Cardiology",15 years,"Asim Heart Clinic, Main Bazaar Road, City Center",3001234567,dr.asim@heartclinic.com,8:00 AM to 7:00 PM,Thursday,5 PM,I need to cancel my appointment with Dr. Asim.,No problem. When was it scheduled?,509,منسوخی
510,Cancellation,formal,Tariq,Dr. Asim,Cardiologist,1500,"MBBS, MD Cardiology, Fellow of American College of Cardiology",15 years,"Asim Heart Clinic, Main Bazaar Road, City Center",3001234567,dr.asim@heartclinic.com,8:00 AM to 7:00 PM,Tuesday,8 AM,I need to cancel my appointment with Dr. Asim.,No problem. When was it scheduled?,510,منسوخی
511,Cancellation,formal,Hassan,Dr. Asim,Cardiologist,1500,"MBBS, MD Cardiology, Fellow of American College of Cardiology",15 years,"Asim Heart Clinic, Main Bazaar Road, City Center",3001234567,dr.asim@heartclinic.com,8:00 AM to 7:00 PM,Thursday,10 AM,I need to cancel my appointment with Dr. Asim.,No problem. When was it scheduled?,511,منسوخی
512,Cancellation,formal,Ahmed,Dr. Asim,Cardiologist,1500,"MBBS, MD Cardiology, Fellow of American College of Cardiology",15 years,"Asim Heart Clinic, Main Bazaar Road, City Center",3001234567,dr.asim@heartclinic.com,8:00 AM to 7:00 PM,Friday,4 PM,I need to cancel my appointment with Dr. Asim.,No problem. When was it scheduled?,512,منسوخی
513,Cancellation,formal,Amina,Dr. Asim,Cardiologist,1500,"MBBS, MD Cardiology, Fellow of American College of Cardiology",15 years,"Asim Heart Clinic, Main Bazaar Road, City Center",3001234567,dr.asim@heartclinic.com,8:00 AM to 7:00 PM,Thursday,5 PM,I need to cancel my appointment with Dr. Asim.,No problem. When was it scheduled?,513,منسوخی
514,Cancellation,formal,Malik,Dr. Asim,Cardiologist,1500,"MBBS, MD Cardiology, Fellow of American College of Cardiology",15 years,"Asim Heart Clinic, Main Bazaar Road, City Center",3001234567,dr.asim@heartclinic.com,8:00 AM to 7:00 PM,Thursday,5 PM,I need to cancel my appointment with Dr. Asim.,No problem. When was it scheduled?,514,منسوخی
515,Cancellation,formal,Hassan,Dr. Asim,Cardiologist,1500,"MBBS, MD Cardiology, Fellow of American College of Cardiology",15 years,"Asim Heart Clinic, Main Bazaar Road, City Center",3001234567,dr.asim@heartclinic.com,8:00 AM to 7:00 PM,Thursday,5 PM,I need to cancel my appointment with Dr. Asim.,No problem. When was it scheduled?,515,منسوخی
516,Cancellation,formal,Salim,Dr. Asim,Cardiologist,1500,"MBBS, MD Cardiology, Fellow of American College of Cardiology",15 years,"Asim Heart Clinic, Main Bazaar Road, City Center",3001234567,dr.asim@heartclinic.com,8:00 AM to 7:00 PM,Wednesday,5 PM,I need to cancel my appointment with Dr. Asim.,No problem. When was it scheduled?,516,منسوخی
517,Cancellation,formal,Farida,Dr. Asim,Cardiologist,1500,"MBBS, MD Cardiology, Fellow of American College of Cardiology",15 years,"Asim Heart Clinic, Main Bazaar Road, City Center",3001234567,dr.asim@heartclinic.com,8:00 AM to 7:00 PM,Tuesday,2 PM,I need to cancel my appointment with Dr. Asim.,No problem. When was it scheduled?,517,منسوخی
518,Cancellation,formal,Farida,Dr. Asim,Cardiologist,1500,"MBBS, MD Cardiology, Fellow of American College of Cardiology",15 years,"Asim Heart Clinic, Main Bazaar Road, City Center",3001234567,dr.asim@heartclinic.com,8:00 AM to 7:00 PM,Monday,10 AM,I need to cancel my appointment with Dr. Asim.,No problem. When was it scheduled?,518,منسوخی
519,Cancellation,formal,Aisha,Dr. Asim,Cardiologist,1500,"MBBS, MD Cardiology, Fellow of American College of Cardiology",15 years,"Asim Heart Clinic, Main Bazaar Road, City Center",3001234567,dr.asim@heartclinic.com,8:00 AM to 7:00 PM,Saturday,4 PM,I need to cancel my appointment with Dr. Asim.,No problem. When was it scheduled?,519,منسوخی
520,Cancellation,formal,Amina,Dr. Asim,Cardiologist,1500,"MBBS, MD Cardiology, Fellow of American College of Cardiology",15 years,"Asim Heart Clinic, Main Bazaar Road, City Center",3001234567,dr.asim@heartclinic.com,8:00 AM to 7:00 PM,Monday,11 AM,I need to cancel my appointment with Dr. Asim.,No problem. When was it scheduled?,520,منسوخی
521,Cancellation,formal,Bilal,Dr. Asim,Cardiologist,1500,"MBBS, MD Cardiology, Fellow of American College of Cardiology",15 years,"Asim Heart Clinic, Main Bazaar Road, City Center",3001234567,dr.asim@heartclinic.com,8:00 AM to 7:00 PM,Thursday,10 AM,I need to cancel my appointment with Dr. Asim.,No problem. When was it scheduled?,521,منسوخی
522,Cancellation,formal,Bilal,Dr. Asim,Cardiologist,1500,"MBBS, MD Cardiology, Fellow of American College of Cardiology",15 years,"Asim Heart Clinic, Main Bazaar Road, City Center",3001234567,dr.asim@heartclinic.com,8:00 AM to 7:00 PM,Tuesday,3 PM,I need to cancel my appointment with Dr. Asim.,No problem. When was it scheduled?,522,منسوخی
523,Cancellation,formal,Hamza,Dr. Asim,Cardiologist,1500,"MBBS, MD Cardiology, Fellow of American College of Cardiology",15 years,"Asim Heart Clinic, Main Bazaar Road, City Center",3001234567,dr.asim@heartclinic.com,8:00 AM to 7:00 PM,Tuesday,4 PM,I need to cancel my appointment with Dr. Asim.,No problem. When was it scheduled?,523,منسوخی
524,Cancellation,formal,Amina,Dr. Asim,Cardiologist,1500,"MBBS, MD Cardiology, Fellow of American College of Cardiology",15 years,"Asim Heart Clinic, Main Bazaar Road, City Center",3001234567,dr.asim@heartclinic.com,8:00 AM to 7:00 PM,Thursday,4 PM,I need to cancel my appointment with Dr. Asim.,No problem. When was it scheduled?,524,منسوخی
525,Cancellation,formal,Karim,Dr. Asim,Cardiologist,1500,"MBBS, MD Cardiology, Fellow of American College of Cardiology",15 years,"Asim Heart Clinic, Main Bazaar Road, City Center",3001234567,dr.asim@heartclinic.com,8:00 AM to 7:00 PM,Monday,5 PM,I need to cancel my appointment with Dr. Asim.,No problem. When was it scheduled?,525,منسوخی
526,Cancellation,formal,Bilal,Dr. Asim,Cardiologist,1500,"MBBS, MD Cardiology, Fellow of American College of Cardiology",15 years,"Asim Heart Clinic, Main Bazaar Road, City Center",3001234567,dr.asim@heartclinic.com,8:00 AM to 7:00 PM,Friday,8 AM,Please cancel my booking with Dr. Asim.,Of course. Which appointment?,526,منسوخی
527,Cancellation,formal,Ali,Dr. Asim,Cardiologist,1500,"MBBS, MD Cardiology, Fellow of American College of Cardiology",15 years,"Asim Heart Clinic, Main Bazaar Road, City Center",3001234567,dr.asim@heartclinic.com,8:00 AM to 7:00 PM,Monday,11 AM,Please cancel my booking with Dr. Asim.,Of course. Which appointment?,527,منسوخی
528,Cancellation,formal,Amina,Dr. Asim,Cardiologist,1500,"MBBS, MD Cardiology, Fellow of American College of Cardiology",15 years,"Asim Heart Clinic, Main Bazaar Road, City Center",3001234567,dr.asim@heartclinic.com,8:00 AM to 7:00 PM,Tuesday,9 AM,Please cancel my booking with Dr. Asim.,Of course. Which appointment?,528,منسوخی
529,Cancellation,formal,Ayesha,Dr. Asim,Cardiologist,1500,"MBBS, MD Cardiology, Fellow of American College of Cardiology",15 years,"Asim Heart Clinic, Main Bazaar Road, City Center",3001234567,dr.asim@heartclinic.com,8:00 AM to 7:00 PM,Wednesday,5 PM,Please cancel my booking with Dr. Asim.,Of course. Which appointment?,529,منسوخی
530,Cancellation,formal,Ayesha,Dr. Asim,Cardiologist,1500,"MBBS, MD Cardiology, Fellow of American College of Cardiology",15 years,"Asim Heart Clinic, Main Bazaar Road, City Center",3001234567,dr.asim@heartclinic.com,8:00 AM to 7:00 PM,Monday,11 AM,Please cancel my booking with Dr. Asim.,Of course. Which appointment?,530,منسوخی
531,Cancellation,formal,Hira,Dr. Asim,Cardiologist,1500,"MBBS, MD Cardiology, Fellow of American College of Cardiology",15 years,"Asim Heart Clinic, Main Bazaar Road, City Center",3001234567,dr.asim@heartclinic.com,8:00 AM to 7:00 PM,Friday,5 PM,Please cancel my booking with Dr. Asim.,Of course. Which appointment?,531,منسوخی
532,Cancellation,formal,Sara,Dr. Asim,Cardiologist,1500,"MBBS, MD Cardiology, Fellow of American College of Cardiology",15 years,"Asim Heart Clinic, Main Bazaar Road, City Center",3001234567,dr.asim@heartclinic.com,8:00 AM to 7:00 PM,Friday,10 AM,Please cancel my booking with Dr. Asim.,Of course. Which appointment?,532,منسوخی
533,Cancellation,formal,Usman,Dr. Asim,Cardiologist,1500,"MBBS, MD Cardiology, Fellow of American College of Cardiology",15 years,"Asim Heart Clinic, Main Bazaar Road, City Center",3001234567,dr.asim@heartclinic.com,8:00 AM to 7:00 PM,Wednesday,9 AM,Please cancel my booking with Dr. Asim.,Of course. Which appointment?,533,منسوخی
534,Cancellation,formal,Amina,Dr. Asim,Cardiologist,1500,"MBBS, MD Cardiology, Fellow of American College of Cardiology",15 years,"Asim Heart Clinic, Main Bazaar Road, City Center",3001234567,dr.asim@heartclinic.com,8:00 AM to 7:00 PM,Saturday,3 PM,Please cancel my booking with Dr. Asim.,Of course. Which appointment?,534,منسوخی
535,Cancellation,formal,Rashid,Dr. Asim,Cardiologist,1500,"MBBS, MD Cardiology, Fellow of American College of Cardiology",15 years,"Asim Heart Clinic, Main Bazaar Road, City Center",3001234567,dr.asim@heartclinic.com,8:00 AM to 7:00 PM,Friday,11 AM,Please cancel my booking with Dr. Asim.,Of course. Which appointment?,535,منسوخی
536,Cancellation,formal,Tariq,Dr. Asim,Cardiologist,1500,"MBBS, MD Cardiology, Fellow of American College of Cardiology",15 years,"Asim Heart Clinic, Main Bazaar Road, City Center",3001234567,dr.asim@heartclinic.com,8:00 AM to 7:00 PM,Tuesday,9 AM,Please cancel my booking with Dr. Asim.,Of course. Which appointment?,536,منسوخی
537,Cancellation,formal,Bilal,Dr. Asim,Cardiologist,1500,"MBBS, MD Cardiology, Fellow of American College of Cardiology",15 years,"Asim Heart Clinic, Main Bazaar Road, City Center",3001234567,dr.asim@heartclinic.com,8:00 AM to 7:00 PM,Friday,11 AM,Please cancel my booking with Dr. Asim.,Of course. Which appointment?,537,منسوخی
538,Cancellation,formal,Rukhsana,Dr. Asim,Cardiologist,1500,"MBBS, MD Cardiology, Fellow of American College of Cardiology",15 years,"Asim Heart Clinic, Main Bazaar Road, City Center",3001234567,dr.asim@heartclinic.com,8:00 AM to 7:00 PM,Thursday,11 AM,Please cancel my booking with Dr. Asim.,Of course. Which appointment?,538,منسوخی
539,Cancellation,formal,Malik,Dr. Asim,Cardiologist,1500,"MBBS, MD Cardiology, Fellow of American College of Cardiology",15 years,"Asim Heart Clinic, Main Bazaar Road, City Center",3001234567,dr.asim@heartclinic.com,8:00 AM to 7:00 PM,Monday,5 PM,Please cancel my booking with Dr. Asim.,Of course. Which appointment?,539,منسوخی
540,Cancellation,formal,Hamza,Dr. Asim,Cardiologist,1500,"MBBS, MD Cardiology, Fellow of American College of Cardiology",15 years,"Asim Heart Clinic, Main Bazaar Road, City Center",3001234567,dr.asim@heartclinic.com,8:00 AM to 7:00 PM,Thursday,3 PM,Please cancel my booking with Dr. Asim.,Of course. Which appointment?,540,منسوخی
541,Cancellation,formal,Fatima,Dr. Asim,Cardiologist,1500,"MBBS, MD Cardiology, Fellow of American College of Cardiology",15 years,"Asim Heart Clinic, Main Bazaar Road, City Center",3001234567,dr.asim@heartclinic.com,8:00 AM to 7:00 PM,Saturday,9 AM,Please cancel my booking with Dr. Asim.,Of course. Which appointment?,541,منسوخی
542,Cancellation,formal,Noor,Dr. Asim,Cardiologist,1500,"MBBS, MD Cardiology, Fellow of American College of Cardiology",15 years,"Asim Heart Clinic, Main Bazaar Road, City Center",3001234567,dr.asim@heartclinic.com,8:00 AM to 7:00 PM,Friday,4 PM,Please cancel my booking with Dr. Asim.,Of course. Which appointment?,542,منسوخی
543,Cancellation,formal,Farida,Dr. Asim,Cardiologist,1500,"MBBS, MD Cardiology, Fellow of American College of Cardiology",15 years,"Asim Heart Clinic, Main Bazaar Road, City Center",3001234567,dr.asim@heartclinic.com,8:00 AM to 7:00 PM,Tuesday,10 AM,Please cancel my booking with Dr. Asim.,Of course. Which appointment?,543,منسوخی
544,Cancellation,formal,Fatima,Dr. Asim,Cardiologist,1500,"MBBS, MD Cardiology, Fellow of American College of Cardiology",15 years,"Asim Heart Clinic, Main Bazaar Road, City Center",3001234567,dr.asim@heartclinic.com,8:00 AM to 7:00 PM,Thursday,5 PM,Please cancel my booking with Dr. Asim.,Of course. Which appointment?,544,منسوخی
545,Cancellation,formal,Nasrin,Dr. Asim,Cardiologist,1500,"MBBS, MD Cardiology, Fellow of American College of Cardiology",15 years,"Asim Heart Clinic, Main Bazaar Road, City Center",3001234567,dr.asim@heartclinic.com,8:00 AM to 7:00 PM,Thursday,3 PM,Please cancel my booking with Dr. Asim.,Of course. Which appointment?,545,منسوخی
546,Cancellation,formal,Faisal,Dr. Asim,Cardiologist,1500,"MBBS, MD Cardiology, Fellow of American College of Cardiology",15 years,"Asim Heart Clinic, Main Bazaar Road, City Center",3001234567,dr.asim@heartclinic.com,8:00 AM to 7:00 PM,Saturday,5 PM,Please cancel my booking with Dr. Asim.,Of course. Which appointment?,546,منسوخی
547,Cancellation,formal,Aisha,Dr. Asim,Cardiologist,1500,"MBBS, MD Cardiology, Fellow of American College of Cardiology",15 years,"Asim Heart Clinic, Main Bazaar Road, City Center",3001234567,dr.asim@heartclinic.com,8:00 AM to 7:00 PM,Thursday,10 AM,Please cancel my booking with Dr. Asim.,Of course. Which appointment?,547,منسوخی
548,Cancellation,formal,Farida,Dr. Asim,Cardiologist,1500,"MBBS, MD Cardiology, Fellow of American College of Cardiology",15 years,"Asim Heart Clinic, Main Bazaar Road, City Center",3001234567,dr.asim@heartclinic.com,8:00 AM to 7:00 PM,Tuesday,11 AM,Please cancel my booking with Dr. Asim.,Of course. Which appointment?,548,منسوخی
549,Cancellation,formal,Karim,Dr. Asim,Cardiologist,1500,"MBBS, MD Cardiology, Fellow of American College of Cardiology",15 years,"Asim Heart Clinic, Main Bazaar Road, City Center",3001234567,dr.asim@heartclinic.com,8:00 AM to 7:00 PM,Wednesday,5 PM,Please cancel my booking with Dr. Asim.,Of course. Which appointment?,549,منسوخی
550,Cancellation,formal,Usman,Dr. Asim,Cardiologist,1500,"MBBS, MD Cardiology, Fellow of American College of Cardiology",15 years,"Asim Heart Clinic, Main Bazaar Road, City Center",3001234567,dr.asim@heartclinic.com,8:00 AM to 7:00 PM,Wednesday,10 AM,Please cancel my booking with Dr. Asim.,Of course. Which appointment?,550,منسوخی
551,Cancellation,formal,Karim,Dr. Asim,Cardiologist,1500,"MBBS, MD Cardiology, Fellow of American College of Cardiology",15 years,"Asim Heart Clinic, Main Bazaar Road, City Center",3001234567,dr.asim@heartclinic.com,8:00 AM to 7:00 PM,Thursday,2 PM,I must cancel my consultation with Dr. Asim.,Understood. Your appointment is cancelled.,551,منسوخی
552,Cancellation,formal,Amina,Dr. Asim,Cardiologist,1500,"MBBS, MD Cardiology, Fellow of American College of Cardiology",15 years,"Asim Heart Clinic, Main Bazaar Road, City Center",3001234567,dr.asim@heartclinic.com,8:00 AM to 7:00 PM,Wednesday,5 PM,I must cancel my consultation with Dr. Asim.,Understood. Your appointment is cancelled.,552,منسوخی
553,Cancellation,formal,Ahmed,Dr. Asim,Cardiologist,1500,"MBBS, MD Cardiology, Fellow of American College of Cardiology",15 years,"Asim Heart Clinic, Main Bazaar Road, City Center",3001234567,dr.asim@heartclinic.com,8:00 AM to 7:00 PM,Thursday,9 AM,I must cancel my consultation with Dr. Asim.,Understood. Your appointment is cancelled.,553,منسوخی
554,Cancellation,formal,Zainab,Dr. Asim,Cardiologist,1500,"MBBS, MD Cardiology, Fellow of American College of Cardiology",15 years,"Asim Heart Clinic, Main Bazaar Road, City Center",3001234567,dr.asim@heartclinic.com,8:00 AM to 7:00 PM,Saturday,2 PM,I must cancel my consultation with Dr. Asim.,Understood. Your appointment is cancelled.,554,منسوخی
555,Cancellation,formal,Karim,Dr. Asim,Cardiologist,1500,"MBBS, MD Cardiology, Fellow of American College of Cardiology",15 years,"Asim Heart Clinic, Main Bazaar Road, City Center",3001234567,dr.asim@heartclinic.com,8:00 AM to 7:00 PM,Monday,10 AM,I must cancel my consultation with Dr. Asim.,Understood. Your appointment is cancelled.,555,منسوخی
556,Cancellation,formal,Hira,Dr. Asim,Cardiologist,1500,"MBBS, MD Cardiology, Fellow of American College of Cardiology",15 years,"Asim Heart Clinic, Main Bazaar Road, City Center",3001234567,dr.asim@heartclinic.com,8:00 AM to 7:00 PM,Tuesday,2 PM,I must cancel my consultation with Dr. Asim.,Understood. Your appointment is cancelled.,556,منسوخی
557,Cancellation,formal,Salim,Dr. Asim,Cardiologist,1500,"MBBS, MD Cardiology, Fellow of American College of Cardiology",15 years,"Asim Heart Clinic, Main Bazaar Road, City Center",3001234567,dr.asim@heartclinic.com,8:00 AM to 7:00 PM,Monday,4 PM,I must cancel my consultation with Dr. Asim.,Understood. Your appointment is cancelled.,557,منسوخی
558,Cancellation,formal,Ali,Dr. Asim,Cardiologist,1500,"MBBS, MD Cardiology, Fellow of American College of Cardiology",15 years,"Asim Heart Clinic, Main Bazaar Road, City Center",3001234567,dr.asim@heartclinic.com,8:00 AM to 7:00 PM,Wednesday,8 AM,I must cancel my consultation with Dr. Asim.,Understood. Your appointment is cancelled.,558,منسوخی
559,Cancellation,formal,Sara,Dr. Asim,Cardiologist,1500,"MBBS, MD Cardiology, Fellow of American College of Cardiology",15 years,"Asim Heart Clinic, Main Bazaar Road, City Center",3001234567,dr.asim@heartclinic.com,8:00 AM to 7:00 PM,Monday,3 PM,I must cancel my consultation with Dr. Asim.,Understood. Your appointment is cancelled.,559,منسوخی
560,Cancellation,formal,Mina,Dr. Asim,Cardiologist,1500,"MBBS, MD Cardiology, Fellow of American College of Cardiology",15 years,"Asim Heart Clinic, Main Bazaar Road, City Center",3001234567,dr.asim@heartclinic.com,8:00 AM to 7:00 PM,Tuesday,8 AM,I must cancel my consultation with Dr. Asim.,Understood. Your appointment is cancelled.,560,منسوخی
561,Cancellation,formal,Faisal,Dr. Asim,Cardiologist,1500,"MBBS, MD Cardiology, Fellow of American College of Cardiology",15 years,"Asim Heart Clinic, Main Bazaar Road, City Center",3001234567,dr.asim@heartclinic.com,8:00 AM to 7:00 PM,Wednesday,2 PM,I must cancel my consultation with Dr. Asim.,Understood. Your appointment is cancelled.,561,منسوخی
562,Cancellation,formal,Sara,Dr. Asim,Cardiologist,1500,"MBBS, MD Cardiology, Fellow of American College of Cardiology",15 years,"Asim Heart Clinic, Main Bazaar Road, City Center",3001234567,dr.asim@heartclinic.com,8:00 AM to 7:00 PM,Wednesday,5 PM,I must cancel my consultation with Dr. Asim.,Understood. Your appointment is cancelled.,562,منسوخی
563,Cancellation,formal,Farida,Dr. Asim,Cardiologist,1500,"MBBS, MD Cardiology, Fellow of American College of Cardiology",15 years,"Asim Heart Clinic, Main Bazaar Road, City Center",3001234567,dr.asim@heartclinic.com,8:00 AM to 7:00 PM,Wednesday,11 AM,I must cancel my consultation with Dr. Asim.,Understood. Your appointment is cancelled.,563,منسوخی
564,Cancellation,formal,Ali,Dr. Asim,Cardiologist,1500,"MBBS, MD Cardiology, Fellow of American College of Cardiology",15 years,"Asim Heart Clinic, Main Bazaar Road, City Center",3001234567,dr.asim@heartclinic.com,8:00 AM to 7:00 PM,Thursday,10 AM,I must cancel my consultation with Dr. Asim.,Understood. Your appointment is cancelled.,564,منسوخی
565,Cancellation,formal,Ahmed,Dr. Asim,Cardiologist,1500,"MBBS, MD Cardiology, Fellow of American College of Cardiology",15 years,"Asim Heart Clinic, Main Bazaar Road, City Center",3001234567,dr.asim@heartclinic.com,8:00 AM to 7:00 PM,Friday,5 PM,I must cancel my consultation with Dr. Asim.,Understood. Your appointment is cancelled.,565,منسوخی
566,Cancellation,formal,Rashid,Dr. Asim,Cardiologist,1500,"MBBS, MD Cardiology, Fellow of American College of Cardiology",15 years,"Asim Heart Clinic, Main Bazaar Road, City Center",3001234567,dr.asim@heartclinic.com,8:00 AM to 7:00 PM,Thursday,3 PM,I must cancel my consultation with Dr. Asim.,Understood. Your appointment is cancelled.,566,منسوخی
567,Cancellation,formal,Amina,Dr. Asim,Cardiologist,1500,"MBBS, MD Cardiology, Fellow of American College of Cardiology",15 years,"Asim Heart Clinic, Main Bazaar Road, City Center",3001234567,dr.asim@heartclinic.com,8:00 AM to 7:00 PM,Monday,10 AM,I must cancel my consultation with Dr. Asim.,Understood. Your appointment is cancelled.,567,منسوخی
568,Cancellation,formal,Hassan,Dr. Asim,Cardiologist,1500,"MBBS, MD Cardiology, Fellow of American College of Cardiology",15 years,"Asim Heart Clinic, Main Bazaar Road, City Center",3001234567,dr.asim@heartclinic.com,8:00 AM to 7:00 PM,Tuesday,8 AM,I must cancel my consultation with Dr. Asim.,Understood. Your appointment is cancelled.,568,منسوخی
569,Cancellation,formal,Hassan,Dr. Asim,Cardiologist,1500,"MBBS, MD Cardiology, Fellow of American College of Cardiology",15 years,"Asim Heart Clinic, Main Bazaar Road, City Center",3001234567,dr.asim@heartclinic.com,8:00 AM to 7:00 PM,Friday,11 AM,I must cancel my consultation with Dr. Asim.,Understood. Your appointment is cancelled.,569,منسوخی
570,Cancellation,formal,Zainab,Dr. Asim,Cardiologist,1500,"MBBS, MD Cardiology, Fellow of American College of Cardiology",15 years,"Asim Heart Clinic, Main Bazaar Road, City Center",3001234567,dr.asim@heartclinic.com,8:00 AM to 7:00 PM,Monday,4 PM,I must cancel my consultation with Dr. Asim.,Understood. Your appointment is cancelled.,570,منسوخی
571,Cancellation,formal,Fatima,Dr. Asim,Cardiologist,1500,"MBBS, MD Cardiology, Fellow of American College of Cardiology",15 years,"Asim Heart Clinic, Main Bazaar Road, City Center",3001234567,dr.asim@heartclinic.com,8:00 AM to 7:00 PM,Friday,10 AM,I must cancel my consultation with Dr. Asim.,Understood. Your appointment is cancelled.,571,منسوخی
572,Cancellation,formal,Malik,Dr. Asim,Cardiologist,1500,"MBBS, MD Cardiology, Fellow of American College of Cardiology",15 years,"Asim Heart Clinic, Main Bazaar Road, City Center",3001234567,dr.asim@heartclinic.com,8:00 AM to 7:00 PM,Thursday,11 AM,I must cancel my consultation with Dr. Asim.,Understood. Your appointment is cancelled.,572,منسوخی
573,Cancellation,formal,Fatima,Dr. Asim,Cardiologist,1500,"MBBS, MD Cardiology, Fellow of American College of Cardiology",15 years,"Asim Heart Clinic, Main Bazaar Road, City Center",3001234567,dr.asim@heartclinic.com,8:00 AM to 7:00 PM,Friday,9 AM,I must cancel my consultation with Dr. Asim.,Understood. Your appointment is cancelled.,573,منسوخی
574,Cancellation,formal,Hassan,Dr. Asim,Cardiologist,1500,"MBBS, MD Cardiology, Fellow of American College of Cardiology",15 years,"Asim Heart Clinic, Main Bazaar Road, City Center",3001234567,dr.asim@heartclinic.com,8:00 AM to 7:00 PM,Saturday,11 AM,I must cancel my consultation with Dr. Asim.,Understood. Your appointment is cancelled.,574,منسوخی
575,Cancellation,formal,Hassan,Dr. Asim,Cardiologist,1500,"MBBS, MD Cardiology, Fellow of American College of Cardiology",15 years,"Asim Heart Clinic, Main Bazaar Road, City Center",3001234567,dr.asim@heartclinic.com,8:00 AM to 7:00 PM,Monday,3 PM,I must cancel my consultation with Dr. Asim.,Understood. Your appointment is cancelled.,575,منسوخی
576,Cancellation,formal,Sara,Dr. Asim,Cardiologist,1500,"MBBS, MD Cardiology, Fellow of American College of Cardiology",15 years,"Asim Heart Clinic, Main Bazaar Road, City Center",3001234567,dr.asim@heartclinic.com,8:00 AM to 7:00 PM,Monday,9 AM,I have to cancel Dr. Asim's appointment.,Noted. Appointment cancelled.,576,منسوخی
577,Cancellation,formal,Amina,Dr. Asim,Cardiologist,1500,"MBBS, MD Cardiology, Fellow of American College of Cardiology",15 years,"Asim Heart Clinic, Main Bazaar Road, City Center",3001234567,dr.asim@heartclinic.com,8:00 AM to 7:00 PM,Saturday,11 AM,I have to cancel Dr. Asim's appointment.,Noted. Appointment cancelled.,577,منسوخی
578,Cancellation,formal,Samir,Dr. Asim,Cardiologist,1500,"MBBS, MD Cardiology, Fellow of American College of Cardiology",15 years,"Asim Heart Clinic, Main Bazaar Road, City Center",3001234567,dr.asim@heartclinic.com,8:00 AM to 7:00 PM,Saturday,10 AM,I have to cancel Dr. Asim's appointment.,Noted. Appointment cancelled.,578,منسوخی
579,Cancellation,formal,Malik,Dr. Asim,Cardiologist,1500,"MBBS, MD Cardiology, Fellow of American College of Cardiology",15 years,"Asim Heart Clinic, Main Bazaar Road, City Center",3001234567,dr.asim@heartclinic.com,8:00 AM to 7:00 PM,Wednesday,10 AM,I have to cancel Dr. Asim's appointment.,Noted. Appointment cancelled.,579,منسوخی
580,Cancellation,formal,Mina,Dr. Asim,Cardiologist,1500,"MBBS, MD Cardiology, Fellow of American College of Cardiology",15 years,"Asim Heart Clinic, Main Bazaar Road, City Center",3001234567,dr.asim@heartclinic.com,8:00 AM to 7:00 PM,Friday,3 PM,I have to cancel Dr. Asim's appointment.,Noted. Appointment cancelled.,580,منسوخی
581,Cancellation,formal,Nasrin,Dr. Asim,Cardiologist,1500,"MBBS, MD Cardiology, Fellow of American College of Cardiology",15 years,"Asim Heart Clinic, Main Bazaar Road, City Center",3001234567,dr.asim@heartclinic.com,8:00 AM to 7:00 PM,Thursday,11 AM,I have to cancel Dr. Asim's appointment.,Noted. Appointment cancelled.,581,منسوخی
582,Cancellation,formal,Ali,Dr. Asim,Cardiologist,1500,"MBBS, MD Cardiology, Fellow of American College of Cardiology",15 years,"Asim Heart Clinic, Main Bazaar Road, City Center",3001234567,dr.asim@heartclinic.com,8:00 AM to 7:00 PM,Saturday,4 PM,I have to cancel Dr. Asim's appointment.,Noted. Appointment cancelled.,582,منسوخی
583,Cancellation,formal,Ayesha,Dr. Asim,Cardiologist,1500,"MBBS, MD Cardiology, Fellow of American College of Cardiology",15 years,"Asim Heart Clinic, Main Bazaar Road, City Center",3001234567,dr.asim@heartclinic.com,8:00 AM to 7:00 PM,Thursday,8 AM,I have to cancel Dr. Asim's appointment.,Noted. Appointment cancelled.,583,منسوخی
584,Cancellation,formal,Faisal,Dr. Asim,Cardiologist,1500,"MBBS, MD Cardiology, Fellow of American College of Cardiology",15 years,"Asim Heart Clinic, Main Bazaar Road, City Center",3001234567,dr.asim@heartclinic.com,8:00 AM to 7:00 PM,Monday,2 PM,I have to cancel Dr. Asim's appointment.,Noted. Appointment cancelled.,584,منسوخی
585,Cancellation,formal,Ali,Dr. Asim,Cardiologist,1500,"MBBS, MD Cardiology, Fellow of American College of Cardiology",15 years,"Asim Heart Clinic, Main Bazaar Road, City Center",3001234567,dr.asim@heartclinic.com,8:00 AM to 7:00 PM,Tuesday,5 PM,I have to cancel Dr. Asim's appointment.,Noted. Appointment cancelled.,585,منسوخی
586,Cancellation,formal,Ayesha,Dr. Asim,Cardiologist,1500,"MBBS, MD Cardiology, Fellow of American College of Cardiology",15 years,"Asim Heart Clinic, Main Bazaar Road, City Center",3001234567,dr.asim@heartclinic.com,8:00 AM to 7:00 PM,Thursday,8 AM,I have to cancel Dr. Asim's appointment.,Noted. Appointment cancelled.,586,منسوخی
587,Cancellation,formal,Wasim,Dr. Asim,Cardiologist,1500,"MBBS, MD Cardiology, Fellow of American College of Cardiology",15 years,"Asim Heart Clinic, Main Bazaar Road, City Center",3001234567,dr.asim@heartclinic.com,8:00 AM to 7:00 PM,Saturday,10 AM,I have to cancel Dr. Asim's appointment.,Noted. Appointment cancelled.,587,منسوخی
588,Cancellation,formal,Noor,Dr. Asim,Cardiologist,1500,"MBBS, MD Cardiology, Fellow of American College of Cardiology",15 years,"Asim Heart Clinic, Main Bazaar Road, City Center",3001234567,dr.asim@heartclinic.com,8:00 AM to 7:00 PM,Saturday,5 PM,I have to cancel Dr. Asim's appointment.,Noted. Appointment cancelled.,588,منسوخی
589,Cancellation,formal,Ayesha,Dr. Asim,Cardiologist,1500,"MBBS, MD Cardiology, Fellow of American College of Cardiology",15 years,"Asim Heart Clinic, Main Bazaar Road, City Center",3001234567,dr.asim@heartclinic.com,8:00 AM to 7:00 PM,Friday,10 AM,I have to cancel Dr. Asim's appointment.,Noted. Appointment cancelled.,589,منسوخی
590,Cancellation,formal,Aisha,Dr. Asim,Cardiologist,1500,"MBBS, MD Cardiology, Fellow of American College of Cardiology",15 years,"Asim Heart Clinic, Main Bazaar Road, City Center",3001234567,dr.asim@heartclinic.com,8:00 AM to 7:00 PM,Saturday,10 AM,I have to cancel Dr. Asim's appointment.,Noted. Appointment cancelled.,590,منسوخی
591,Cancellation,formal,Ahmed,Dr. Asim,Cardiologist,1500,"MBBS, MD Cardiology, Fellow of American College of Cardiology",15 years,"Asim Heart Clinic, Main Bazaar Road, City Center",3001234567,dr.asim@heartclinic.com,8:00 AM to 7:00 PM,Wednesday,10 AM,I have to cancel Dr. Asim's appointment.,Noted. Appointment cancelled.,591,منسوخی
592,Cancellation,formal,Sara,Dr. Asim,Cardiologist,1500,"MBBS, MD Cardiology, Fellow of American College of Cardiology",15 years,"Asim Heart Clinic, Main Bazaar Road, City Center",3001234567,dr.asim@heartclinic.com,8:00 AM to 7:00 PM,Friday,4 PM,I have to cancel Dr. Asim's appointment.,Noted. Appointment cancelled.,592,منسوخی
593,Cancellation,formal,Farida,Dr. Asim,Cardiologist,1500,"MBBS, MD Cardiology, Fellow of American College of Cardiology",15 years,"Asim Heart Clinic, Main Bazaar Road, City Center",3001234567,dr.asim@heartclinic.com,8:00 AM to 7:00 PM,Friday,4 PM,I have to cancel Dr. Asim's appointment.,Noted. Appointment cancelled.,593,منسوخی
594,Cancellation,formal,Hassan,Dr. Asim,Cardiologist,1500,"MBBS, MD Cardiology, Fellow of American College of Cardiology",15 years,"Asim Heart Clinic, Main Bazaar Road, City Center",3001234567,dr.asim@heartclinic.com,8:00 AM to 7:00 PM,Monday,5 PM,I have to cancel Dr. Asim's appointment.,Noted. Appointment cancelled.,594,منسوخی
595,Cancellation,formal,Hassan,Dr. Asim,Cardiologist,1500,"MBBS, MD Cardiology, Fellow of American College of Cardiology",15 years,"Asim Heart Clinic, Main Bazaar Road, City Center",3001234567,dr.asim@heartclinic.com,8:00 AM to 7:00 PM,Monday,9 AM,I have to cancel Dr. Asim's appointment.,Noted. Appointment cancelled.,595,منسوخی
596,Cancellation,formal,Bilal,Dr. Asim,Cardiologist,1500,"MBBS, MD Cardiology, Fellow of American College of Cardiology",15 years,"Asim Heart Clinic, Main Bazaar Road, City Center",3001234567,dr.asim@heartclinic.com,8:00 AM to 7:00 PM,Tuesday,5 PM,I have to cancel Dr. Asim's appointment.,Noted. Appointment cancelled.,596,منسوخی
597,Cancellation,formal,Hira,Dr. Asim,Cardiologist,1500,"MBBS, MD Cardiology, Fellow of American College of Cardiology",15 years,"Asim Heart Clinic, Main Bazaar Road, City Center",3001234567,dr.asim@heartclinic.com,8:00 AM to 7:00 PM,Thursday,4 PM,I have to cancel Dr. Asim's appointment.,Noted. Appointment cancelled.,597,منسوخی
598,Cancellation,formal,Ahmed,Dr. Asim,Cardiologist,1500,"MBBS, MD Cardiology, Fellow of American College of Cardiology",15 years,"Asim Heart Clinic, Main Bazaar Road, City Center",3001234567,dr.asim@heartclinic.com,8:00 AM to 7:00 PM,Saturday,4 PM,I have to cancel Dr. Asim's appointment.,Noted. Appointment cancelled.,598,منسوخی
599,Cancellation,formal,Fatima,Dr. Asim,Cardiologist,1500,"MBBS, MD Cardiology, Fellow of American College of Cardiology",15 years,"Asim Heart Clinic, Main Bazaar Road, City Center",3001234567,dr.asim@heartclinic.com,8:00 AM to 7:00 PM,Friday,3 PM,I have to cancel Dr. Asim's appointment.,Noted. Appointment cancelled.,599,منسوخی
600,Cancellation,formal,Noor,Dr. Asim,Cardiologist,1500,"MBBS, MD Cardiology, Fellow of American College of Cardiology",15 years,"Asim Heart Clinic, Main Bazaar Road, City Center",3001234567,dr.asim@heartclinic.com,8:00 AM to 7:00 PM,Thursday,3 PM,I have to cancel Dr. Asim's appointment.,Noted. Appointment cancelled.,600,منسوخی
601,Cancellation,casual,Malik,Dr. Asim,Cardiologist,1500,"MBBS, MD Cardiology, Fellow of American College of Cardiology",15 years,"Asim Heart Clinic, Main Bazaar Road, City Center",3001234567,dr.asim@heartclinic.com,8:00 AM to 7:00 PM,Monday,4 PM,Dr. Asim ki appointment cancel kar do yaar.,"Theek hai, cancel ho gaya.",601,منسوخی
602,Cancellation,casual,Sana,Dr. Asim,Cardiologist,1500,"MBBS, MD Cardiology, Fellow of American College of Cardiology",15 years,"Asim Heart Clinic, Main Bazaar Road, City Center",3001234567,dr.asim@heartclinic.com,8:00 AM to 7:00 PM,Wednesday,5 PM,Dr. Asim ki appointment cancel kar do yaar.,"Theek hai, cancel ho gaya.",602,منسوخی
603,Cancellation,casual,Samir,Dr. Asim,Cardiologist,1500,"MBBS, MD Cardiology, Fellow of American College of Cardiology",15 years,"Asim Heart Clinic, Main Bazaar Road, City Center",3001234567,dr.asim@heartclinic.com,8:00 AM to 7:00 PM,Saturday,5 PM,Dr. Asim ki appointment cancel kar do yaar.,"Theek hai, cancel ho gaya.",603,منسوخی
604,Cancellation,casual,Rashid,Dr. Asim,Cardiologist,1500,"MBBS, MD Cardiology, Fellow of American College of Cardiology",15 years,"Asim Heart Clinic, Main Bazaar Road, City Center",3001234567,dr.asim@heartclinic.com,8:00 AM to 7:00 PM,Monday,2 PM,Dr. Asim ki appointment cancel kar do yaar.,"Theek hai, cancel ho gaya.",604,منسوخی
605,Cancellation,casual,Salim,Dr. Asim,Cardiologist,1500,"MBBS, MD Cardiology, Fellow of American College of Cardiology",15 years,"Asim Heart Clinic, Main Bazaar Road, City Center",3001234567,dr.asim@heartclinic.com,8:00 AM to 7:00 PM,Wednesday,3 PM,Dr. Asim ki appointment cancel kar do yaar.,"Theek hai, cancel ho gaya.",605,منسوخی
606,Cancellation,casual,Hassan,Dr. Asim,Cardiologist,1500,"MBBS, MD Cardiology, Fellow of American College of Cardiology",15 years,"Asim Heart Clinic, Main Bazaar Road, City Center",3001234567,dr.asim@heartclinic.com,8:00 AM to 7:00 PM,Wednesday,5 PM,Dr. Asim ki appointment cancel kar do yaar.,"Theek hai, cancel ho gaya.",606,منسوخی
607,Cancellation,casual,Salim,Dr. Asim,Cardiologist,1500,"MBBS, MD Cardiology, Fellow of American College of Cardiology",15 years,"Asim Heart Clinic, Main Bazaar Road, City Center",3001234567,dr.asim@heartclinic.com,8:00 AM to 7:00 PM,Tuesday,2 PM,Dr. Asim ki appointment cancel kar do yaar.,"Theek hai, cancel ho gaya.",607,منسوخی
608,Cancellation,casual,Sana,Dr. Asim,Cardiologist,1500,"MBBS, MD Cardiology, Fellow of American College of Cardiology",15 years,"Asim Heart Clinic, Main Bazaar Road, City Center",3001234567,dr.asim@heartclinic.com,8:00 AM to 7:00 PM,Friday,9 AM,Dr. Asim ki appointment cancel kar do yaar.,"Theek hai, cancel ho gaya.",608,منسوخی
609,Cancellation,casual,Sara,Dr. Asim,Cardiologist,1500,"MBBS, MD Cardiology, Fellow of American College of Cardiology",15 years,"Asim Heart Clinic, Main Bazaar Road, City Center",3001234567,dr.asim@heartclinic.com,8:00 AM to 7:00 PM,Monday,2 PM,Dr. Asim ki appointment cancel kar do yaar.,"Theek hai, cancel ho gaya.",609,منسوخی
610,Cancellation,casual,Farida,Dr. Asim,Cardiologist,1500,"MBBS, MD Cardiology, Fellow of American College of Cardiology",15 years,"Asim Heart Clinic, Main Bazaar Road, City Center",3001234567,dr.asim@heartclinic.com,8:00 AM to 7:00 PM,Monday,10 AM,Dr. Asim ki appointment cancel kar do yaar.,"Theek hai, cancel ho gaya.",610,منسوخی
611,Cancellation,casual,Bilal,Dr. Asim,Cardiologist,1500,"MBBS, MD Cardiology, Fellow of American College of Cardiology",15 years,"Asim Heart Clinic, Main Bazaar Road, City Center",3001234567,dr.asim@heartclinic.com,8:00 AM to 7:00 PM,Saturday,4 PM,Dr. Asim ki appointment cancel kar do yaar.,"Theek hai, cancel ho gaya.",611,منسوخی
612,Cancellation,casual,Karim,Dr. Asim,Cardiologist,1500,"MBBS, MD Cardiology, Fellow of American College of Cardiology",15 years,"Asim Heart Clinic, Main Bazaar Road, City Center",3001234567,dr.asim@heartclinic.com,8:00 AM to 7:00 PM,Wednesday,11 AM,Dr. Asim ki appointment cancel kar do yaar.,"Theek hai, cancel ho gaya.",612,منسوخی
613,Cancellation,casual,Ayesha,Dr. Asim,Cardiologist,1500,"MBBS, MD Cardiology, Fellow of American College of Cardiology",15 years,"Asim Heart Clinic, Main Bazaar Road, City Center",3001234567,dr.asim@heartclinic.com,8:00 AM to 7:00 PM,Wednesday,5 PM,Dr. Asim ki appointment cancel kar do yaar.,"Theek hai, cancel ho gaya.",613,منسوخی
614,Cancellation,casual,Amina,Dr. Asim,Cardiologist,1500,"MBBS, MD Cardiology, Fellow of American College of Cardiology",15 years,"Asim Heart Clinic, Main Bazaar Road, City Center",3001234567,dr.asim@heartclinic.com,8:00 AM to 7:00 PM,Monday,8 AM,Dr. Asim ki appointment cancel kar do yaar.,"Theek hai, cancel ho gaya.",614,منسوخی
615,Cancellation,casual,Ahmed,Dr. Asim,Cardiologist,1500,"MBBS, MD Cardiology, Fellow of American College of Cardiology",15 years,"Asim Heart Clinic, Main Bazaar Road, City Center",3001234567,dr.asim@heartclinic.com,8:00 AM to 7:00 PM,Monday,11 AM,Dr. Asim ki appointment cancel kar do yaar.,"Theek hai, cancel ho gaya.",615,منسوخی
616,Cancellation,casual,Ali,Dr. Asim,Cardiologist,1500,"MBBS, MD Cardiology, Fellow of American College of Cardiology",15 years,"Asim Heart Clinic, Main Bazaar Road, City Center",3001234567,dr.asim@heartclinic.com,8:00 AM to 7:00 PM,Saturday,2 PM,Dr. Asim ki appointment cancel kar do yaar.,"Theek hai, cancel ho gaya.",616,منسوخی
617,Cancellation,casual,Ayesha,Dr. Asim,Cardiologist,1500,"MBBS, MD Cardiology, Fellow of American College of Cardiology",15 years,"Asim Heart Clinic, Main Bazaar Road, City Center",3001234567,dr.asim@heartclinic.com,8:00 AM to 7:00 PM,Thursday,4 PM,Dr. Asim ki appointment cancel kar do yaar.,"Theek hai, cancel ho gaya.",617,منسوخی
618,Cancellation,casual,Sara,Dr. Asim,Cardiologist,1500,"MBBS, MD Cardiology, Fellow of American College of Cardiology",15 years,"Asim Heart Clinic, Main Bazaar Road, City Center",3001234567,dr.asim@heartclinic.com,8:00 AM to 7:00 PM,Monday,8 AM,Dr. Asim ki appointment cancel kar do yaar.,"Theek hai, cancel ho gaya.",618,منسوخی
619,Cancellation,casual,Karim,Dr. Asim,Cardiologist,1500,"MBBS, MD Cardiology, Fellow of American College of Cardiology",15 years,"Asim Heart Clinic, Main Bazaar Road, City Center",3001234567,dr.asim@heartclinic.com,8:00 AM to 7:00 PM,Saturday,11 AM,Dr. Asim ki appointment cancel kar do yaar.,"Theek hai, cancel ho gaya.",619,منسوخی
620,Cancellation,casual,Farida,Dr. Asim,Cardiologist,1500,"MBBS, MD Cardiology, Fellow of American College of Cardiology",15 years,"Asim Heart Clinic, Main Bazaar Road, City Center",3001234567,dr.asim@heartclinic.com,8:00 AM to 7:00 PM,Tuesday,2 PM,Dr. Asim ki appointment cancel kar do yaar.,"Theek hai, cancel ho gaya.",620,منسوخی
621,Cancellation,casual,Mina,Dr. Asim,Cardiologist,1500,"MBBS, MD Cardiology, Fellow of American College of Cardiology",15 years,"Asim Heart Clinic, Main Bazaar Road, City Center",3001234567,dr.asim@heartclinic.com,8:00 AM to 7:00 PM,Monday,9 AM,Dr. Asim ki appointment cancel kar do yaar.,"Theek hai, cancel ho gaya.",621,منسوخی
622,Cancellation,casual,Hassan,Dr. Asim,Cardiologist,1500,"MBBS, MD Cardiology, Fellow of American College of Cardiology",15 years,"Asim Heart Clinic, Main Bazaar Road, City Center",3001234567,dr.asim@heartclinic.com,8:00 AM to 7:00 PM,Thursday,4 PM,Dr. Asim ki appointment cancel kar do yaar.,"Theek hai, cancel ho gaya.",622,منسوخی
623,Cancellation,casual,Usman,Dr. Asim,Cardiologist,1500,"MBBS, MD Cardiology, Fellow of American College of Cardiology",15 years,"Asim Heart Clinic, Main Bazaar Road, City Center",3001234567,dr.asim@heartclinic.com,8:00 AM to 7:00 PM,Saturday,4 PM,Dr. Asim ki appointment cancel kar do yaar.,"Theek hai, cancel ho gaya.",623,منسوخی
624,Cancellation,casual,Bilal,Dr. Asim,Cardiologist,1500,"MBBS, MD Cardiology, Fellow of American College of Cardiology",15 years,"Asim Heart Clinic, Main Bazaar Road, City Center",3001234567,dr.asim@heartclinic.com,8:00 AM to 7:00 PM,Wednesday,4 PM,Dr. Asim ki appointment cancel kar do yaar.,"Theek hai, cancel ho gaya.",624,منسوخی
625,Cancellation,casual,Hassan,Dr. Asim,Cardiologist,1500,"MBBS, MD Cardiology, Fellow of American College of Cardiology",15 years,"Asim Heart Clinic, Main Bazaar Road, City Center",3001234567,dr.asim@heartclinic.com,8:00 AM to 7:00 PM,Thursday,3 PM,Dr. Asim ki appointment cancel kar do yaar.,"Theek hai, cancel ho gaya.",625,منسوخی
626,Cancellation,casual,Amina,Dr. Asim,Cardiologist,1500,"MBBS, MD Cardiology, Fellow of American College of Cardiology",15 years,"Asim Heart Clinic, Main Bazaar Road, City Center",3001234567,dr.asim@heartclinic.com,8:00 AM to 7:00 PM,Wednesday,4 PM,Cancel kar de Dr. Asim ka appointment.,"Bilkul, cancel kar diya.",626,منسوخی
627,Cancellation,casual,Salim,Dr. Asim,Cardiologist,1500,"MBBS, MD Cardiology, Fellow of American College of Cardiology",15 years,"Asim Heart Clinic, Main Bazaar Road, City Center",3001234567,dr.asim@heartclinic.com,8:00 AM to 7:00 PM,Saturday,10 AM,Cancel kar de Dr. Asim ka appointment.,"Bilkul, cancel kar diya.",627,منسوخی
628,Cancellation,casual,Hamza,Dr. Asim,Cardiologist,1500,"MBBS, MD Cardiology, Fellow of American College of Cardiology",15 years,"Asim Heart Clinic, Main Bazaar Road, City Center",3001234567,dr.asim@heartclinic.com,8:00 AM to 7:00 PM,Monday,9 AM,Cancel kar de Dr. Asim ka appointment.,"Bilkul, cancel kar diya.",628,منسوخی
629,Cancellation,casual,Faisal,Dr. Asim,Cardiologist,1500,"MBBS, MD Cardiology, Fellow of American College of Cardiology",15 years,"Asim Heart Clinic, Main Bazaar Road, City Center",3001234567,dr.asim@heartclinic.com,8:00 AM to 7:00 PM,Tuesday,11 AM,Cancel kar de Dr. Asim ka appointment.,"Bilkul, cancel kar diya.",629,منسوخی
630,Cancellation,casual,Wasim,Dr. Asim,Cardiologist,1500,"MBBS, MD Cardiology, Fellow of American College of Cardiology",15 years,"Asim Heart Clinic, Main Bazaar Road, City Center",3001234567,dr.asim@heartclinic.com,8:00 AM to 7:00 PM,Friday,5 PM,Cancel kar de Dr. Asim ka appointment.,"Bilkul, cancel kar diya.",630,منسوخی
631,Cancellation,casual,Hassan,Dr. Asim,Cardiologist,1500,"MBBS, MD Cardiology, Fellow of American College of Cardiology",15 years,"Asim Heart Clinic, Main Bazaar Road, City Center",3001234567,dr.asim@heartclinic.com,8:00 AM to 7:00 PM,Thursday,10 AM,Cancel kar de Dr. Asim ka appointment.,"Bilkul, cancel kar diya.",631,منسوخی
632,Cancellation,casual,Samir,Dr. Asim,Cardiologist,1500,"MBBS, MD Cardiology, Fellow of American College of Cardiology",15 years,"Asim Heart Clinic, Main Bazaar Road, City Center",3001234567,dr.asim@heartclinic.com,8:00 AM to 7:00 PM,Saturday,4 PM,Cancel kar de Dr. Asim ka appointment.,"Bilkul, cancel kar diya.",632,منسوخی
633,Cancellation,casual,Salim,Dr. Asim,Cardiologist,1500,"MBBS, MD Cardiology, Fellow of American College of Cardiology",15 years,"Asim Heart Clinic, Main Bazaar Road, City Center",3001234567,dr.asim@heartclinic.com,8:00 AM to 7:00 PM,Thursday,5 PM,Cancel kar de Dr. Asim ka appointment.,"Bilkul, cancel kar diya.",633,منسوخی
634,Cancellation,casual,Hira,Dr. Asim,Cardiologist,1500,"MBBS, MD Cardiology, Fellow of American College of Cardiology",15 years,"Asim Heart Clinic, Main Bazaar Road, City Center",3001234567,dr.asim@heartclinic.com,8:00 AM to 7:00 PM,Monday,11 AM,Cancel kar de Dr. Asim ka appointment.,"Bilkul, cancel kar diya.",634,منسوخی
635,Cancellation,casual,Hassan,Dr. Asim,Cardiologist,1500,"MBBS, MD Cardiology, Fellow of American College of Cardiology",15 years,"Asim Heart Clinic, Main Bazaar Road, City Center",3001234567,dr.asim@heartclinic.com,8:00 AM to 7:00 PM,Wednesday,10 AM,Cancel kar de Dr. Asim ka appointment.,"Bilkul, cancel kar diya.",635,منسوخی
636,Cancellation,casual,Sara,Dr. Asim,Cardiologist,1500,"MBBS, MD Cardiology, Fellow of American College of Cardiology",15 years,"Asim Heart Clinic, Main Bazaar Road, City Center",3001234567,dr.asim@heartclinic.com,8:00 AM to 7:00 PM,Monday,11 AM,Cancel kar de Dr. Asim ka appointment.,"Bilkul, cancel kar diya.",636,منسوخی
637,Cancellation,casual,Aisha,Dr. Asim,Cardiologist,1500,"MBBS, MD Cardiology, Fellow of American College of Cardiology",15 years,"Asim Heart Clinic, Main Bazaar Road, City Center",3001234567,dr.asim@heartclinic.com,8:00 AM to 7:00 PM,Wednesday,9 AM,Cancel kar de Dr. Asim ka appointment.,"Bilkul, cancel kar diya.",637,منسوخی
638,Cancellation,casual,Wasim,Dr. Asim,Cardiologist,1500,"MBBS, MD Cardiology, Fellow of American College of Cardiology",15 years,"Asim Heart Clinic, Main Bazaar Road, City Center",3001234567,dr.asim@heartclinic.com,8:00 AM to 7:00 PM,Tuesday,10 AM,Cancel kar de Dr. Asim ka appointment.,"Bilkul, cancel kar diya.",638,منسوخی
639,Cancellation,casual,Noor,Dr. Asim,Cardiologist,1500,"MBBS, MD Cardiology, Fellow of American College of Cardiology",15 years,"Asim Heart Clinic, Main Bazaar Road, City Center",3001234567,dr.asim@heartclinic.com,8:00 AM to 7:00 PM,Tuesday,8 AM,Cancel kar de Dr. Asim ka appointment.,"Bilkul, cancel kar diya.",639,منسوخی
640,Cancellation,casual,Bilal,Dr. Asim,Cardiologist,1500,"MBBS, MD Cardiology, Fellow of American College of Cardiology",15 years,"Asim Heart Clinic, Main Bazaar Road, City Center",3001234567,dr.asim@heartclinic.com,8:00 AM to 7:00 PM,Thursday,2 PM,Cancel kar de Dr. Asim ka appointment.,"Bilkul, cancel kar diya.",640,منسوخی
641,Cancellation,casual,Ayesha,Dr. Asim,Cardiologist,1500,"MBBS, MD Cardiology, Fellow of American College of Cardiology",15 years,"Asim Heart Clinic, Main Bazaar Road, City Center",3001234567,dr.asim@heartclinic.com,8:00 AM to 7:00 PM,Thursday,9 AM,Cancel kar de Dr. Asim ka appointment.,"Bilkul, cancel kar diya.",641,منسوخی
642,Cancellation,casual,Hassan,Dr. Asim,Cardiologist,1500,"MBBS, MD Cardiology, Fellow of American College of Cardiology",15 years,"Asim Heart Clinic, Main Bazaar Road, City Center",3001234567,dr.asim@heartclinic.com,8:00 AM to 7:00 PM,Thursday,2 PM,Cancel kar de Dr. Asim ka appointment.,"Bilkul, cancel kar diya.",642,منسوخی
643,Cancellation,casual,Wasim,Dr. Asim,Cardiologist,1500,"MBBS, MD Cardiology, Fellow of American College of Cardiology",15 years,"Asim Heart Clinic, Main Bazaar Road, City Center",3001234567,dr.asim@heartclinic.com,8:00 AM to 7:00 PM,Wednesday,5 PM,Cancel kar de Dr. Asim ka appointment.,"Bilkul, cancel kar diya.",643,منسوخی
644,Cancellation,casual,Karim,Dr. Asim,Cardiologist,1500,"MBBS, MD Cardiology, Fellow of American College of Cardiology",15 years,"Asim Heart Clinic, Main Bazaar Road, City Center",3001234567,dr.asim@heartclinic.com,8:00 AM to 7:00 PM,Wednesday,9 AM,Cancel kar de Dr. Asim ka appointment.,"Bilkul, cancel kar diya.",644,منسوخی
645,Cancellation,casual,Samir,Dr. Asim,Cardiologist,1500,"MBBS, MD Cardiology, Fellow of American College of Cardiology",15 years,"Asim Heart Clinic, Main Bazaar Road, City Center",3001234567,dr.asim@heartclinic.com,8:00 AM to 7:00 PM,Friday,4 PM,Cancel kar de Dr. Asim ka appointment.,"Bilkul, cancel kar diya.",645,منسوخی
646,Cancellation,casual,Faisal,Dr. Asim,Cardiologist,1500,"MBBS, MD Cardiology, Fellow of American College of Cardiology",15 years,"Asim Heart Clinic, Main Bazaar Road, City Center",3001234567,dr.asim@heartclinic.com,8:00 AM to 7:00 PM,Saturday,8 AM,Cancel kar de Dr. Asim ka appointment.,"Bilkul, cancel kar diya.",646,منسوخی
647,Cancellation,casual,Salim,Dr. Asim,Cardiologist,1500,"MBBS, MD Cardiology, Fellow of American College of Cardiology",15 years,"Asim Heart Clinic, Main Bazaar Road, City Center",3001234567,dr.asim@heartclinic.com,8:00 AM to 7:00 PM,Wednesday,3 PM,Cancel kar de Dr. Asim ka appointment.,"Bilkul, cancel kar diya.",647,منسوخی
648,Cancellation,casual,Zainab,Dr. Asim,Cardiologist,1500,"MBBS, MD Cardiology, Fellow of American College of Cardiology",15 years,"Asim Heart Clinic, Main Bazaar Road, City Center",3001234567,dr.asim@heartclinic.com,8:00 AM to 7:00 PM,Saturday,5 PM,Cancel kar de Dr. Asim ka appointment.,"Bilkul, cancel kar diya.",648,منسوخی
649,Cancellation,casual,Sana,Dr. Asim,Cardiologist,1500,"MBBS, MD Cardiology, Fellow of American College of Cardiology",15 years,"Asim Heart Clinic, Main Bazaar Road, City Center",3001234567,dr.asim@heartclinic.com,8:00 AM to 7:00 PM,Friday,10 AM,Cancel kar de Dr. Asim ka appointment.,"Bilkul, cancel kar diya.",649,منسوخی
650,Cancellation,casual,Ahmed,Dr. Asim,Cardiologist,1500,"MBBS, MD Cardiology, Fellow of American College of Cardiology",15 years,"Asim Heart Clinic, Main Bazaar Road, City Center",3001234567,dr.asim@heartclinic.com,8:00 AM to 7:00 PM,Friday,5 PM,Cancel kar de Dr. Asim ka appointment.,"Bilkul, cancel kar diya.",650,منسوخی
651,Cancellation,casual,Ayesha,Dr. Asim,Cardiologist,1500,"MBBS, MD Cardiology, Fellow of American College of Cardiology",15 years,"Asim Heart Clinic, Main Bazaar Road, City Center",3001234567,dr.asim@heartclinic.com,8:00 AM to 7:00 PM,Wednesday,4 PM,Nahi aa sakta Dr. Asim ke paas. Cancel kar de.,"Ok, cancelled.",651,منسوخی
652,Cancellation,casual,Farida,Dr. Asim,Cardiologist,1500,"MBBS, MD Cardiology, Fellow of American College of Cardiology",15 years,"Asim Heart Clinic, Main Bazaar Road, City Center",3001234567,dr.asim@heartclinic.com,8:00 AM to 7:00 PM,Wednesday,10 AM,Nahi aa sakta Dr. Asim ke paas. Cancel kar de.,"Ok, cancelled.",652,منسوخی
653,Cancellation,casual,Hira,Dr. Asim,Cardiologist,1500,"MBBS, MD Cardiology, Fellow of American College of Cardiology",15 years,"Asim Heart Clinic, Main Bazaar Road, City Center",3001234567,dr.asim@heartclinic.com,8:00 AM to 7:00 PM,Saturday,9 AM,Nahi aa sakta Dr. Asim ke paas. Cancel kar de.,"Ok, cancelled.",653,منسوخی
654,Cancellation,casual,Noor,Dr. Asim,Cardiologist,1500,"MBBS, MD Cardiology, Fellow of American College of Cardiology",15 years,"Asim Heart Clinic, Main Bazaar Road, City Center",3001234567,dr.asim@heartclinic.com,8:00 AM to 7:00 PM,Wednesday,11 AM,Nahi aa sakta Dr. Asim ke paas. Cancel kar de.,"Ok, cancelled.",654,منسوخی
655,Cancellation,casual,Noor,Dr. Asim,Cardiologist,1500,"MBBS, MD Cardiology, Fellow of American College of Cardiology",15 years,"Asim Heart Clinic, Main Bazaar Road, City Center",3001234567,dr.asim@heartclinic.com,8:00 AM to 7:00 PM,Saturday,3 PM,Nahi aa sakta Dr. Asim ke paas. Cancel kar de.,"Ok, cancelled.",655,منسوخی
656,Cancellation,casual,Hassan,Dr. Asim,Cardiologist,1500,"MBBS, MD Cardiology, Fellow of American College of Cardiology",15 years,"Asim Heart Clinic, Main Bazaar Road, City Center",3001234567,dr.asim@heartclinic.com,8:00 AM to 7:00 PM,Wednesday,3 PM,Nahi aa sakta Dr. Asim ke paas. Cancel kar de.,"Ok, cancelled.",656,منسوخی
657,Cancellation,casual,Tariq,Dr. Asim,Cardiologist,1500,"MBBS, MD Cardiology, Fellow of American College of Cardiology",15 years,"Asim Heart Clinic, Main Bazaar Road, City Center",3001234567,dr.asim@heartclinic.com,8:00 AM to 7:00 PM,Saturday,9 AM,Nahi aa sakta Dr. Asim ke paas. Cancel kar de.,"Ok, cancelled.",657,منسوخی
658,Cancellation,casual,Bilal,Dr. Asim,Cardiologist,1500,"MBBS, MD Cardiology, Fellow of American College of Cardiology",15 years,"Asim Heart Clinic, Main Bazaar Road, City Center",3001234567,dr.asim@heartclinic.com,8:00 AM to 7:00 PM,Wednesday,4 PM,Nahi aa sakta Dr. Asim ke paas. Cancel kar de.,"Ok, cancelled.",658,منسوخی
659,Cancellation,casual,Rashid,Dr. Asim,Cardiologist,1500,"MBBS, MD Cardiology, Fellow of American College of Cardiology",15 years,"Asim Heart Clinic, Main Bazaar Road, City Center",3001234567,dr.asim@heartclinic.com,8:00 AM to 7:00 PM,Monday,11 AM,Nahi aa sakta Dr. Asim ke paas. Cancel kar de.,"Ok, cancelled.",659,منسوخی
660,Cancellation,casual,Farida,Dr. Asim,Cardiologist,1500,"MBBS, MD Cardiology, Fellow of American College of Cardiology",15 years,"Asim Heart Clinic, Main Bazaar Road, City Center",3001234567,dr.asim@heartclinic.com,8:00 AM to 7:00 PM,Monday,10 AM,Nahi aa sakta Dr. Asim ke paas. Cancel kar de.,"Ok, cancelled.",660,منسوخی
661,Cancellation,casual,Usman,Dr. Asim,Cardiologist,1500,"MBBS, MD Cardiology, Fellow of American College of Cardiology",15 years,"Asim Heart Clinic, Main Bazaar Road, City Center",3001234567,dr.asim@heartclinic.com,8:00 AM to 7:00 PM,Thursday,11 AM,Nahi aa sakta Dr. Asim ke paas. Cancel kar de.,"Ok, cancelled.",661,منسوخی
662,Cancellation,casual,Rukhsana,Dr. Asim,Cardiologist,1500,"MBBS, MD Cardiology, Fellow of American College of Cardiology",15 years,"Asim Heart Clinic, Main Bazaar Road, City Center",3001234567,dr.asim@heartclinic.com,8:00 AM to 7:00 PM,Friday,2 PM,Nahi aa sakta Dr. Asim ke paas. Cancel kar de.,"Ok, cancelled.",662,منسوخی
663,Cancellation,casual,Bilal,Dr. Asim,Cardiologist,1500,"MBBS, MD Cardiology, Fellow of American College of Cardiology",15 years,"Asim Heart Clinic, Main Bazaar Road, City Center",3001234567,dr.asim@heartclinic.com,8:00 AM to 7:00 PM,Thursday,3 PM,Nahi aa sakta Dr. Asim ke paas. Cancel kar de.,"Ok, cancelled.",663,منسوخی
664,Cancellation,casual,Karim,Dr. Asim,Cardiologist,1500,"MBBS, MD Cardiology, Fellow of American College of Cardiology",15 years,"Asim Heart Clinic, Main Bazaar Road, City Center",3001234567,dr.asim@heartclinic.com,8:00 AM to 7:00 PM,Friday,11 AM,Nahi aa sakta Dr. Asim ke paas. Cancel kar de.,"Ok, cancelled.",664,منسوخی
665,Cancellation,casual,Rashid,Dr. Asim,Cardiologist,1500,"MBBS, MD Cardiology, Fellow of American College of Cardiology",15 years,"Asim Heart Clinic, Main Bazaar Road, City Center",3001234567,dr.asim@heartclinic.com,8:00 AM to 7:00 PM,Friday,11 AM,Nahi aa sakta Dr. Asim ke paas. Cancel kar de.,"Ok, cancelled.",665,منسوخی
666,Cancellation,casual,Tariq,Dr. Asim,Cardiologist,1500,"MBBS, MD Cardiology, Fellow of American College of Cardiology",15 years,"Asim Heart Clinic, Main Bazaar Road, City Center",3001234567,dr.asim@heartclinic.com,8:00 AM to 7:00 PM,Thursday,8 AM,Nahi aa sakta Dr. Asim ke paas. Cancel kar de.,"Ok, cancelled.",666,منسوخی
667,Cancellation,casual,Aisha,Dr. Asim,Cardiologist,1500,"MBBS, MD Cardiology, Fellow of American College of Cardiology",15 years,"Asim Heart Clinic, Main Bazaar Road, City Center",3001234567,dr.asim@heartclinic.com,8:00 AM to 7:00 PM,Thursday,8 AM,Nahi aa sakta Dr. Asim ke paas. Cancel kar de.,"Ok, cancelled.",667,منسوخی
668,Cancellation,casual,Nasrin,Dr. Asim,Cardiologist,1500,"MBBS, MD Cardiology, Fellow of American College of Cardiology",15 years,"Asim Heart Clinic, Main Bazaar Road, City Center",3001234567,dr.asim@heartclinic.com,8:00 AM to 7:00 PM,Monday,9 AM,Nahi aa sakta Dr. Asim ke paas. Cancel kar de.,"Ok, cancelled.",668,منسوخی
669,Cancellation,casual,Rukhsana,Dr. Asim,Cardiologist,1500,"MBBS, MD Cardiology, Fellow of American College of Cardiology",15 years,"Asim Heart Clinic, Main Bazaar Road, City Center",3001234567,dr.asim@heartclinic.com,8:00 AM to 7:00 PM,Saturday,8 AM,Nahi aa sakta Dr. Asim ke paas. Cancel kar de.,"Ok, cancelled.",669,منسوخی
670,Cancellation,casual,Tariq,Dr. Asim,Cardiologist,1500,"MBBS, MD Cardiology, Fellow of American College of Cardiology",15 years,"Asim Heart Clinic, Main Bazaar Road, City Center",3001234567,dr.asim@heartclinic.com,8:00 AM to 7:00 PM,Thursday,5 PM,Nahi aa sakta Dr. Asim ke paas. Cancel kar de.,"Ok, cancelled.",670,منسوخی
671,Cancellation,casual,Nida,Dr. Asim,Cardiologist,1500,"MBBS, MD Cardiology, Fellow of American College of Cardiology",15 years,"Asim Heart Clinic, Main Bazaar Road, City Center",3001234567,dr.asim@heartclinic.com,8:00 AM to 7:00 PM,Thursday,3 PM,Nahi aa sakta Dr. Asim ke paas. Cancel kar de.,"Ok, cancelled.",671,منسوخی
672,Cancellation,casual,Farida,Dr. Asim,Cardiologist,1500,"MBBS, MD Cardiology, Fellow of American College of Cardiology",15 years,"Asim Heart Clinic, Main Bazaar Road, City Center",3001234567,dr.asim@heartclinic.com,8:00 AM to 7:00 PM,Wednesday,11 AM,Nahi aa sakta Dr. Asim ke paas. Cancel kar de.,"Ok, cancelled.",672,منسوخی
673,Cancellation,casual,Ali,Dr. Asim,Cardiologist,1500,"MBBS, MD Cardiology, Fellow of American College of Cardiology",15 years,"Asim Heart Clinic, Main Bazaar Road, City Center",3001234567,dr.asim@heartclinic.com,8:00 AM to 7:00 PM,Wednesday,9 AM,Nahi aa sakta Dr. Asim ke paas. Cancel kar de.,"Ok, cancelled.",673,منسوخی
674,Cancellation,casual,Ali,Dr. Asim,Cardiologist,1500,"MBBS, MD Cardiology, Fellow of American College of Cardiology",15 years,"Asim Heart Clinic, Main Bazaar Road, City Center",3001234567,dr.asim@heartclinic.com,8:00 AM to 7:00 PM,Monday,10 AM,Nahi aa sakta Dr. Asim ke paas. Cancel kar de.,"Ok, cancelled.",674,منسوخی
675,Cancellation,casual,Hassan,Dr. Asim,Cardiologist,1500,"MBBS, MD Cardiology, Fellow of American College of Cardiology",15 years,"Asim Heart Clinic, Main Bazaar Road, City Center",3001234567,dr.asim@heartclinic.com,8:00 AM to 7:00 PM,Tuesday,10 AM,Nahi aa sakta Dr. Asim ke paas. Cancel kar de.,"Ok, cancelled.",675,منسوخی
676,Cancellation,casual,Ahmed,Dr. Asim,Cardiologist,1500,"MBBS, MD Cardiology, Fellow of American College of Cardiology",15 years,"Asim Heart Clinic, Main Bazaar Road, City Center",3001234567,dr.asim@heartclinic.com,8:00 AM to 7:00 PM,Monday,3 PM,Dr. Asim se mil nahi pa raha. Cancel kar do.,"Theek hai, cancel.",676,منسوخی
677,Cancellation,casual,Sara,Dr. Asim,Cardiologist,1500,"MBBS, MD Cardiology, Fellow of American College of Cardiology",15 years,"Asim Heart Clinic, Main Bazaar Road, City Center",3001234567,dr.asim@heartclinic.com,8:00 AM to 7:00 PM,Wednesday,5 PM,Dr. Asim se mil nahi pa raha. Cancel kar do.,"Theek hai, cancel.",677,منسوخی
678,Cancellation,casual,Nida,Dr. Asim,Cardiologist,1500,"MBBS, MD Cardiology, Fellow of American College of Cardiology",15 years,"Asim Heart Clinic, Main Bazaar Road, City Center",3001234567,dr.asim@heartclinic.com,8:00 AM to 7:00 PM,Saturday,4 PM,Dr. Asim se mil nahi pa raha. Cancel kar do.,"Theek hai, cancel.",678,منسوخی
679,Cancellation,casual,Sana,Dr. Asim,Cardiologist,1500,"MBBS, MD Cardiology, Fellow of American College of Cardiology",15 years,"Asim Heart Clinic, Main Bazaar Road, City Center",3001234567,dr.asim@heartclinic.com,8:00 AM to 7:00 PM,Thursday,11 AM,Dr. Asim se mil nahi pa raha. Cancel kar do.,"Theek hai, cancel.",679,منسوخی
680,Cancellation,casual,Hassan,Dr. Asim,Cardiologist,1500,"MBBS, MD Cardiology, Fellow of American College of Cardiology",15 years,"Asim Heart Clinic, Main Bazaar Road, City Center",3001234567,dr.asim@heartclinic.com,8:00 AM to 7:00 PM,Thursday,8 AM,Dr. Asim se mil nahi pa raha. Cancel kar do.,"Theek hai, cancel.",680,منسوخی
681,Cancellation,casual,Usman,Dr. Asim,Cardiologist,1500,"MBBS, MD Cardiology, Fellow of American College of Cardiology",15 years,"Asim Heart Clinic, Main Bazaar Road, City Center",3001234567,dr.asim@heartclinic.com,8:00 AM to 7:00 PM,Monday,9 AM,Dr. Asim se mil nahi pa raha. Cancel kar do.,"Theek hai, cancel.",681,منسوخی
682,Cancellation,casual,Salim,Dr. Asim,Cardiologist,1500,"MBBS, MD Cardiology, Fellow of American College of Cardiology",15 years,"Asim Heart Clinic, Main Bazaar Road, City Center",3001234567,dr.asim@heartclinic.com,8:00 AM to 7:00 PM,Friday,3 PM,Dr. Asim se mil nahi pa raha. Cancel kar do.,"Theek hai, cancel.",682,منسوخی
683,Cancellation,casual,Zainab,Dr. Asim,Cardiologist,1500,"MBBS, MD Cardiology, Fellow of American College of Cardiology",15 years,"Asim Heart Clinic, Main Bazaar Road, City Center",3001234567,dr.asim@heartclinic.com,8:00 AM to 7:00 PM,Wednesday,3 PM,Dr. Asim se mil nahi pa raha. Cancel kar do.,"Theek hai, cancel.",683,منسوخی
684,Cancellation,casual,Zainab,Dr. Asim,Cardiologist,1500,"MBBS, MD Cardiology, Fellow of American College of Cardiology",15 years,"Asim Heart Clinic, Main Bazaar Road, City Center",3001234567,dr.asim@heartclinic.com,8:00 AM to 7:00 PM,Friday,10 AM,Dr. Asim se mil nahi pa raha. Cancel kar do.,"Theek hai, cancel.",684,منسوخی
685,Cancellation,casual,Faisal,Dr. Asim,Cardiologist,1500,"MBBS, MD Cardiology, Fellow of American College of Cardiology",15 years,"Asim Heart Clinic, Main Bazaar Road, City Center",3001234567,dr.asim@heartclinic.com,8:00 AM to 7:00 PM,Friday,2 PM,Dr. Asim se mil nahi pa raha. Cancel kar do.,"Theek hai, cancel.",685,منسوخی
686,Cancellation,casual,Rukhsana,Dr. Asim,Cardiologist,1500,"MBBS, MD Cardiology, Fellow of American College of Cardiology",15 years,"Asim Heart Clinic, Main Bazaar Road, City Center",3001234567,dr.asim@heartclinic.com,8:00 AM to 7:00 PM,Saturday,8 AM,Dr. Asim se mil nahi pa raha. Cancel kar do.,"Theek hai, cancel.",686,منسوخی
687,Cancellation,casual,Fatima,Dr. Asim,Cardiologist,1500,"MBBS, MD Cardiology, Fellow of American College of Cardiology",15 years,"Asim Heart Clinic, Main Bazaar Road, City Center",3001234567,dr.asim@heartclinic.com,8:00 AM to 7:00 PM,Thursday,2 PM,Dr. Asim se mil nahi pa raha. Cancel kar do.,"Theek hai, cancel.",687,منسوخی
688,Cancellation,casual,Rashid,Dr. Asim,Cardiologist,1500,"MBBS, MD Cardiology, Fellow of American College of Cardiology",15 years,"Asim Heart Clinic, Main Bazaar Road, City Center",3001234567,dr.asim@heartclinic.com,8:00 AM to 7:00 PM,Thursday,8 AM,Dr. Asim se mil nahi pa raha. Cancel kar do.,"Theek hai, cancel.",688,منسوخی
689,Cancellation,casual,Aisha,Dr. Asim,Cardiologist,1500,"MBBS, MD Cardiology, Fellow of American College of Cardiology",15 years,"Asim Heart Clinic, Main Bazaar Road, City Center",3001234567,dr.asim@heartclinic.com,8:00 AM to 7:00 PM,Saturday,8 AM,Dr. Asim se mil nahi pa raha. Cancel kar do.,"Theek hai, cancel.",689,منسوخی
690,Cancellation,casual,Nida,Dr. Asim,Cardiologist,1500,"MBBS, MD Cardiology, Fellow of American College of Cardiology",15 years,"Asim Heart Clinic, Main Bazaar Road, City Center",3001234567,dr.asim@heartclinic.com,8:00 AM to 7:00 PM,Monday,11 AM,Dr. Asim se mil nahi pa raha. Cancel kar do.,"Theek hai, cancel.",690,منسوخی
691,Cancellation,casual,Zainab,Dr. Asim,Cardiologist,1500,"MBBS, MD Cardiology, Fellow of American College of Cardiology",15 years,"Asim Heart Clinic, Main Bazaar Road, City Center",3001234567,dr.asim@heartclinic.com,8:00 AM to 7:00 PM,Tuesday,5 PM,Dr. Asim se mil nahi pa raha. Cancel kar do.,"Theek hai, cancel.",691,منسوخی
692,Cancellation,casual,Salim,Dr. Asim,Cardiologist,1500,"MBBS, MD Cardiology, Fellow of American College of Cardiology",15 years,"Asim Heart Clinic, Main Bazaar Road, City Center",3001234567,dr.asim@heartclinic.com,8:00 AM to 7:00 PM,Saturday,2 PM,Dr. Asim se mil nahi pa raha. Cancel kar do.,"Theek hai, cancel.",692,منسوخی
693,Cancellation,casual,Hassan,Dr. Asim,Cardiologist,1500,"MBBS, MD Cardiology, Fellow of American College of Cardiology",15 years,"Asim Heart Clinic, Main Bazaar Road, City Center",3001234567,dr.asim@heartclinic.com,8:00 AM to 7:00 PM,Monday,8 AM,Dr. Asim se mil nahi pa raha. Cancel kar do.,"Theek hai, cancel.",693,منسوخی
694,Cancellation,casual,Hira,Dr. Asim,Cardiologist,1500,"MBBS, MD Cardiology, Fellow of American College of Cardiology",15 years,"Asim Heart Clinic, Main Bazaar Road, City Center",3001234567,dr.asim@heartclinic.com,8:00 AM to 7:00 PM,Monday,10 AM,Dr. Asim se mil nahi pa raha. Cancel kar do.,"Theek hai, cancel.",694,منسوخی
695,Cancellation,casual,Mina,Dr. Asim,Cardiologist,1500,"MBBS, MD Cardiology, Fellow of American College of Cardiology",15 years,"Asim Heart Clinic, Main Bazaar Road, City Center",3001234567,dr.asim@heartclinic.com,8:00 AM to 7:00 PM,Tuesday,2 PM,Dr. Asim se mil nahi pa raha. Cancel kar do.,"Theek hai, cancel.",695,منسوخی
696,Cancellation,casual,Zainab,Dr. Asim,Cardiologist,1500,"MBBS, MD Cardiology, Fellow of American College of Cardiology",15 years,"Asim Heart Clinic, Main Bazaar Road, City Center",3001234567,dr.asim@heartclinic.com,8:00 AM to 7:00 PM,Saturday,8 AM,Dr. Asim se mil nahi pa raha. Cancel kar do.,"Theek hai, cancel.",696,منسوخی
697,Cancellation,casual,Nasrin,Dr. Asim,Cardiologist,1500,"MBBS, MD Cardiology, Fellow of American College of Cardiology",15 years,"Asim Heart Clinic, Main Bazaar Road, City Center",3001234567,dr.asim@heartclinic.com,8:00 AM to 7:00 PM,Thursday,5 PM,Dr. Asim se mil nahi pa raha. Cancel kar do.,"Theek hai, cancel.",697,منسوخی
698,Cancellation,casual,Fatima,Dr. Asim,Cardiologist,1500,"MBBS, MD Cardiology, Fellow of American College of Cardiology",15 years,"Asim Heart Clinic, Main Bazaar Road, City Center",3001234567,dr.asim@heartclinic.com,8:00 AM to 7:00 PM,Wednesday,5 PM,Dr. Asim se mil nahi pa raha. Cancel kar do.,"Theek hai, cancel.",698,منسوخی
699,Cancellation,casual,Hassan,Dr. Asim,Cardiologist,1500,"MBBS, MD Cardiology, Fellow of American College of Cardiology",15 years,"Asim Heart Clinic, Main Bazaar Road, City Center",3001234567,dr.asim@heartclinic.com,8:00 AM to 7:00 PM,Tuesday,3 PM,Dr. Asim se mil nahi pa raha. Cancel kar do.,"Theek hai, cancel.",699,منسوخی
700,Cancellation,casual,Nida,Dr. Asim,Cardiologist,1500,"MBBS, MD Cardiology, Fellow of American College of Cardiology",15 years,"Asim Heart Clinic, Main Bazaar Road, City Center",3001234567,dr.asim@heartclinic.com,8:00 AM to 7:00 PM,Friday,8 AM,Dr. Asim se mil nahi pa raha. Cancel kar do.,"Theek hai, cancel.",700,منسوخی
701,Cancellation,urgent,Nasrin,Dr. Asim,Cardiologist,1500,"MBBS, MD Cardiology, Fellow of American College of Cardiology",15 years,"Asim Heart Clinic, Main Bazaar Road, City Center",3001234567,dr.asim@heartclinic.com,8:00 AM to 7:00 PM,Tuesday,2 PM,CANCEL Dr. Asim APPOINTMENT NOW!,Done! Immediately cancelled!,701,منسوخی
702,Cancellation,urgent,Nida,Dr. Asim,Cardiologist,1500,"MBBS, MD Cardiology, Fellow of American College of Cardiology",15 years,"Asim Heart Clinic, Main Bazaar Road, City Center",3001234567,dr.asim@heartclinic.com,8:00 AM to 7:00 PM,Thursday,4 PM,CANCEL Dr. Asim APPOINTMENT NOW!,Done! Immediately cancelled!,702,منسوخی
703,Cancellation,urgent,Nida,Dr. Asim,Cardiologist,1500,"MBBS, MD Cardiology, Fellow of American College of Cardiology",15 years,"Asim Heart Clinic, Main Bazaar Road, City Center",3001234567,dr.asim@heartclinic.com,8:00 AM to 7:00 PM,Saturday,2 PM,CANCEL Dr. Asim APPOINTMENT NOW!,Done! Immediately cancelled!,703,منسوخی
704,Cancellation,urgent,Hamza,Dr. Asim,Cardiologist,1500,"MBBS, MD Cardiology, Fellow of American College of Cardiology",15 years,"Asim Heart Clinic, Main Bazaar Road, City Center",3001234567,dr.asim@heartclinic.com,8:00 AM to 7:00 PM,Saturday,8 AM,CANCEL Dr. Asim APPOINTMENT NOW!,Done! Immediately cancelled!,704,منسوخی
705,Cancellation,urgent,Salim,Dr. Asim,Cardiologist,1500,"MBBS, MD Cardiology, Fellow of American College of Cardiology",15 years,"Asim Heart Clinic, Main Bazaar Road, City Center",3001234567,dr.asim@heartclinic.com,8:00 AM to 7:00 PM,Friday,2 PM,CANCEL Dr. Asim APPOINTMENT NOW!,Done! Immediately cancelled!,705,منسوخی
706,Cancellation,urgent,Sara,Dr. Asim,Cardiologist,1500,"MBBS, MD Cardiology, Fellow of American College of Cardiology",15 years,"Asim Heart Clinic, Main Bazaar Road, City Center",3001234567,dr.asim@heartclinic.com,8:00 AM to 7:00 PM,Tuesday,2 PM,CANCEL Dr. Asim APPOINTMENT NOW!,Done! Immediately cancelled!,706,منسوخی
707,Cancellation,urgent,Zainab,Dr. Asim,Cardiologist,1500,"MBBS, MD Cardiology, Fellow of American College of Cardiology",15 years,"Asim Heart Clinic, Main Bazaar Road, City Center",3001234567,dr.asim@heartclinic.com,8:00 AM to 7:00 PM,Tuesday,10 AM,CANCEL Dr. Asim APPOINTMENT NOW!,Done! Immediately cancelled!,707,منسوخی
708,Cancellation,urgent,Malik,Dr. Asim,Cardiologist,1500,"MBBS, MD Cardiology, Fellow of American College of Cardiology",15 years,"Asim Heart Clinic, Main Bazaar Road, City Center",3001234567,dr.asim@heartclinic.com,8:00 AM to 7:00 PM,Wednesday,10 AM,CANCEL Dr. Asim APPOINTMENT NOW!,Done! Immediately cancelled!,708,منسوخی
709,Cancellation,urgent,Aisha,Dr. Asim,Cardiologist,1500,"MBBS, MD Cardiology, Fellow of American College of Cardiology",15 years,"Asim Heart Clinic, Main Bazaar Road, City Center",3001234567,dr.asim@heartclinic.com,8:00 AM to 7:00 PM,Thursday,9 AM,CANCEL Dr. Asim APPOINTMENT NOW!,Done! Immediately cancelled!,709,منسوخی
710,Cancellation,urgent,Noor,Dr. Asim,Cardiologist,1500,"MBBS, MD Cardiology, Fellow of American College of Cardiology",15 years,"Asim Heart Clinic, Main Bazaar Road, City Center",3001234567,dr.asim@heartclinic.com,8:00 AM to 7:00 PM,Thursday,8 AM,CANCEL Dr. Asim APPOINTMENT NOW!,Done! Immediately cancelled!,710,منسوخی
711,Cancellation,urgent,Hira,Dr. Asim,Cardiologist,1500,"MBBS, MD Cardiology, Fellow of American College of Cardiology",15 years,"Asim Heart Clinic, Main Bazaar Road, City Center",3001234567,dr.asim@heartclinic.com,8:00 AM to 7:00 PM,Saturday,9 AM,CANCEL Dr. Asim APPOINTMENT NOW!,Done! Immediately cancelled!,711,منسوخی
712,Cancellation,urgent,Rukhsana,Dr. Asim,Cardiologist,1500,"MBBS, MD Cardiology, Fellow of American College of Cardiology",15 years,"Asim Heart Clinic, Main Bazaar Road, City Center",3001234567,dr.asim@heartclinic.com,8:00 AM to 7:00 PM,Saturday,10 AM,CANCEL Dr. Asim APPOINTMENT NOW!,Done! Immediately cancelled!,712,منسوخی
713,Cancellation,urgent,Noor,Dr. Asim,Cardiologist,1500,"MBBS, MD Cardiology, Fellow of American College of Cardiology",15 years,"Asim Heart Clinic, Main Bazaar Road, City Center",3001234567,dr.asim@heartclinic.com,8:00 AM to 7:00 PM,Saturday,3 PM,CANCEL Dr. Asim APPOINTMENT NOW!,Done! Immediately cancelled!,713,منسوخی
714,Cancellation,urgent,Karim,Dr. Asim,Cardiologist,1500,"MBBS, MD Cardiology, Fellow of American College of Cardiology",15 years,"Asim Heart Clinic, Main Bazaar Road, City Center",3001234567,dr.asim@heartclinic.com,8:00 AM to 7:00 PM,Thursday,11 AM,CANCEL Dr. Asim APPOINTMENT NOW!,Done! Immediately cancelled!,714,منسوخی
715,Cancellation,urgent,Layla,Dr. Asim,Cardiologist,1500,"MBBS, MD Cardiology, Fellow of American College of Cardiology",15 years,"Asim Heart Clinic, Main Bazaar Road, City Center",3001234567,dr.asim@heartclinic.com,8:00 AM to 7:00 PM,Thursday,5 PM,CANCEL Dr. Asim APPOINTMENT NOW!,Done! Immediately cancelled!,715,منسوخی
716,Cancellation,urgent,Ayesha,Dr. Asim,Cardiologist,1500,"MBBS, MD Cardiology, Fellow of American College of Cardiology",15 years,"Asim Heart Clinic, Main Bazaar Road, City Center",3001234567,dr.asim@heartclinic.com,8:00 AM to 7:00 PM,Tuesday,3 PM,CANCEL Dr. Asim APPOINTMENT NOW!,Done! Immediately cancelled!,716,منسوخی
717,Cancellation,urgent,Samir,Dr. Asim,Cardiologist,1500,"MBBS, MD Cardiology, Fellow of American College of Cardiology",15 years,"Asim Heart Clinic, Main Bazaar Road, City Center",3001234567,dr.asim@heartclinic.com,8:00 AM to 7:00 PM,Friday,9 AM,CANCEL Dr. Asim APPOINTMENT NOW!,Done! Immediately cancelled!,717,منسوخی
718,Cancellation,urgent,Salim,Dr. Asim,Cardiologist,1500,"MBBS, MD Cardiology, Fellow of American College of Cardiology",15 years,"Asim Heart Clinic, Main Bazaar Road, City Center",3001234567,dr.asim@heartclinic.com,8:00 AM to 7:00 PM,Monday,2 PM,CANCEL Dr. Asim APPOINTMENT NOW!,Done! Immediately cancelled!,718,منسوخی
719,Cancellation,urgent,Zainab,Dr. Asim,Cardiologist,1500,"MBBS, MD Cardiology, Fellow of American College of Cardiology",15 years,"Asim Heart Clinic, Main Bazaar Road, City Center",3001234567,dr.asim@heartclinic.com,8:00 AM to 7:00 PM,Thursday,3 PM,CANCEL Dr. Asim APPOINTMENT NOW!,Done! Immediately cancelled!,719,منسوخی
720,Cancellation,urgent,Aisha,Dr. Asim,Cardiologist,1500,"MBBS, MD Cardiology, Fellow of American College of Cardiology",15 years,"Asim Heart Clinic, Main Bazaar Road, City Center",3001234567,dr.asim@heartclinic.com,8:00 AM to 7:00 PM,Saturday,11 AM,CANCEL Dr. Asim APPOINTMENT NOW!,Done! Immediately cancelled!,720,منسوخی
721,Cancellation,urgent,Zainab,Dr. Asim,Cardiologist,1500,"MBBS, MD Cardiology, Fellow of American College of Cardiology",15 years,"Asim Heart Clinic, Main Bazaar Road, City Center",3001234567,dr.asim@heartclinic.com,8:00 AM to 7:00 PM,Friday,5 PM,CANCEL Dr. Asim APPOINTMENT NOW!,Done! Immediately cancelled!,721,منسوخی
722,Cancellation,urgent,Karim,Dr. Asim,Cardiologist,1500,"MBBS, MD Cardiology, Fellow of American College of Cardiology",15 years,"Asim Heart Clinic, Main Bazaar Road, City Center",3001234567,dr.asim@heartclinic.com,8:00 AM to 7:00 PM,Saturday,2 PM,CANCEL Dr. Asim APPOINTMENT NOW!,Done! Immediately cancelled!,722,منسوخی
723,Cancellation,urgent,Farida,Dr. Asim,Cardiologist,1500,"MBBS, MD Cardiology, Fellow of American College of Cardiology",15 years,"Asim Heart Clinic, Main Bazaar Road, City Center",3001234567,dr.asim@heartclinic.com,8:00 AM to 7:00 PM,Thursday,11 AM,CANCEL Dr. Asim APPOINTMENT NOW!,Done! Immediately cancelled!,723,منسوخی
724,Cancellation,urgent,Sara,Dr. Asim,Cardiologist,1500,"MBBS, MD Cardiology, Fellow of American College of Cardiology",15 years,"Asim Heart Clinic, Main Bazaar Road, City Center",3001234567,dr.asim@heartclinic.com,8:00 AM to 7:00 PM,Thursday,5 PM,CANCEL Dr. Asim APPOINTMENT NOW!,Done! Immediately cancelled!,724,منسوخی
725,Cancellation,urgent,Salim,Dr. Asim,Cardiologist,1500,"MBBS, MD Cardiology, Fellow of American College of Cardiology",15 years,"Asim Heart Clinic, Main Bazaar Road, City Center",3001234567,dr.asim@heartclinic.com,8:00 AM to 7:00 PM,Wednesday,9 AM,CANCEL Dr. Asim APPOINTMENT NOW!,Done! Immediately cancelled!,725,منسوخی
726,Cancellation,urgent,Salim,Dr. Asim,Cardiologist,1500,"MBBS, MD Cardiology, Fellow of American College of Cardiology",15 years,"Asim Heart Clinic, Main Bazaar Road, City Center",3001234567,dr.asim@heartclinic.com,8:00 AM to 7:00 PM,Monday,8 AM,Cancel Dr. Asim urgently!,Cancelled right away!,726,منسوخی
727,Cancellation,urgent,Hassan,Dr. Asim,Cardiologist,1500,"MBBS, MD Cardiology, Fellow of American College of Cardiology",15 years,"Asim Heart Clinic, Main Bazaar Road, City Center",3001234567,dr.asim@heartclinic.com,8:00 AM to 7:00 PM,Saturday,8 AM,Cancel Dr. Asim urgently!,Cancelled right away!,727,منسوخی
728,Cancellation,urgent,Mina,Dr. Asim,Cardiologist,1500,"MBBS, MD Cardiology, Fellow of American College of Cardiology",15 years,"Asim Heart Clinic, Main Bazaar Road, City Center",3001234567,dr.asim@heartclinic.com,8:00 AM to 7:00 PM,Thursday,4 PM,Cancel Dr. Asim urgently!,Cancelled right away!,728,منسوخی
729,Cancellation,urgent,Zainab,Dr. Asim,Cardiologist,1500,"MBBS, MD Cardiology, Fellow of American College of Cardiology",15 years,"Asim Heart Clinic, Main Bazaar Road, City Center",3001234567,dr.asim@heartclinic.com,8:00 AM to 7:00 PM,Thursday,8 AM,Cancel Dr. Asim urgently!,Cancelled right away!,729,منسوخی
730,Cancellation,urgent,Zainab,Dr. Asim,Cardiologist,1500,"MBBS, MD Cardiology, Fellow of American College of Cardiology",15 years,"Asim Heart Clinic, Main Bazaar Road, City Center",3001234567,dr.asim@heartclinic.com,8:00 AM to 7:00 PM,Tuesday,3 PM,Cancel Dr. Asim urgently!,Cancelled right away!,730,منسوخی
731,Cancellation,urgent,Ahmed,Dr. Asim,Cardiologist,1500,"MBBS, MD Cardiology, Fellow of American College of Cardiology",15 years,"Asim Heart Clinic, Main Bazaar Road, City Center",3001234567,dr.asim@heartclinic.com,8:00 AM to 7:00 PM,Friday,4 PM,Cancel Dr. Asim urgently!,Cancelled right away!,731,منسوخی
732,Cancellation,urgent,Ahmed,Dr. Asim,Cardiologist,1500,"MBBS, MD Cardiology, Fellow of American College of Cardiology",15 years,"Asim Heart Clinic, Main Bazaar Road, City Center",3001234567,dr.asim@heartclinic.com,8:00 AM to 7:00 PM,Saturday,10 AM,Cancel Dr. Asim urgently!,Cancelled right away!,732,منسوخی
733,Cancellation,urgent,Bilal,Dr. Asim,Cardiologist,1500,"MBBS, MD Cardiology, Fellow of American College of Cardiology",15 years,"Asim Heart Clinic, Main Bazaar Road, City Center",3001234567,dr.asim@heartclinic.com,8:00 AM to 7:00 PM,Tuesday,9 AM,Cancel Dr. Asim urgently!,Cancelled right away!,733,منسوخی
734,Cancellation,urgent,Tariq,Dr. Asim,Cardiologist,1500,"MBBS, MD Cardiology, Fellow of American College of Cardiology",15 years,"Asim Heart Clinic, Main Bazaar Road, City Center",3001234567,dr.asim@heartclinic.com,8:00 AM to 7:00 PM,Saturday,11 AM,Cancel Dr. Asim urgently!,Cancelled right away!,734,منسوخی
735,Cancellation,urgent,Hamza,Dr. Asim,Cardiologist,1500,"MBBS, MD Cardiology, Fellow of American College of Cardiology",15 years,"Asim Heart Clinic, Main Bazaar Road, City Center",3001234567,dr.asim@heartclinic.com,8:00 AM to 7:00 PM,Saturday,10 AM,Cancel Dr. Asim urgently!,Cancelled right away!,735,منسوخی
736,Cancellation,urgent,Ahmed,Dr. Asim,Cardiologist,1500,"MBBS, MD Cardiology, Fellow of American College of Cardiology",15 years,"Asim Heart Clinic, Main Bazaar Road, City Center",3001234567,dr.asim@heartclinic.com,8:00 AM to 7:00 PM,Thursday,11 AM,Cancel Dr. Asim urgently!,Cancelled right away!,736,منسوخی
737,Cancellation,urgent,Zainab,Dr. Asim,Cardiologist,1500,"MBBS, MD Cardiology, Fellow of American College of Cardiology",15 years,"Asim Heart Clinic, Main Bazaar Road, City Center",3001234567,dr.asim@heartclinic.com,8:00 AM to 7:00 PM,Thursday,3 PM,Cancel Dr. Asim urgently!,Cancelled right away!,737,منسوخی
738,Cancellation,urgent,Karim,Dr. Asim,Cardiologist,1500,"MBBS, MD Cardiology, Fellow of American College of Cardiology",15 years,"Asim Heart Clinic, Main Bazaar Road, City Center",3001234567,dr.asim@heartclinic.com,8:00 AM to 7:00 PM,Friday,4 PM,Cancel Dr. Asim urgently!,Cancelled right away!,738,منسوخی
739,Cancellation,urgent,Sara,Dr. Asim,Cardiologist,1500,"MBBS, MD Cardiology, Fellow of American College of Cardiology",15 years,"Asim Heart Clinic, Main Bazaar Road, City Center",3001234567,dr.asim@heartclinic.com,8:00 AM to 7:00 PM,Saturday,8 AM,Cancel Dr. Asim urgently!,Cancelled right away!,739,منسوخی
740,Cancellation,urgent,Usman,Dr. Asim,Cardiologist,1500,"MBBS, MD Cardiology, Fellow of American College of Cardiology",15 years,"Asim Heart Clinic, Main Bazaar Road, City Center",3001234567,dr.asim@heartclinic.com,8:00 AM to 7:00 PM,Tuesday,4 PM,Cancel Dr. Asim urgently!,Cancelled right away!,740,منسوخی
741,Cancellation,urgent,Sara,Dr. Asim,Cardiologist,1500,"MBBS, MD Cardiology, Fellow of American College of Cardiology",15 years,"Asim Heart Clinic, Main Bazaar Road, City Center",3001234567,dr.asim@heartclinic.com,8:00 AM to 7:00 PM,Friday,4 PM,Cancel Dr. Asim urgently!,Cancelled right away!,741,منسوخی
742,Cancellation,urgent,Aisha,Dr. Asim,Cardiologist,1500,"MBBS, MD Cardiology, Fellow of American College of Cardiology",15 years,"Asim Heart Clinic, Main Bazaar Road, City Center",3001234567,dr.asim@heartclinic.com,8:00 AM to 7:00 PM,Tuesday,10 AM,Cancel Dr. Asim urgently!,Cancelled right away!,742,منسوخی
743,Cancellation,urgent,Rukhsana,Dr. Asim,Cardiologist,1500,"MBBS, MD Cardiology, Fellow of American College of Cardiology",15 years,"Asim Heart Clinic, Main Bazaar Road, City Center",3001234567,dr.asim@heartclinic.com,8:00 AM to 7:00 PM,Thursday,8 AM,Cancel Dr. Asim urgently!,Cancelled right away!,743,منسوخی
744,Cancellation,urgent,Salim,Dr. Asim,Cardiologist,1500,"MBBS, MD Cardiology, Fellow of American College of Cardiology",15 years,"Asim Heart Clinic, Main Bazaar Road, City Center",3001234567,dr.asim@heartclinic.com,8:00 AM to 7:00 PM,Friday,9 AM,Cancel Dr. Asim urgently!,Cancelled right away!,744,منسوخی
745,Cancellation,urgent,Faisal,Dr. Asim,Cardiologist,1500,"MBBS, MD Cardiology, Fellow of American College of Cardiology",15 years,"Asim Heart Clinic, Main Bazaar Road, City Center",3001234567,dr.asim@heartclinic.com,8:00 AM to 7:00 PM,Friday,4 PM,Cancel Dr. Asim urgently!,Cancelled right away!,745,منسوخی
746,Cancellation,urgent,Zainab,Dr. Asim,Cardiologist,1500,"MBBS, MD Cardiology, Fellow of American College of Cardiology",15 years,"Asim Heart Clinic, Main Bazaar Road, City Center",3001234567,dr.asim@heartclinic.com,8:00 AM to 7:00 PM,Friday,10 AM,Cancel Dr. Asim urgently!,Cancelled right away!,746,منسوخی
747,Cancellation,urgent,Karim,Dr. Asim,Cardiologist,1500,"MBBS, MD Cardiology, Fellow of American College of Cardiology",15 years,"Asim Heart Clinic, Main Bazaar Road, City Center",3001234567,dr.asim@heartclinic.com,8:00 AM to 7:00 PM,Wednesday,2 PM,Cancel Dr. Asim urgently!,Cancelled right away!,747,منسوخی
748,Cancellation,urgent,Nasrin,Dr. Asim,Cardiologist,1500,"MBBS, MD Cardiology, Fellow of American College of Cardiology",15 years,"Asim Heart Clinic, Main Bazaar Road, City Center",3001234567,dr.asim@heartclinic.com,8:00 AM to 7:00 PM,Saturday,5 PM,Cancel Dr. Asim urgently!,Cancelled right away!,748,منسوخی
749,Cancellation,urgent,Usman,Dr. Asim,Cardiologist,1500,"MBBS, MD Cardiology, Fellow of American College of Cardiology",15 years,"Asim Heart Clinic, Main Bazaar Road, City Center",3001234567,dr.asim@heartclinic.com,8:00 AM to 7:00 PM,Friday,11 AM,Cancel Dr. Asim urgently!,Cancelled right away!,749,منسوخی
750,Cancellation,urgent,Farida,Dr. Asim,Cardiologist,1500,"MBBS, MD Cardiology, Fellow of American College of Cardiology",15 years,"Asim Heart Clinic, Main Bazaar Road, City Center",3001234567,dr.asim@heartclinic.com,8:00 AM to 7:00 PM,Wednesday,2 PM,Cancel Dr. Asim urgently!,Cancelled right away!,750,منسوخی
751,Cancellation,urgent,Hamza,Dr. Asim,Cardiologist,1500,"MBBS, MD Cardiology, Fellow of American College of Cardiology",15 years,"Asim Heart Clinic, Main Bazaar Road, City Center",3001234567,dr.asim@heartclinic.com,8:00 AM to 7:00 PM,Monday,2 PM,Emergency - cancel Dr. Asim appointment!,Cancelled immediately!,751,منسوخی
752,Cancellation,urgent,Noor,Dr. Asim,Cardiologist,1500,"MBBS, MD Cardiology, Fellow of American College of Cardiology",15 years,"Asim Heart Clinic, Main Bazaar Road, City Center",3001234567,dr.asim@heartclinic.com,8:00 AM to 7:00 PM,Monday,3 PM,Emergency - cancel Dr. Asim appointment!,Cancelled immediately!,752,منسوخی
753,Cancellation,urgent,Bilal,Dr. Asim,Cardiologist,1500,"MBBS, MD Cardiology, Fellow of American College of Cardiology",15 years,"Asim Heart Clinic, Main Bazaar Road, City Center",3001234567,dr.asim@heartclinic.com,8:00 AM to 7:00 PM,Saturday,8 AM,Emergency - cancel Dr. Asim appointment!,Cancelled immediately!,753,منسوخی
754,Cancellation,urgent,Samir,Dr. Asim,Cardiologist,1500,"MBBS, MD Cardiology, Fellow of American College of Cardiology",15 years,"Asim Heart Clinic, Main Bazaar Road, City Center",3001234567,dr.asim@heartclinic.com,8:00 AM to 7:00 PM,Wednesday,8 AM,Emergency - cancel Dr. Asim appointment!,Cancelled immediately!,754,منسوخی
755,Cancellation,urgent,Hassan,Dr. Asim,Cardiologist,1500,"MBBS, MD Cardiology, Fellow of American College of Cardiology",15 years,"Asim Heart Clinic, Main Bazaar Road, City Center",3001234567,dr.asim@heartclinic.com,8:00 AM to 7:00 PM,Tuesday,5 PM,Emergency - cancel Dr. Asim appointment!,Cancelled immediately!,755,منسوخی
756,Cancellation,urgent,Ayesha,Dr. Asim,Cardiologist,1500,"MBBS, MD Cardiology, Fellow of American College of Cardiology",15 years,"Asim Heart Clinic, Main Bazaar Road, City Center",3001234567,dr.asim@heartclinic.com,8:00 AM to 7:00 PM,Friday,8 AM,Emergency - cancel Dr. Asim appointment!,Cancelled immediately!,756,منسوخی
757,Cancellation,urgent,Hira,Dr. Asim,Cardiologist,1500,"MBBS, MD Cardiology, Fellow of American College of Cardiology",15 years,"Asim Heart Clinic, Main Bazaar Road, City Center",3001234567,dr.asim@heartclinic.com,8:00 AM to 7:00 PM,Thursday,9 AM,Emergency - cancel Dr. Asim appointment!,Cancelled immediately!,757,منسوخی
758,Cancellation,urgent,Usman,Dr. Asim,Cardiologist,1500,"MBBS, MD Cardiology, Fellow of American College of Cardiology",15 years,"Asim Heart Clinic, Main Bazaar Road, City Center",3001234567,dr.asim@heartclinic.com,8:00 AM to 7:00 PM,Tuesday,8 AM,Emergency - cancel Dr. Asim appointment!,Cancelled immediately!,758,منسوخی
759,Cancellation,urgent,Sana,Dr. Asim,Cardiologist,1500,"MBBS, MD Cardiology, Fellow of American College of Cardiology",15 years,"Asim Heart Clinic, Main Bazaar Road, City Center",3001234567,dr.asim@heartclinic.com,8:00 AM to 7:00 PM,Thursday,9 AM,Emergency - cancel Dr. Asim appointment!,Cancelled immediately!,759,منسوخی
760,Cancellation,urgent,Rashid,Dr. Asim,Cardiologist,1500,"MBBS, MD Cardiology, Fellow of American College of Cardiology",15 years,"Asim Heart Clinic, Main Bazaar Road, City Center",3001234567,dr.asim@heartclinic.com,8:00 AM to 7:00 PM,Friday,3 PM,Emergency - cancel Dr. Asim appointment!,Cancelled immediately!,760,منسوخی
761,Cancellation,urgent,Ayesha,Dr. Asim,Cardiologist,1500,"MBBS, MD Cardiology, Fellow of American College of Cardiology",15 years,"Asim Heart Clinic, Main Bazaar Road, City Center",3001234567,dr.asim@heartclinic.com,8:00 AM to 7:00 PM,Tuesday,9 AM,Emergency - cancel Dr. Asim appointment!,Cancelled immediately!,761,منسوخی
762,Cancellation,urgent,Aisha,Dr. Asim,Cardiologist,1500,"MBBS, MD Cardiology, Fellow of American College of Cardiology",15 years,"Asim Heart Clinic, Main Bazaar Road, City Center",3001234567,dr.asim@heartclinic.com,8:00 AM to 7:00 PM,Wednesday,3 PM,Emergency - cancel Dr. Asim appointment!,Cancelled immediately!,762,منسوخی
763,Cancellation,urgent,Sana,Dr. Asim,Cardiologist,1500,"MBBS, MD Cardiology, Fellow of American College of Cardiology",15 years,"Asim Heart Clinic, Main Bazaar Road, City Center",3001234567,dr.asim@heartclinic.com,8:00 AM to 7:00 PM,Monday,3 PM,Emergency - cancel Dr. Asim appointment!,Cancelled immediately!,763,منسوخی
764,Cancellation,urgent,Bilal,Dr. Asim,Cardiologist,1500,"MBBS, MD Cardiology, Fellow of American College of Cardiology",15 years,"Asim Heart Clinic, Main Bazaar Road, City Center",3001234567,dr.asim@heartclinic.com,8:00 AM to 7:00 PM,Saturday,8 AM,Emergency - cancel Dr. Asim appointment!,Cancelled immediately!,764,منسوخی
765,Cancellation,urgent,Ahmed,Dr. Asim,Cardiologist,1500,"MBBS, MD Cardiology, Fellow of American College of Cardiology",15 years,"Asim Heart Clinic, Main Bazaar Road, City Center",3001234567,dr.asim@heartclinic.com,8:00 AM to 7:00 PM,Tuesday,8 AM,Emergency - cancel Dr. Asim appointment!,Cancelled immediately!,765,منسوخی
766,Cancellation,urgent,Samir,Dr. Asim,Cardiologist,1500,"MBBS, MD Cardiology, Fellow of American College of Cardiology",15 years,"Asim Heart Clinic, Main Bazaar Road, City Center",3001234567,dr.asim@heartclinic.com,8:00 AM to 7:00 PM,Wednesday,8 AM,Emergency - cancel Dr. Asim appointment!,Cancelled immediately!,766,منسوخی
767,Cancellation,urgent,Zainab,Dr. Asim,Cardiologist,1500,"MBBS, MD Cardiology, Fellow of American College of Cardiology",15 years,"Asim Heart Clinic, Main Bazaar Road, City Center",3001234567,dr.asim@heartclinic.com,8:00 AM to 7:00 PM,Thursday,4 PM,Emergency - cancel Dr. Asim appointment!,Cancelled immediately!,767,منسوخی
768,Cancellation,urgent,Rashid,Dr. Asim,Cardiologist,1500,"MBBS, MD Cardiology, Fellow of American College of Cardiology",15 years,"Asim Heart Clinic, Main Bazaar Road, City Center",3001234567,dr.asim@heartclinic.com,8:00 AM to 7:00 PM,Tuesday,4 PM,Emergency - cancel Dr. Asim appointment!,Cancelled immediately!,768,منسوخی
769,Cancellation,urgent,Malik,Dr. Asim,Cardiologist,1500,"MBBS, MD Cardiology, Fellow of American College of Cardiology",15 years,"Asim Heart Clinic, Main Bazaar Road, City Center",3001234567,dr.asim@heartclinic.com,8:00 AM to 7:00 PM,Tuesday,5 PM,Emergency - cancel Dr. Asim appointment!,Cancelled immediately!,769,منسوخی
770,Cancellation,urgent,Usman,Dr. Asim,Cardiologist,1500,"MBBS, MD Cardiology, Fellow of American College of Cardiology",15 years,"Asim Heart Clinic, Main Bazaar Road, City Center",3001234567,dr.asim@heartclinic.com,8:00 AM to 7:00 PM,Tuesday,3 PM,Emergency - cancel Dr. Asim appointment!,Cancelled immediately!,770,منسوخی
771,Cancellation,urgent,Ali,Dr. Asim,Cardiologist,1500,"MBBS, MD Cardiology, Fellow of American College of Cardiology",15 years,"Asim Heart Clinic, Main Bazaar Road, City Center",3001234567,dr.asim@heartclinic.com,8:00 AM to 7:00 PM,Wednesday,4 PM,Emergency - cancel Dr. Asim appointment!,Cancelled immediately!,771,منسوخی
772,Cancellation,urgent,Wasim,Dr. Asim,Cardiologist,1500,"MBBS, MD Cardiology, Fellow of American College of Cardiology",15 years,"Asim Heart Clinic, Main Bazaar Road, City Center",3001234567,dr.asim@heartclinic.com,8:00 AM to 7:00 PM,Thursday,8 AM,Emergency - cancel Dr. Asim appointment!,Cancelled immediately!,772,منسوخی
773,Cancellation,urgent,Ahmed,Dr. Asim,Cardiologist,1500,"MBBS, MD Cardiology, Fellow of American College of Cardiology",15 years,"Asim Heart Clinic, Main Bazaar Road, City Center",3001234567,dr.asim@heartclinic.com,8:00 AM to 7:00 PM,Thursday,3 PM,Emergency - cancel Dr. Asim appointment!,Cancelled immediately!,773,منسوخی
774,Cancellation,urgent,Noor,Dr. Asim,Cardiologist,1500,"MBBS, MD Cardiology, Fellow of American College of Cardiology",15 years,"Asim Heart Clinic, Main Bazaar Road, City Center",3001234567,dr.asim@heartclinic.com,8:00 AM to 7:00 PM,Saturday,8 AM,Emergency - cancel Dr. Asim appointment!,Cancelled immediately!,774,منسوخی
775,Cancellation,urgent,Faisal,Dr. Asim,Cardiologist,1500,"MBBS, MD Cardiology, Fellow of American College of Cardiology",15 years,"Asim Heart Clinic, Main Bazaar Road, City Center",3001234567,dr.asim@heartclinic.com,8:00 AM to 7:00 PM,Saturday,11 AM,Emergency - cancel Dr. Asim appointment!,Cancelled immediately!,775,منسوخی
776,Cancellation,apologetic,Ahmed,Dr. Asim,Cardiologist,1500,"MBBS, MD Cardiology, Fellow of American College of Cardiology",15 years,"Asim Heart Clinic, Main Bazaar Road, City Center",3001234567,dr.asim@heartclinic.com,8:00 AM to 7:00 PM,Saturday,2 PM,I sincerely apologize. I need to cancel Dr. Asim's appointment.,No worries. It's cancelled.,776,منسوخی
777,Cancellation,apologetic,Faisal,Dr. Asim,Cardiologist,1500,"MBBS, MD Cardiology, Fellow of American College of Cardiology",15 years,"Asim Heart Clinic, Main Bazaar Road, City Center",3001234567,dr.asim@heartclinic.com,8:00 AM to 7:00 PM,Friday,5 PM,I sincerely apologize. I need to cancel Dr. Asim's appointment.,No worries. It's cancelled.,777,منسوخی
778,Cancellation,apologetic,Nasrin,Dr. Asim,Cardiologist,1500,"MBBS, MD Cardiology, Fellow of American College of Cardiology",15 years,"Asim Heart Clinic, Main Bazaar Road, City Center",3001234567,dr.asim@heartclinic.com,8:00 AM to 7:00 PM,Thursday,8 AM,I sincerely apologize. I need to cancel Dr. Asim's appointment.,No worries. It's cancelled.,778,منسوخی
779,Cancellation,apologetic,Rashid,Dr. Asim,Cardiologist,1500,"MBBS, MD Cardiology, Fellow of American College of Cardiology",15 years,"Asim Heart Clinic, Main Bazaar Road, City Center",3001234567,dr.asim@heartclinic.com,8:00 AM to 7:00 PM,Thursday,3 PM,I sincerely apologize. I need to cancel Dr. Asim's appointment.,No worries. It's cancelled.,779,منسوخی
780,Cancellation,apologetic,Rashid,Dr. Asim,Cardiologist,1500,"MBBS, MD Cardiology, Fellow of American College of Cardiology",15 years,"Asim Heart Clinic, Main Bazaar Road, City Center",3001234567,dr.asim@heartclinic.com,8:00 AM to 7:00 PM,Monday,2 PM,I sincerely apologize. I need to cancel Dr. Asim's appointment.,No worries. It's cancelled.,780,منسوخی
781,Cancellation,apologetic,Aisha,Dr. Asim,Cardiologist,1500,"MBBS, MD Cardiology, Fellow of American College of Cardiology",15 years,"Asim Heart Clinic, Main Bazaar Road, City Center",3001234567,dr.asim@heartclinic.com,8:00 AM to 7:00 PM,Thursday,8 AM,I sincerely apologize. I need to cancel Dr. Asim's appointment.,No worries. It's cancelled.,781,منسوخی
782,Cancellation,apologetic,Rashid,Dr. Asim,Cardiologist,1500,"MBBS, MD Cardiology, Fellow of American College of Cardiology",15 years,"Asim Heart Clinic, Main Bazaar Road, City Center",3001234567,dr.asim@heartclinic.com,8:00 AM to 7:00 PM,Wednesday,11 AM,I sincerely apologize. I need to cancel Dr. Asim's appointment.,No worries. It's cancelled.,782,منسوخی
783,Cancellation,apologetic,Sara,Dr. Asim,Cardiologist,1500,"MBBS, MD Cardiology, Fellow of American College of Cardiology",15 years,"Asim Heart Clinic, Main Bazaar Road, City Center",3001234567,dr.asim@heartclinic.com,8:00 AM to 7:00 PM,Saturday,2 PM,I sincerely apologize. I need to cancel Dr. Asim's appointment.,No worries. It's cancelled.,783,منسوخی
784,Cancellation,apologetic,Karim,Dr. Asim,Cardiologist,1500,"MBBS, MD Cardiology, Fellow of American College of Cardiology",15 years,"Asim Heart Clinic, Main Bazaar Road, City Center",3001234567,dr.asim@heartclinic.com,8:00 AM to 7:00 PM,Tuesday,9 AM,I sincerely apologize. I need to cancel Dr. Asim's appointment.,No worries. It's cancelled.,784,منسوخی
785,Cancellation,apologetic,Sana,Dr. Asim,Cardiologist,1500,"MBBS, MD Cardiology, Fellow of American College of Cardiology",15 years,"Asim Heart Clinic, Main Bazaar Road, City Center",3001234567,dr.asim@heartclinic.com,8:00 AM to 7:00 PM,Saturday,2 PM,I sincerely apologize. I need to cancel Dr. Asim's appointment.,No worries. It's cancelled.,785,منسوخی
786,Cancellation,apologetic,Rashid,Dr. Asim,Cardiologist,1500,"MBBS, MD Cardiology, Fellow of American College of Cardiology",15 years,"Asim Heart Clinic, Main Bazaar Road, City Center",3001234567,dr.asim@heartclinic.com,8:00 AM to 7:00 PM,Friday,2 PM,I sincerely apologize. I need to cancel Dr. Asim's appointment.,No worries. It's cancelled.,786,منسوخی
787,Cancellation,apologetic,Aisha,Dr. Asim,Cardiologist,1500,"MBBS, MD Cardiology, Fellow of American College of Cardiology",15 years,"Asim Heart Clinic, Main Bazaar Road, City Center",3001234567,dr.asim@heartclinic.com,8:00 AM to 7:00 PM,Thursday,2 PM,I sincerely apologize. I need to cancel Dr. Asim's appointment.,No worries. It's cancelled.,787,منسوخی
788,Cancellation,apologetic,Ahmed,Dr. Asim,Cardiologist,1500,"MBBS, MD Cardiology, Fellow of American College of Cardiology",15 years,"Asim Heart Clinic, Main Bazaar Road, City Center",3001234567,dr.asim@heartclinic.com,8:00 AM to 7:00 PM,Monday,10 AM,I sincerely apologize. I need to cancel Dr. Asim's appointment.,No worries. It's cancelled.,788,منسوخی
789,Cancellation,apologetic,Tariq,Dr. Asim,Cardiologist,1500,"MBBS, MD Cardiology, Fellow of American College of Cardiology",15 years,"Asim Heart Clinic, Main Bazaar Road, City Center",3001234567,dr.asim@heartclinic.com,8:00 AM to 7:00 PM,Tuesday,11 AM,I sincerely apologize. I need to cancel Dr. Asim's appointment.,No worries. It's cancelled.,789,منسوخی
790,Cancellation,apologetic,Samir,Dr. Asim,Cardiologist,1500,"MBBS, MD Cardiology, Fellow of American College of Cardiology",15 years,"Asim Heart Clinic, Main Bazaar Road, City Center",3001234567,dr.asim@heartclinic.com,8:00 AM to 7:00 PM,Monday,2 PM,I sincerely apologize. I need to cancel Dr. Asim's appointment.,No worries. It's cancelled.,790,منسوخی
791,Cancellation,apologetic,Sara,Dr. Asim,Cardiologist,1500,"MBBS, MD Cardiology, Fellow of American College of Cardiology",15 years,"Asim Heart Clinic, Main Bazaar Road, City Center",3001234567,dr.asim@heartclinic.com,8:00 AM to 7:00 PM,Wednesday,11 AM,I sincerely apologize. I need to cancel Dr. Asim's appointment.,No worries. It's cancelled.,791,منسوخی
792,Cancellation,apologetic,Fatima,Dr. Asim,Cardiologist,1500,"MBBS, MD Cardiology, Fellow of American College of Cardiology",15 years,"Asim Heart Clinic, Main Bazaar Road, City Center",3001234567,dr.asim@heartclinic.com,8:00 AM to 7:00 PM,Wednesday,2 PM,I sincerely apologize. I need to cancel Dr. Asim's appointment.,No worries. It's cancelled.,792,منسوخی
793,Cancellation,apologetic,Hira,Dr. Asim,Cardiologist,1500,"MBBS, MD Cardiology, Fellow of American College of Cardiology",15 years,"Asim Heart Clinic, Main Bazaar Road, City Center",3001234567,dr.asim@heartclinic.com,8:00 AM to 7:00 PM,Thursday,9 AM,I sincerely apologize. I need to cancel Dr. Asim's appointment.,No worries. It's cancelled.,793,منسوخی
794,Cancellation,apologetic,Nida,Dr. Asim,Cardiologist,1500,"MBBS, MD Cardiology, Fellow of American College of Cardiology",15 years,"Asim Heart Clinic, Main Bazaar Road, City Center",3001234567,dr.asim@heartclinic.com,8:00 AM to 7:00 PM,Wednesday,9 AM,I sincerely apologize. I need to cancel Dr. Asim's appointment.,No worries. It's cancelled.,794,منسوخی
795,Cancellation,apologetic,Nasrin,Dr. Asim,Cardiologist,1500,"MBBS, MD Cardiology, Fellow of American College of Cardiology",15 years,"Asim Heart Clinic, Main Bazaar Road, City Center",3001234567,dr.asim@heartclinic.com,8:00 AM to 7:00 PM,Tuesday,2 PM,I sincerely apologize. I need to cancel Dr. Asim's appointment.,No worries. It's cancelled.,795,منسوخی
796,Cancellation,apologetic,Rukhsana,Dr. Asim,Cardiologist,1500,"MBBS, MD Cardiology, Fellow of American College of Cardiology",15 years,"Asim Heart Clinic, Main Bazaar Road, City Center",3001234567,dr.asim@heartclinic.com,8:00 AM to 7:00 PM,Tuesday,11 AM,I sincerely apologize. I need to cancel Dr. Asim's appointment.,No worries. It's cancelled.,796,منسوخی
797,Cancellation,apologetic,Hira,Dr. Asim,Cardiologist,1500,"MBBS, MD Cardiology, Fellow of American College of Cardiology",15 years,"Asim Heart Clinic, Main Bazaar Road, City Center",3001234567,dr.asim@heartclinic.com,8:00 AM to 7:00 PM,Friday,8 AM,I sincerely apologize. I need to cancel Dr. Asim's appointment.,No worries. It's cancelled.,797,منسوخی
798,Cancellation,apologetic,Aisha,Dr. Asim,Cardiologist,1500,"MBBS, MD Cardiology, Fellow of American College of Cardiology",15 years,"Asim Heart Clinic, Main Bazaar Road, City Center",3001234567,dr.asim@heartclinic.com,8:00 AM to 7:00 PM,Wednesday,8 AM,I sincerely apologize. I need to cancel Dr. Asim's appointment.,No worries. It's cancelled.,798,منسوخی
799,Cancellation,apologetic,Faisal,Dr. Asim,Cardiologist,1500,"MBBS, MD Cardiology, Fellow of American College of Cardiology",15 years,"Asim Heart Clinic, Main Bazaar Road, City Center",3001234567,dr.asim@heartclinic.com,8:00 AM to 7:00 PM,Saturday,4 PM,I sincerely apologize. I need to cancel Dr. Asim's appointment.,No worries. It's cancelled.,799,منسوخی
800,Cancellation,apologetic,Hira,Dr. Asim,Cardiologist,1500,"MBBS, MD Cardiology, Fellow of American College of Cardiology",15 years,"Asim Heart Clinic, Main Bazaar Road, City Center",3001234567,dr.asim@heartclinic.com,8:00 AM to 7:00 PM,Saturday,9 AM,I sincerely apologize. I need to cancel Dr. Asim's appointment.,No worries. It's cancelled.,800,منسوخی
801,Cancellation,apologetic,Rukhsana,Dr. Asim,Cardiologist,1500,"MBBS, MD Cardiology, Fellow of American College of Cardiology",15 years,"Asim Heart Clinic, Main Bazaar Road, City Center",3001234567,dr.asim@heartclinic.com,8:00 AM to 7:00 PM,Wednesday,11 AM,"I'm so sorry, but cancel Dr. Asim please.",It's fine. Cancelled now.,801,منسوخی
802,Cancellation,apologetic,Hira,Dr. Asim,Cardiologist,1500,"MBBS, MD Cardiology, Fellow of American College of Cardiology",15 years,"Asim Heart Clinic, Main Bazaar Road, City Center",3001234567,dr.asim@heartclinic.com,8:00 AM to 7:00 PM,Tuesday,5 PM,"I'm so sorry, but cancel Dr. Asim please.",It's fine. Cancelled now.,802,منسوخی
803,Cancellation,apologetic,Mina,Dr. Asim,Cardiologist,1500,"MBBS, MD Cardiology, Fellow of American College of Cardiology",15 years,"Asim Heart Clinic, Main Bazaar Road, City Center",3001234567,dr.asim@heartclinic.com,8:00 AM to 7:00 PM,Saturday,2 PM,"I'm so sorry, but cancel Dr. Asim please.",It's fine. Cancelled now.,803,منسوخی
804,Cancellation,apologetic,Rashid,Dr. Asim,Cardiologist,1500,"MBBS, MD Cardiology, Fellow of American College of Cardiology",15 years,"Asim Heart Clinic, Main Bazaar Road, City Center",3001234567,dr.asim@heartclinic.com,8:00 AM to 7:00 PM,Friday,4 PM,"I'm so sorry, but cancel Dr. Asim please.",It's fine. Cancelled now.,804,منسوخی
805,Cancellation,apologetic,Sara,Dr. Asim,Cardiologist,1500,"MBBS, MD Cardiology, Fellow of American College of Cardiology",15 years,"Asim Heart Clinic, Main Bazaar Road, City Center",3001234567,dr.asim@heartclinic.com,8:00 AM to 7:00 PM,Thursday,2 PM,"I'm so sorry, but cancel Dr. Asim please.",It's fine. Cancelled now.,805,منسوخی
806,Cancellation,apologetic,Salim,Dr. Asim,Cardiologist,1500,"MBBS, MD Cardiology, Fellow of American College of Cardiology",15 years,"Asim Heart Clinic, Main Bazaar Road, City Center",3001234567,dr.asim@heartclinic.com,8:00 AM to 7:00 PM,Wednesday,3 PM,"I'm so sorry, but cancel Dr. Asim please.",It's fine. Cancelled now.,806,منسوخی
807,Cancellation,apologetic,Tariq,Dr. Asim,Cardiologist,1500,"MBBS, MD Cardiology, Fellow of American College of Cardiology",15 years,"Asim Heart Clinic, Main Bazaar Road, City Center",3001234567,dr.asim@heartclinic.com,8:00 AM to 7:00 PM,Thursday,8 AM,"I'm so sorry, but cancel Dr. Asim please.",It's fine. Cancelled now.,807,منسوخی
808,Cancellation,apologetic,Hassan,Dr. Asim,Cardiologist,1500,"MBBS, MD Cardiology, Fellow of American College of Cardiology",15 years,"Asim Heart Clinic, Main Bazaar Road, City Center",3001234567,dr.asim@heartclinic.com,8:00 AM to 7:00 PM,Monday,2 PM,"I'm so sorry, but cancel Dr. Asim please.",It's fine. Cancelled now.,808,منسوخی
809,Cancellation,apologetic,Aisha,Dr. Asim,Cardiologist,1500,"MBBS, MD Cardiology, Fellow of American College of Cardiology",15 years,"Asim Heart Clinic, Main Bazaar Road, City Center",3001234567,dr.asim@heartclinic.com,8:00 AM to 7:00 PM,Monday,8 AM,"I'm so sorry, but cancel Dr. Asim please.",It's fine. Cancelled now.,809,منسوخی
810,Cancellation,apologetic,Noor,Dr. Asim,Cardiologist,1500,"MBBS, MD Cardiology, Fellow of American College of Cardiology",15 years,"Asim Heart Clinic, Main Bazaar Road, City Center",3001234567,dr.asim@heartclinic.com,8:00 AM to 7:00 PM,Monday,3 PM,"I'm so sorry, but cancel Dr. Asim please.",It's fine. Cancelled now.,810,منسوخی
811,Cancellation,apologetic,Aisha,Dr. Asim,Cardiologist,1500,"MBBS, MD Cardiology, Fellow of American College of Cardiology",15 years,"Asim Heart Clinic, Main Bazaar Road, City Center",3001234567,dr.asim@heartclinic.com,8:00 AM to 7:00 PM,Monday,9 AM,"I'm so sorry, but cancel Dr. Asim please.",It's fine. Cancelled now.,811,منسوخی
812,Cancellation,apologetic,Wasim,Dr. Asim,Cardiologist,1500,"MBBS, MD Cardiology, Fellow of American College of Cardiology",15 years,"Asim Heart Clinic, Main Bazaar Road, City Center",3001234567,dr.asim@heartclinic.com,8:00 AM to 7:00 PM,Tuesday,5 PM,"I'm so sorry, but cancel Dr. Asim please.",It's fine. Cancelled now.,812,منسوخی
813,Cancellation,apologetic,Hassan,Dr. Asim,Cardiologist,1500,"MBBS, MD Cardiology, Fellow of American College of Cardiology",15 years,"Asim Heart Clinic, Main Bazaar Road, City Center",3001234567,dr.asim@heartclinic.com,8:00 AM to 7:00 PM,Saturday,9 AM,"I'm so sorry, but cancel Dr. Asim please.",It's fine. Cancelled now.,813,منسوخی
814,Cancellation,apologetic,Sana,Dr. Asim,Cardiologist,1500,"MBBS, MD Cardiology, Fellow of American College of Cardiology",15 years,"Asim Heart Clinic, Main Bazaar Road, City Center",3001234567,dr.asim@heartclinic.com,8:00 AM to 7:00 PM,Saturday,4 PM,"I'm so sorry, but cancel Dr. Asim please.",It's fine. Cancelled now.,814,منسوخی
815,Cancellation,apologetic,Ahmed,Dr. Asim,Cardiologist,1500,"MBBS, MD Cardiology, Fellow of American College of Cardiology",15 years,"Asim Heart Clinic, Main Bazaar Road, City Center",3001234567,dr.asim@heartclinic.com,8:00 AM to 7:00 PM,Wednesday,11 AM,"I'm so sorry, but cancel Dr. Asim please.",It's fine. Cancelled now.,815,منسوخی
816,Cancellation,apologetic,Hassan,Dr. Asim,Cardiologist,1500,"MBBS, MD Cardiology, Fellow of American College of Cardiology",15 years,"Asim Heart Clinic, Main Bazaar Road, City Center",3001234567,dr.asim@heartclinic.com,8:00 AM to 7:00 PM,Wednesday,3 PM,"I'm so sorry, but cancel Dr. Asim please.",It's fine. Cancelled now.,816,منسوخی
817,Cancellation,apologetic,Salim,Dr. Asim,Cardiologist,1500,"MBBS, MD Cardiology, Fellow of American College of Cardiology",15 years,"Asim Heart Clinic, Main Bazaar Road, City Center",3001234567,dr.asim@heartclinic.com,8:00 AM to 7:00 PM,Saturday,8 AM,"I'm so sorry, but cancel Dr. Asim please.",It's fine. Cancelled now.,817,منسوخی
818,Cancellation,apologetic,Noor,Dr. Asim,Cardiologist,1500,"MBBS, MD Cardiology, Fellow of American College of Cardiology",15 years,"Asim Heart Clinic, Main Bazaar Road, City Center",3001234567,dr.asim@heartclinic.com,8:00 AM to 7:00 PM,Monday,11 AM,"I'm so sorry, but cancel Dr. Asim please.",It's fine. Cancelled now.,818,منسوخی
819,Cancellation,apologetic,Nida,Dr. Asim,Cardiologist,1500,"MBBS, MD Cardiology, Fellow of American College of Cardiology",15 years,"Asim Heart Clinic, Main Bazaar Road, City Center",3001234567,dr.asim@heartclinic.com,8:00 AM to 7:00 PM,Saturday,4 PM,"I'm so sorry, but cancel Dr. Asim please.",It's fine. Cancelled now.,819,منسوخی
820,Cancellation,apologetic,Hira,Dr. Asim,Cardiologist,1500,"MBBS, MD Cardiology, Fellow of American College of Cardiology",15 years,"Asim Heart Clinic, Main Bazaar Road, City Center",3001234567,dr.asim@heartclinic.com,8:00 AM to 7:00 PM,Tuesday,9 AM,"I'm so sorry, but cancel Dr. Asim please.",It's fine. Cancelled now.,820,منسوخی
821,Cancellation,apologetic,Malik,Dr. Asim,Cardiologist,1500,"MBBS, MD Cardiology, Fellow of American College of Cardiology",15 years,"Asim Heart Clinic, Main Bazaar Road, City Center",3001234567,dr.asim@heartclinic.com,8:00 AM to 7:00 PM,Thursday,8 AM,"I'm so sorry, but cancel Dr. Asim please.",It's fine. Cancelled now.,821,منسوخی
822,Cancellation,apologetic,Samir,Dr. Asim,Cardiologist,1500,"MBBS, MD Cardiology, Fellow of American College of Cardiology",15 years,"Asim Heart Clinic, Main Bazaar Road, City Center",3001234567,dr.asim@heartclinic.com,8:00 AM to 7:00 PM,Wednesday,4 PM,"I'm so sorry, but cancel Dr. Asim please.",It's fine. Cancelled now.,822,منسوخی
823,Cancellation,apologetic,Sana,Dr. Asim,Cardiologist,1500,"MBBS, MD Cardiology, Fellow of American College of Cardiology",15 years,"Asim Heart Clinic, Main Bazaar Road, City Center",3001234567,dr.asim@heartclinic.com,8:00 AM to 7:00 PM,Saturday,8 AM,"I'm so sorry, but cancel Dr. Asim please.",It's fine. Cancelled now.,823,منسوخی
824,Cancellation,apologetic,Wasim,Dr. Asim,Cardiologist,1500,"MBBS, MD Cardiology, Fellow of American College of Cardiology",15 years,"Asim Heart Clinic, Main Bazaar Road, City Center",3001234567,dr.asim@heartclinic.com,8:00 AM to 7:00 PM,Saturday,4 PM,"I'm so sorry, but cancel Dr. Asim please.",It's fine. Cancelled now.,824,منسوخی
825,Cancellation,apologetic,Karim,Dr. Asim,Cardiologist,1500,"MBBS, MD Cardiology, Fellow of American College of Cardiology",15 years,"Asim Heart Clinic, Main Bazaar Road, City Center",3001234567,dr.asim@heartclinic.com,8:00 AM to 7:00 PM,Friday,8 AM,"I'm so sorry, but cancel Dr. Asim please.",It's fine. Cancelled now.,825,منسوخی
826,Cancellation,apologetic,Bilal,Dr. Asim,Cardiologist,1500,"MBBS, MD Cardiology, Fellow of American College of Cardiology",15 years,"Asim Heart Clinic, Main Bazaar Road, City Center",3001234567,dr.asim@heartclinic.com,8:00 AM to 7:00 PM,Wednesday,8 AM,"Really sorry, but I must cancel with Dr. Asim.",No problem. Cancelled!,826,منسوخی
827,Cancellation,apologetic,Nida,Dr. Asim,Cardiologist,1500,"MBBS, MD Cardiology, Fellow of American College of Cardiology",15 years,"Asim Heart Clinic, Main Bazaar Road, City Center",3001234567,dr.asim@heartclinic.com,8:00 AM to 7:00 PM,Friday,2 PM,"Really sorry, but I must cancel with Dr. Asim.",No problem. Cancelled!,827,منسوخی
828,Cancellation,apologetic,Nasrin,Dr. Asim,Cardiologist,1500,"MBBS, MD Cardiology, Fellow of American College of Cardiology",15 years,"Asim Heart Clinic, Main Bazaar Road, City Center",3001234567,dr.asim@heartclinic.com,8:00 AM to 7:00 PM,Thursday,2 PM,"Really sorry, but I must cancel with Dr. Asim.",No problem. Cancelled!,828,منسوخی
829,Cancellation,apologetic,Tariq,Dr. Asim,Cardiologist,1500,"MBBS, MD Cardiology, Fellow of American College of Cardiology",15 years,"Asim Heart Clinic, Main Bazaar Road, City Center",3001234567,dr.asim@heartclinic.com,8:00 AM to 7:00 PM,Friday,8 AM,"Really sorry, but I must cancel with Dr. Asim.",No problem. Cancelled!,829,منسوخی
830,Cancellation,apologetic,Salim,Dr. Asim,Cardiologist,1500,"MBBS, MD Cardiology, Fellow of American College of Cardiology",15 years,"Asim Heart Clinic, Main Bazaar Road, City Center",3001234567,dr.asim@heartclinic.com,8:00 AM to 7:00 PM,Monday,9 AM,"Really sorry, but I must cancel with Dr. Asim.",No problem. Cancelled!,830,منسوخی
831,Cancellation,apologetic,Farida,Dr. Asim,Cardiologist,1500,"MBBS, MD Cardiology, Fellow of American College of Cardiology",15 years,"Asim Heart Clinic, Main Bazaar Road, City Center",3001234567,dr.asim@heartclinic.com,8:00 AM to 7:00 PM,Saturday,4 PM,"Really sorry, but I must cancel with Dr. Asim.",No problem. Cancelled!,831,منسوخی
832,Cancellation,apologetic,Hamza,Dr. Asim,Cardiologist,1500,"MBBS, MD Cardiology, Fellow of American College of Cardiology",15 years,"Asim Heart Clinic, Main Bazaar Road, City Center",3001234567,dr.asim@heartclinic.com,8:00 AM to 7:00 PM,Wednesday,8 AM,"Really sorry, but I must cancel with Dr. Asim.",No problem. Cancelled!,832,منسوخی
833,Cancellation,apologetic,Salim,Dr. Asim,Cardiologist,1500,"MBBS, MD Cardiology, Fellow of American College of Cardiology",15 years,"Asim Heart Clinic, Main Bazaar Road, City Center",3001234567,dr.asim@heartclinic.com,8:00 AM to 7:00 PM,Wednesday,9 AM,"Really sorry, but I must cancel with Dr. Asim.",No problem. Cancelled!,833,منسوخی
834,Cancellation,apologetic,Salim,Dr. Asim,Cardiologist,1500,"MBBS, MD Cardiology, Fellow of American College of Cardiology",15 years,"Asim Heart Clinic, Main Bazaar Road, City Center",3001234567,dr.asim@heartclinic.com,8:00 AM to 7:00 PM,Monday,11 AM,"Really sorry, but I must cancel with Dr. Asim.",No problem. Cancelled!,834,منسوخی
835,Cancellation,apologetic,Usman,Dr. Asim,Cardiologist,1500,"MBBS, MD Cardiology, Fellow of American College of Cardiology",15 years,"Asim Heart Clinic, Main Bazaar Road, City Center",3001234567,dr.asim@heartclinic.com,8:00 AM to 7:00 PM,Wednesday,8 AM,"Really sorry, but I must cancel with Dr. Asim.",No problem. Cancelled!,835,منسوخی
836,Cancellation,apologetic,Salim,Dr. Asim,Cardiologist,1500,"MBBS, MD Cardiology, Fellow of American College of Cardiology",15 years,"Asim Heart Clinic, Main Bazaar Road, City Center",3001234567,dr.asim@heartclinic.com,8:00 AM to 7:00 PM,Saturday,4 PM,"Really sorry, but I must cancel with Dr. Asim.",No problem. Cancelled!,836,منسوخی
837,Cancellation,apologetic,Sara,Dr. Asim,Cardiologist,1500,"MBBS, MD Cardiology, Fellow of American College of Cardiology",15 years,"Asim Heart Clinic, Main Bazaar Road, City Center",3001234567,dr.asim@heartclinic.com,8:00 AM to 7:00 PM,Wednesday,2 PM,"Really sorry, but I must cancel with Dr. Asim.",No problem. Cancelled!,837,منسوخی
838,Cancellation,apologetic,Hassan,Dr. Asim,Cardiologist,1500,"MBBS, MD Cardiology, Fellow of American College of Cardiology",15 years,"Asim Heart Clinic, Main Bazaar Road, City Center",3001234567,dr.asim@heartclinic.com,8:00 AM to 7:00 PM,Wednesday,5 PM,"Really sorry, but I must cancel with Dr. Asim.",No problem. Cancelled!,838,منسوخی
839,Cancellation,apologetic,Malik,Dr. Asim,Cardiologist,1500,"MBBS, MD Cardiology, Fellow of American College of Cardiology",15 years,"Asim Heart Clinic, Main Bazaar Road, City Center",3001234567,dr.asim@heartclinic.com,8:00 AM to 7:00 PM,Saturday,10 AM,"Really sorry, but I must cancel with Dr. Asim.",No problem. Cancelled!,839,منسوخی
840,Cancellation,apologetic,Samir,Dr. Asim,Cardiologist,1500,"MBBS, MD Cardiology, Fellow of American College of Cardiology",15 years,"Asim Heart Clinic, Main Bazaar Road, City Center",3001234567,dr.asim@heartclinic.com,8:00 AM to 7:00 PM,Wednesday,4 PM,"Really sorry, but I must cancel with Dr. Asim.",No problem. Cancelled!,840,منسوخی
841,Cancellation,apologetic,Mina,Dr. Asim,Cardiologist,1500,"MBBS, MD Cardiology, Fellow of American College of Cardiology",15 years,"Asim Heart Clinic, Main Bazaar Road, City Center",3001234567,dr.asim@heartclinic.com,8:00 AM to 7:00 PM,Wednesday,9 AM,"Really sorry, but I must cancel with Dr. Asim.",No problem. Cancelled!,841,منسوخی
842,Cancellation,apologetic,Karim,Dr. Asim,Cardiologist,1500,"MBBS, MD Cardiology, Fellow of American College of Cardiology",15 years,"Asim Heart Clinic, Main Bazaar Road, City Center",3001234567,dr.asim@heartclinic.com,8:00 AM to 7:00 PM,Friday,2 PM,"Really sorry, but I must cancel with Dr. Asim.",No problem. Cancelled!,842,منسوخی
843,Cancellation,apologetic,Farida,Dr. Asim,Cardiologist,1500,"MBBS, MD Cardiology, Fellow of American College of Cardiology",15 years,"Asim Heart Clinic, Main Bazaar Road, City Center",3001234567,dr.asim@heartclinic.com,8:00 AM to 7:00 PM,Saturday,5 PM,"Really sorry, but I must cancel with Dr. Asim.",No problem. Cancelled!,843,منسوخی
844,Cancellation,apologetic,Samir,Dr. Asim,Cardiologist,1500,"MBBS, MD Cardiology, Fellow of American College of Cardiology",15 years,"Asim Heart Clinic, Main Bazaar Road, City Center",3001234567,dr.asim@heartclinic.com,8:00 AM to 7:00 PM,Tuesday,9 AM,"Really sorry, but I must cancel with Dr. Asim.",No problem. Cancelled!,844,منسوخی
845,Cancellation,apologetic,Ahmed,Dr. Asim,Cardiologist,1500,"MBBS, MD Cardiology, Fellow of American College of Cardiology",15 years,"Asim Heart Clinic, Main Bazaar Road, City Center",3001234567,dr.asim@heartclinic.com,8:00 AM to 7:00 PM,Monday,4 PM,"Really sorry, but I must cancel with Dr. Asim.",No problem. Cancelled!,845,منسوخی
846,Cancellation,apologetic,Wasim,Dr. Asim,Cardiologist,1500,"MBBS, MD Cardiology, Fellow of American College of Cardiology",15 years,"Asim Heart Clinic, Main Bazaar Road, City Center",3001234567,dr.asim@heartclinic.com,8:00 AM to 7:00 PM,Thursday,2 PM,"Really sorry, but I must cancel with Dr. Asim.",No problem. Cancelled!,846,منسوخی
847,Cancellation,apologetic,Layla,Dr. Asim,Cardiologist,1500,"MBBS, MD Cardiology, Fellow of American College of Cardiology",15 years,"Asim Heart Clinic, Main Bazaar Road, City Center",3001234567,dr.asim@heartclinic.com,8:00 AM to 7:00 PM,Friday,5 PM,"Really sorry, but I must cancel with Dr. Asim.",No problem. Cancelled!,847,منسوخی
848,Cancellation,apologetic,Hira,Dr. Asim,Cardiologist,1500,"MBBS, MD Cardiology, Fellow of American College of Cardiology",15 years,"Asim Heart Clinic, Main Bazaar Road, City Center",3001234567,dr.asim@heartclinic.com,8:00 AM to 7:00 PM,Saturday,4 PM,"Really sorry, but I must cancel with Dr. Asim.",No problem. Cancelled!,848,منسوخی
849,Cancellation,apologetic,Fatima,Dr. Asim,Cardiologist,1500,"MBBS, MD Cardiology, Fellow of American College of Cardiology",15 years,"Asim Heart Clinic, Main Bazaar Road, City Center",3001234567,dr.asim@heartclinic.com,8:00 AM to 7:00 PM,Thursday,3 PM,"Really sorry, but I must cancel with Dr. Asim.",No problem. Cancelled!,849,منسوخی
850,Cancellation,apologetic,Ali,Dr. Asim,Cardiologist,1500,"MBBS, MD Cardiology, Fellow of American College of Cardiology",15 years,"Asim Heart Clinic, Main Bazaar Road, City Center",3001234567,dr.asim@heartclinic.com,8:00 AM to 7:00 PM,Wednesday,4 PM,"Really sorry, but I must cancel with Dr. Asim.",No problem. Cancelled!,850,منسوخی
851,Rescheduling,formal,Ayesha,Dr. Asim,Cardiologist,1500,"MBBS, MD Cardiology, Fellow of American College of Cardiology",15 years,"Asim Heart Clinic, Main Bazaar Road, City Center",3001234567,dr.asim@heartclinic.com,8:00 AM to 7:00 PM,Wednesday,11 AM,Could you reschedule my Dr. Asim appointment from Thursday to Wednesday?,"Yes, {new_day} works. What time?",851,ری شیڈولنگ
852,Rescheduling,formal,Ahmed,Dr. Asim,Cardiologist,1500,"MBBS, MD Cardiology, Fellow of American College of Cardiology",15 years,"Asim Heart Clinic, Main Bazaar Road, City Center",3001234567,dr.asim@heartclinic.com,8:00 AM to 7:00 PM,Thursday,9 AM,Could you reschedule my Dr. Asim appointment from Tuesday to Thursday?,"Yes, {new_day} works. What time?",852,ری شیڈولنگ
853,Rescheduling,formal,Nasrin,Dr. Asim,Cardiologist,1500,"MBBS, MD Cardiology, Fellow of American College of Cardiology",15 years,"Asim Heart Clinic, Main Bazaar Road, City Center",3001234567,dr.asim@heartclinic.com,8:00 AM to 7:00 PM,Saturday,9 AM,Could you reschedule my Dr. Asim appointment from Tuesday to Saturday?,"Yes, {new_day} works. What time?",853,ری شیڈولنگ
854,Rescheduling,formal,Rukhsana,Dr. Asim,Cardiologist,1500,"MBBS, MD Cardiology, Fellow of American College of Cardiology",15 years,"Asim Heart Clinic, Main Bazaar Road, City Center",3001234567,dr.asim@heartclinic.com,8:00 AM to 7:00 PM,Tuesday,3 PM,Could you reschedule my Dr. Asim appointment from Monday to Tuesday?,"Yes, {new_day} works. What time?",854,ری شیڈولنگ
855,Rescheduling,formal,Karim,Dr. Asim,Cardiologist,1500,"MBBS, MD Cardiology, Fellow of American College of Cardiology",15 years,"Asim Heart Clinic, Main Bazaar Road, City Center",3001234567,dr.asim@heartclinic.com,8:00 AM to 7:00 PM,Saturday,8 AM,Could you reschedule my Dr. Asim appointment from Tuesday to Saturday?,"Yes, {new_day} works. What time?",855,ری شیڈولنگ
856,Rescheduling,formal,Hassan,Dr. Asim,Cardiologist,1500,"MBBS, MD Cardiology, Fellow of American College of Cardiology",15 years,"Asim Heart Clinic, Main Bazaar Road, City Center",3001234567,dr.asim@heartclinic.com,8:00 AM to 7:00 PM,Monday,10 AM,Could you reschedule my Dr. Asim appointment from Saturday to Monday?,"Yes, {new_day} works. What time?",856,ری شیڈولنگ
857,Rescheduling,formal,Malik,Dr. Asim,Cardiologist,1500,"MBBS, MD Cardiology, Fellow of American College of Cardiology",15 years,"Asim Heart Clinic, Main Bazaar Road, City Center",3001234567,dr.asim@heartclinic.com,8:00 AM to 7:00 PM,Tuesday,9 AM,Could you reschedule my Dr. Asim appointment from Monday to Tuesday?,"Yes, {new_day} works. What time?",857,ری شیڈولنگ
858,Rescheduling,formal,Tariq,Dr. Asim,Cardiologist,1500,"MBBS, MD Cardiology, Fellow of American College of Cardiology",15 years,"Asim Heart Clinic, Main Bazaar Road, City Center",3001234567,dr.asim@heartclinic.com,8:00 AM to 7:00 PM,Tuesday,5 PM,Could you reschedule my Dr. Asim appointment from Thursday to Tuesday?,"Yes, {new_day} works. What time?",858,ری شیڈولنگ
859,Rescheduling,formal,Zainab,Dr. Asim,Cardiologist,1500,"MBBS, MD Cardiology, Fellow of American College of Cardiology",15 years,"Asim Heart Clinic, Main Bazaar Road, City Center",3001234567,dr.asim@heartclinic.com,8:00 AM to 7:00 PM,Monday,9 AM,Could you reschedule my Dr. Asim appointment from Tuesday to Monday?,"Yes, {new_day} works. What time?",859,ری شیڈولنگ
860,Rescheduling,formal,Ali,Dr. Asim,Cardiologist,1500,"MBBS, MD Cardiology, Fellow of American College of Cardiology",15 years,"Asim Heart Clinic, Main Bazaar Road, City Center",3001234567,dr.asim@heartclinic.com,8:00 AM to 7:00 PM,Tuesday,8 AM,Could you reschedule my Dr. Asim appointment from Wednesday to Tuesday?,"Yes, {new_day} works. What time?",860,ری شیڈولنگ
861,Rescheduling,formal,Nida,Dr. Asim,Cardiologist,1500,"MBBS, MD Cardiology, Fellow of American College of Cardiology",15 years,"Asim Heart Clinic, Main Bazaar Road, City Center",3001234567,dr.asim@heartclinic.com,8:00 AM to 7:00 PM,Monday,5 PM,Could you reschedule my Dr. Asim appointment from Saturday to Monday?,"Yes, {new_day} works. What time?",861,ری شیڈولنگ
862,Rescheduling,formal,Samir,Dr. Asim,Cardiologist,1500,"MBBS, MD Cardiology, Fellow of American College of Cardiology",15 years,"Asim Heart Clinic, Main Bazaar Road, City Center",3001234567,dr.asim@heartclinic.com,8:00 AM to 7:00 PM,Thursday,5 PM,Could you reschedule my Dr. Asim appointment from Tuesday to Thursday?,"Yes, {new_day} works. What time?",862,ری شیڈولنگ
863,Rescheduling,formal,Wasim,Dr. Asim,Cardiologist,1500,"MBBS, MD Cardiology, Fellow of American College of Cardiology",15 years,"Asim Heart Clinic, Main Bazaar Road, City Center",3001234567,dr.asim@heartclinic.com,8:00 AM to 7:00 PM,Thursday,9 AM,Could you reschedule my Dr. Asim appointment from Saturday to Thursday?,"Yes, {new_day} works. What time?",863,ری شیڈولنگ
864,Rescheduling,formal,Bilal,Dr. Asim,Cardiologist,1500,"MBBS, MD Cardiology, Fellow of American College of Cardiology",15 years,"Asim Heart Clinic, Main Bazaar Road, City Center",3001234567,dr.asim@heartclinic.com,8:00 AM to 7:00 PM,Wednesday,9 AM,Could you reschedule my Dr. Asim appointment from Thursday to Wednesday?,"Yes, {new_day} works. What time?",864,ری شیڈولنگ
865,Rescheduling,formal,Fatima,Dr. Asim,Cardiologist,1500,"MBBS, MD Cardiology, Fellow of American College of Cardiology",15 years,"Asim Heart Clinic, Main Bazaar Road, City Center",3001234567,dr.asim@heartclinic.com,8:00 AM to 7:00 PM,Saturday,4 PM,Could you reschedule my Dr. Asim appointment from Wednesday to Saturday?,"Yes, {new_day} works. What time?",865,ری شیڈولنگ
866,Rescheduling,formal,Hassan,Dr. Asim,Cardiologist,1500,"MBBS, MD Cardiology, Fellow of American College of Cardiology",15 years,"Asim Heart Clinic, Main Bazaar Road, City Center",3001234567,dr.asim@heartclinic.com,8:00 AM to 7:00 PM,Saturday,5 PM,Could you reschedule my Dr. Asim appointment from Thursday to Saturday?,"Yes, {new_day} works. What time?",866,ری شیڈولنگ
867,Rescheduling,formal,Noor,Dr. Asim,Cardiologist,1500,"MBBS, MD Cardiology, Fellow of American College of Cardiology",15 years,"Asim Heart Clinic, Main Bazaar Road, City Center",3001234567,dr.asim@heartclinic.com,8:00 AM to 7:00 PM,Wednesday,2 PM,Could you reschedule my Dr. Asim appointment from Saturday to Wednesday?,"Yes, {new_day} works. What time?",867,ری شیڈولنگ
868,Rescheduling,formal,Zainab,Dr. Asim,Cardiologist,1500,"MBBS, MD Cardiology, Fellow of American College of Cardiology",15 years,"Asim Heart Clinic, Main Bazaar Road, City Center",3001234567,dr.asim@heartclinic.com,8:00 AM to 7:00 PM,Tuesday,5 PM,Could you reschedule my Dr. Asim appointment from Monday to Tuesday?,"Yes, {new_day} works. What time?",868,ری شیڈولنگ
869,Rescheduling,formal,Tariq,Dr. Asim,Cardiologist,1500,"MBBS, MD Cardiology, Fellow of American College of Cardiology",15 years,"Asim Heart Clinic, Main Bazaar Road, City Center",3001234567,dr.asim@heartclinic.com,8:00 AM to 7:00 PM,Monday,8 AM,Could you reschedule my Dr. Asim appointment from Thursday to Monday?,"Yes, {new_day} works. What time?",869,ری شیڈولنگ
870,Rescheduling,formal,Hamza,Dr. Asim,Cardiologist,1500,"MBBS, MD Cardiology, Fellow of American College of Cardiology",15 years,"Asim Heart Clinic, Main Bazaar Road, City Center",3001234567,dr.asim@heartclinic.com,8:00 AM to 7:00 PM,Friday,3 PM,Could you reschedule my Dr. Asim appointment from Thursday to Friday?,"Yes, {new_day} works. What time?",870,ری شیڈولنگ
871,Rescheduling,formal,Hassan,Dr. Asim,Cardiologist,1500,"MBBS, MD Cardiology, Fellow of American College of Cardiology",15 years,"Asim Heart Clinic, Main Bazaar Road, City Center",3001234567,dr.asim@heartclinic.com,8:00 AM to 7:00 PM,Saturday,11 AM,Could you reschedule my Dr. Asim appointment from Friday to Saturday?,"Yes, {new_day} works. What time?",871,ری شیڈولنگ
872,Rescheduling,formal,Nasrin,Dr. Asim,Cardiologist,1500,"MBBS, MD Cardiology, Fellow of American College of Cardiology",15 years,"Asim Heart Clinic, Main Bazaar Road, City Center",3001234567,dr.asim@heartclinic.com,8:00 AM to 7:00 PM,Tuesday,10 AM,Could you reschedule my Dr. Asim appointment from Saturday to Tuesday?,"Yes, {new_day} works. What time?",872,ری شیڈولنگ
873,Rescheduling,formal,Aisha,Dr. Asim,Cardiologist,1500,"MBBS, MD Cardiology, Fellow of American College of Cardiology",15 years,"Asim Heart Clinic, Main Bazaar Road, City Center",3001234567,dr.asim@heartclinic.com,8:00 AM to 7:00 PM,Monday,3 PM,Could you reschedule my Dr. Asim appointment from Saturday to Monday?,"Yes, {new_day} works. What time?",873,ری شیڈولنگ
874,Rescheduling,formal,Ayesha,Dr. Asim,Cardiologist,1500,"MBBS, MD Cardiology, Fellow of American College of Cardiology",15 years,"Asim Heart Clinic, Main Bazaar Road, City Center",3001234567,dr.asim@heartclinic.com,8:00 AM to 7:00 PM,Wednesday,11 AM,Could you reschedule my Dr. Asim appointment from Monday to Wednesday?,"Yes, {new_day} works. What time?",874,ری شیڈولنگ
875,Rescheduling,formal,Noor,Dr. Asim,Cardiologist,1500,"MBBS, MD Cardiology, Fellow of American College of Cardiology",15 years,"Asim Heart Clinic, Main Bazaar Road, City Center",3001234567,dr.asim@heartclinic.com,8:00 AM to 7:00 PM,Saturday,3 PM,Could you reschedule my Dr. Asim appointment from Friday to Saturday?,"Yes, {new_day} works. What time?",875,ری شیڈولنگ
876,Rescheduling,formal,Nasrin,Dr. Asim,Cardiologist,1500,"MBBS, MD Cardiology, Fellow of American College of Cardiology",15 years,"Asim Heart Clinic, Main Bazaar Road, City Center",3001234567,dr.asim@heartclinic.com,8:00 AM to 7:00 PM,Tuesday,8 AM,I need to move my Dr. Asim appointment.,No problem. New date?,876,ری شیڈولنگ
877,Rescheduling,formal,Tariq,Dr. Asim,Cardiologist,1500,"MBBS, MD Cardiology, Fellow of American College of Cardiology",15 years,"Asim Heart Clinic, Main Bazaar Road, City Center",3001234567,dr.asim@heartclinic.com,8:00 AM to 7:00 PM,Tuesday,8 AM,I need to move my Dr. Asim appointment.,No problem. New date?,877,ری شیڈولنگ
878,Rescheduling,formal,Ayesha,Dr. Asim,Cardiologist,1500,"MBBS, MD Cardiology, Fellow of American College of Cardiology",15 years,"Asim Heart Clinic, Main Bazaar Road, City Center",3001234567,dr.asim@heartclinic.com,8:00 AM to 7:00 PM,Thursday,9 AM,I need to move my Dr. Asim appointment.,No problem. New date?,878,ری شیڈولنگ
879,Rescheduling,formal,Nida,Dr. Asim,Cardiologist,1500,"MBBS, MD Cardiology, Fellow of American College of Cardiology",15 years,"Asim Heart Clinic, Main Bazaar Road, City Center",3001234567,dr.asim@heartclinic.com,8:00 AM to 7:00 PM,Wednesday,9 AM,I need to move my Dr. Asim appointment.,No problem. New date?,879,ری شیڈولنگ
880,Rescheduling,formal,Zainab,Dr. Asim,Cardiologist,1500,"MBBS, MD Cardiology, Fellow of American College of Cardiology",15 years,"Asim Heart Clinic, Main Bazaar Road, City Center",3001234567,dr.asim@heartclinic.com,8:00 AM to 7:00 PM,Tuesday,5 PM,I need to move my Dr. Asim appointment.,No problem. New date?,880,ری شیڈولنگ
881,Rescheduling,formal,Zainab,Dr. Asim,Cardiologist,1500,"MBBS, MD Cardiology, Fellow of American College of Cardiology",15 years,"Asim Heart Clinic, Main Bazaar Road, City Center",3001234567,dr.asim@heartclinic.com,8:00 AM to 7:00 PM,Tuesday,10 AM,I need to move my Dr. Asim appointment.,No problem. New date?,881,ری شیڈولنگ
882,Rescheduling,formal,Hassan,Dr. Asim,Cardiologist,1500,"MBBS, MD Cardiology, Fellow of American College of Cardiology",15 years,"Asim Heart Clinic, Main Bazaar Road, City Center",3001234567,dr.asim@heartclinic.com,8:00 AM to 7:00 PM,Monday,10 AM,I need to move my Dr. Asim appointment.,No problem. New date?,882,ری شیڈولنگ
883,Rescheduling,formal,Layla,Dr. Asim,Cardiologist,1500,"MBBS, MD Cardiology, Fellow of American College of Cardiology",15 years,"Asim Heart Clinic, Main Bazaar Road, City Center",3001234567,dr.asim@heartclinic.com,8:00 AM to 7:00 PM,Thursday,2 PM,I need to move my Dr. Asim appointment.,No problem. New date?,883,ری شیڈولنگ
884,Rescheduling,formal,Ayesha,Dr. Asim,Cardiologist,1500,"MBBS, MD Cardiology, Fellow of American College of Cardiology",15 years,"Asim Heart Clinic, Main Bazaar Road, City Center",3001234567,dr.asim@heartclinic.com,8:00 AM to 7:00 PM,Thursday,10 AM,I need to move my Dr. Asim appointment.,No problem. New date?,884,ری شیڈولنگ
885,Rescheduling,formal,Layla,Dr. Asim,Cardiologist,1500,"MBBS, MD Cardiology, Fellow of American College of Cardiology",15 years,"Asim Heart Clinic, Main Bazaar Road, City Center",3001234567,dr.asim@heartclinic.com,8:00 AM to 7:00 PM,Thursday,3 PM,I need to move my Dr. Asim appointment.,No problem. New date?,885,ری شیڈولنگ
886,Rescheduling,formal,Bilal,Dr. Asim,Cardiologist,1500,"MBBS, MD Cardiology, Fellow of American College of Cardiology",15 years,"Asim Heart Clinic, Main Bazaar Road, City Center",3001234567,dr.asim@heartclinic.com,8:00 AM to 7:00 PM,Monday,3 PM,I need to move my Dr. Asim appointment.,No problem. New date?,886,ری شیڈولنگ
887,Rescheduling,formal,Mina,Dr. Asim,Cardiologist,1500,"MBBS, MD Cardiology, Fellow of American College of Cardiology",15 years,"Asim Heart Clinic, Main Bazaar Road, City Center",3001234567,dr.asim@heartclinic.com,8:00 AM to 7:00 PM,Thursday,4 PM,I need to move my Dr. Asim appointment.,No problem. New date?,887,ری شیڈولنگ
888,Rescheduling,formal,Mina,Dr. Asim,Cardiologist,1500,"MBBS, MD Cardiology, Fellow of American College of Cardiology",15 years,"Asim Heart Clinic, Main Bazaar Road, City Center",3001234567,dr.asim@heartclinic.com,8:00 AM to 7:00 PM,Thursday,10 AM,I need to move my Dr. Asim appointment.,No problem. New date?,888,ری شیڈولنگ
889,Rescheduling,formal,Sara,Dr. Asim,Cardiologist,1500,"MBBS, MD Cardiology, Fellow of American College of Cardiology",15 years,"Asim Heart Clinic, Main Bazaar Road, City Center",3001234567,dr.asim@heartclinic.com,8:00 AM to 7:00 PM,Thursday,11 AM,I need to move my Dr. Asim appointment.,No problem. New date?,889,ری شیڈولنگ
890,Rescheduling,formal,Amina,Dr. Asim,Cardiologist,1500,"MBBS, MD Cardiology, Fellow of American College of Cardiology",15 years,"Asim Heart Clinic, Main Bazaar Road, City Center",3001234567,dr.asim@heartclinic.com,8:00 AM to 7:00 PM,Tuesday,8 AM,I need to move my Dr. Asim appointment.,No problem. New date?,890,ری شیڈولنگ
891,Rescheduling,formal,Hira,Dr. Asim,Cardiologist,1500,"MBBS, MD Cardiology, Fellow of American College of Cardiology",15 years,"Asim Heart Clinic, Main Bazaar Road, City Center",3001234567,dr.asim@heartclinic.com,8:00 AM to 7:00 PM,Friday,4 PM,I need to move my Dr. Asim appointment.,No problem. New date?,891,ری شیڈولنگ
892,Rescheduling,formal,Fatima,Dr. Asim,Cardiologist,1500,"MBBS, MD Cardiology, Fellow of American College of Cardiology",15 years,"Asim Heart Clinic, Main Bazaar Road, City Center",3001234567,dr.asim@heartclinic.com,8:00 AM to 7:00 PM,Tuesday,4 PM,I need to move my Dr. Asim appointment.,No problem. New date?,892,ری شیڈولنگ
893,Rescheduling,formal,Fatima,Dr. Asim,Cardiologist,1500,"MBBS, MD Cardiology, Fellow of American College of Cardiology",15 years,"Asim Heart Clinic, Main Bazaar Road, City Center",3001234567,dr.asim@heartclinic.com,8:00 AM to 7:00 PM,Saturday,2 PM,I need to move my Dr. Asim appointment.,No problem. New date?,893,ری شیڈولنگ
894,Rescheduling,formal,Karim,Dr. Asim,Cardiologist,1500,"MBBS, MD Cardiology, Fellow of American College of Cardiology",15 years,"Asim Heart Clinic, Main Bazaar Road, City Center",3001234567,dr.asim@heartclinic.com,8:00 AM to 7:00 PM,Tuesday,3 PM,I need to move my Dr. Asim appointment.,No problem. New date?,894,ری شیڈولنگ
895,Rescheduling,formal,Hassan,Dr. Asim,Cardiologist,1500,"MBBS, MD Cardiology, Fellow of American College of Cardiology",15 years,"Asim Heart Clinic, Main Bazaar Road, City Center",3001234567,dr.asim@heartclinic.com,8:00 AM to 7:00 PM,Thursday,5 PM,I need to move my Dr. Asim appointment.,No problem. New date?,895,ری شیڈولنگ
896,Rescheduling,formal,Noor,Dr. Asim,Cardiologist,1500,"MBBS, MD Cardiology, Fellow of American College of Cardiology",15 years,"Asim Heart Clinic, Main Bazaar Road, City Center",3001234567,dr.asim@heartclinic.com,8:00 AM to 7:00 PM,Saturday,9 AM,I need to move my Dr. Asim appointment.,No problem. New date?,896,ری شیڈولنگ
897,Rescheduling,formal,Layla,Dr. Asim,Cardiologist,1500,"MBBS, MD Cardiology, Fellow of American College of Cardiology",15 years,"Asim Heart Clinic, Main Bazaar Road, City Center",3001234567,dr.asim@heartclinic.com,8:00 AM to 7:00 PM,Wednesday,10 AM,I need to move my Dr. Asim appointment.,No problem. New date?,897,ری شیڈولنگ
898,Rescheduling,formal,Rashid,Dr. Asim,Cardiologist,1500,"MBBS, MD Cardiology, Fellow of American College of Cardiology",15 years,"Asim Heart Clinic, Main Bazaar Road, City Center",3001234567,dr.asim@heartclinic.com,8:00 AM to 7:00 PM,Saturday,9 AM,I need to move my Dr. Asim appointment.,No problem. New date?,898,ری شیڈولنگ
899,Rescheduling,formal,Nida,Dr. Asim,Cardiologist,1500,"MBBS, MD Cardiology, Fellow of American College of Cardiology",15 years,"Asim Heart Clinic, Main Bazaar Road, City Center",3001234567,dr.asim@heartclinic.com,8:00 AM to 7:00 PM,Friday,10 AM,I need to move my Dr. Asim appointment.,No problem. New date?,899,ری شیڈولنگ
900,Rescheduling,formal,Sara,Dr. Asim,Cardiologist,1500,"MBBS, MD Cardiology, Fellow of American College of Cardiology",15 years,"Asim Heart Clinic, Main Bazaar Road, City Center",3001234567,dr.asim@heartclinic.com,8:00 AM to 7:00 PM,Saturday,4 PM,I need to move my Dr. Asim appointment.,No problem. New date?,900,ری شیڈولنگ
901,Rescheduling,formal,Ayesha,Dr. Asim,Cardiologist,1500,"MBBS, MD Cardiology, Fellow of American College of Cardiology",15 years,"Asim Heart Clinic, Main Bazaar Road, City Center",3001234567,dr.asim@heartclinic.com,8:00 AM to 7:00 PM,Saturday,3 PM,Please change my Dr. Asim appointment date.,Sure. When do you prefer?,901,ری شیڈولنگ
902,Rescheduling,formal,Rashid,Dr. Asim,Cardiologist,1500,"MBBS, MD Cardiology, Fellow of American College of Cardiology",15 years,"Asim Heart Clinic, Main Bazaar Road, City Center",3001234567,dr.asim@heartclinic.com,8:00 AM to 7:00 PM,Wednesday,10 AM,Please change my Dr. Asim appointment date.,Sure. When do you prefer?,902,ری شیڈولنگ
903,Rescheduling,formal,Malik,Dr. Asim,Cardiologist,1500,"MBBS, MD Cardiology, Fellow of American College of Cardiology",15 years,"Asim Heart Clinic, Main Bazaar Road, City Center",3001234567,dr.asim@heartclinic.com,8:00 AM to 7:00 PM,Monday,9 AM,Please change my Dr. Asim appointment date.,Sure. When do you prefer?,903,ری شیڈولنگ
904,Rescheduling,formal,Samir,Dr. Asim,Cardiologist,1500,"MBBS, MD Cardiology, Fellow of American College of Cardiology",15 years,"Asim Heart Clinic, Main Bazaar Road, City Center",3001234567,dr.asim@heartclinic.com,8:00 AM to 7:00 PM,Tuesday,4 PM,Please change my Dr. Asim appointment date.,Sure. When do you prefer?,904,ری شیڈولنگ
905,Rescheduling,formal,Ayesha,Dr. Asim,Cardiologist,1500,"MBBS, MD Cardiology, Fellow of American College of Cardiology",15 years,"Asim Heart Clinic, Main Bazaar Road, City Center",3001234567,dr.asim@heartclinic.com,8:00 AM to 7:00 PM,Friday,4 PM,Please change my Dr. Asim appointment date.,Sure. When do you prefer?,905,ری شیڈولنگ
906,Rescheduling,formal,Hassan,Dr. Asim,Cardiologist,1500,"MBBS, MD Cardiology, Fellow of American College of Cardiology",15 years,"Asim Heart Clinic, Main Bazaar Road, City Center",3001234567,dr.asim@heartclinic.com,8:00 AM to 7:00 PM,Monday,9 AM,Please change my Dr. Asim appointment date.,Sure. When do you prefer?,906,ری شیڈولنگ
907,Rescheduling,formal,Noor,Dr. Asim,Cardiologist,1500,"MBBS, MD Cardiology, Fellow of American College of Cardiology",15 years,"Asim Heart Clinic, Main Bazaar Road, City Center",3001234567,dr.asim@heartclinic.com,8:00 AM to 7:00 PM,Saturday,4 PM,Please change my Dr. Asim appointment date.,Sure. When do you prefer?,907,ری شیڈولنگ
908,Rescheduling,formal,Fatima,Dr. Asim,Cardiologist,1500,"MBBS, MD Cardiology, Fellow of American College of Cardiology",15 years,"Asim Heart Clinic, Main Bazaar Road, City Center",3001234567,dr.asim@heartclinic.com,8:00 AM to 7:00 PM,Saturday,5 PM,Please change my Dr. Asim appointment date.,Sure. When do you prefer?,908,ری شیڈولنگ
909,Rescheduling,formal,Malik,Dr. Asim,Cardiologist,1500,"MBBS, MD Cardiology, Fellow of American College of Cardiology",15 years,"Asim Heart Clinic, Main Bazaar Road, City Center",3001234567,dr.asim@heartclinic.com,8:00 AM to 7:00 PM,Thursday,5 PM,Please change my Dr. Asim appointment date.,Sure. When do you prefer?,909,ری شیڈولنگ
910,Rescheduling,formal,Aisha,Dr. Asim,Cardiologist,1500,"MBBS, MD Cardiology, Fellow of American College of Cardiology",15 years,"Asim Heart Clinic, Main Bazaar Road, City Center",3001234567,dr.asim@heartclinic.com,8:00 AM to 7:00 PM,Thursday,11 AM,Please change my Dr. Asim appointment date.,Sure. When do you prefer?,910,ری شیڈولنگ
911,Rescheduling,formal,Rashid,Dr. Asim,Cardiologist,1500,"MBBS, MD Cardiology, Fellow of American College of Cardiology",15 years,"Asim Heart Clinic, Main Bazaar Road, City Center",3001234567,dr.asim@heartclinic.com,8:00 AM to 7:00 PM,Monday,3 PM,Please change my Dr. Asim appointment date.,Sure. When do you prefer?,911,ری شیڈولنگ
912,Rescheduling,formal,Karim,Dr. Asim,Cardiologist,1500,"MBBS, MD Cardiology, Fellow of American College of Cardiology",15 years,"Asim Heart Clinic, Main Bazaar Road, City Center",3001234567,dr.asim@heartclinic.com,8:00 AM to 7:00 PM,Thursday,10 AM,Please change my Dr. Asim appointment date.,Sure. When do you prefer?,912,ری شیڈولنگ
913,Rescheduling,formal,Tariq,Dr. Asim,Cardiologist,1500,"MBBS, MD Cardiology, Fellow of American College of Cardiology",15 years,"Asim Heart Clinic, Main Bazaar Road, City Center",3001234567,dr.asim@heartclinic.com,8:00 AM to 7:00 PM,Wednesday,8 AM,Please change my Dr. Asim appointment date.,Sure. When do you prefer?,913,ری شیڈولنگ
914,Rescheduling,formal,Aisha,Dr. Asim,Cardiologist,1500,"MBBS, MD Cardiology, Fellow of American College of Cardiology",15 years,"Asim Heart Clinic, Main Bazaar Road, City Center",3001234567,dr.asim@heartclinic.com,8:00 AM to 7:00 PM,Thursday,2 PM,Please change my Dr. Asim appointment date.,Sure. When do you prefer?,914,ری شیڈولنگ
915,Rescheduling,formal,Wasim,Dr. Asim,Cardiologist,1500,"MBBS, MD Cardiology, Fellow of American College of Cardiology",15 years,"Asim Heart Clinic, Main Bazaar Road, City Center",3001234567,dr.asim@heartclinic.com,8:00 AM to 7:00 PM,Monday,3 PM,Please change my Dr. Asim appointment date.,Sure. When do you prefer?,915,ری شیڈولنگ
916,Rescheduling,formal,Sara,Dr. Asim,Cardiologist,1500,"MBBS, MD Cardiology, Fellow of American College of Cardiology",15 years,"Asim Heart Clinic, Main Bazaar Road, City Center",3001234567,dr.asim@heartclinic.com,8:00 AM to 7:00 PM,Saturday,11 AM,Please change my Dr. Asim appointment date.,Sure. When do you prefer?,916,ری شیڈولنگ
917,Rescheduling,formal,Faisal,Dr. Asim,Cardiologist,1500,"MBBS, MD Cardiology, Fellow of American College of Cardiology",15 years,"Asim Heart Clinic, Main Bazaar Road, City Center",3001234567,dr.asim@heartclinic.com,8:00 AM to 7:00 PM,Saturday,5 PM,Please change my Dr. Asim appointment date.,Sure. When do you prefer?,917,ری شیڈولنگ
918,Rescheduling,formal,Ayesha,Dr. Asim,Cardiologist,1500,"MBBS, MD Cardiology, Fellow of American College of Cardiology",15 years,"Asim Heart Clinic, Main Bazaar Road, City Center",3001234567,dr.asim@heartclinic.com,8:00 AM to 7:00 PM,Friday,4 PM,Please change my Dr. Asim appointment date.,Sure. When do you prefer?,918,ری شیڈولنگ
919,Rescheduling,formal,Samir,Dr. Asim,Cardiologist,1500,"MBBS, MD Cardiology, Fellow of American College of Cardiology",15 years,"Asim Heart Clinic, Main Bazaar Road, City Center",3001234567,dr.asim@heartclinic.com,8:00 AM to 7:00 PM,Tuesday,9 AM,Please change my Dr. Asim appointment date.,Sure. When do you prefer?,919,ری شیڈولنگ
920,Rescheduling,formal,Aisha,Dr. Asim,Cardiologist,1500,"MBBS, MD Cardiology, Fellow of American College of Cardiology",15 years,"Asim Heart Clinic, Main Bazaar Road, City Center",3001234567,dr.asim@heartclinic.com,8:00 AM to 7:00 PM,Wednesday,11 AM,Please change my Dr. Asim appointment date.,Sure. When do you prefer?,920,ری شیڈولنگ
921,Rescheduling,formal,Hassan,Dr. Asim,Cardiologist,1500,"MBBS, MD Cardiology, Fellow of American College of Cardiology",15 years,"Asim Heart Clinic, Main Bazaar Road, City Center",3001234567,dr.asim@heartclinic.com,8:00 AM to 7:00 PM,Tuesday,8 AM,Please change my Dr. Asim appointment date.,Sure. When do you prefer?,921,ری شیڈولنگ
922,Rescheduling,formal,Salim,Dr. Asim,Cardiologist,1500,"MBBS, MD Cardiology, Fellow of American College of Cardiology",15 years,"Asim Heart Clinic, Main Bazaar Road, City Center",3001234567,dr.asim@heartclinic.com,8:00 AM to 7:00 PM,Monday,10 AM,Please change my Dr. Asim appointment date.,Sure. When do you prefer?,922,ری شیڈولنگ
923,Rescheduling,formal,Sana,Dr. Asim,Cardiologist,1500,"MBBS, MD Cardiology, Fellow of American College of Cardiology",15 years,"Asim Heart Clinic, Main Bazaar Road, City Center",3001234567,dr.asim@heartclinic.com,8:00 AM to 7:00 PM,Saturday,11 AM,Please change my Dr. Asim appointment date.,Sure. When do you prefer?,923,ری شیڈولنگ
924,Rescheduling,formal,Ahmed,Dr. Asim,Cardiologist,1500,"MBBS, MD Cardiology, Fellow of American College of Cardiology",15 years,"Asim Heart Clinic, Main Bazaar Road, City Center",3001234567,dr.asim@heartclinic.com,8:00 AM to 7:00 PM,Saturday,8 AM,Please change my Dr. Asim appointment date.,Sure. When do you prefer?,924,ری شیڈولنگ
925,Rescheduling,formal,Ahmed,Dr. Asim,Cardiologist,1500,"MBBS, MD Cardiology, Fellow of American College of Cardiology",15 years,"Asim Heart Clinic, Main Bazaar Road, City Center",3001234567,dr.asim@heartclinic.com,8:00 AM to 7:00 PM,Wednesday,4 PM,Please change my Dr. Asim appointment date.,Sure. When do you prefer?,925,ری شیڈولنگ
926,Rescheduling,formal,Ali,Dr. Asim,Cardiologist,1500,"MBBS, MD Cardiology, Fellow of American College of Cardiology",15 years,"Asim Heart Clinic, Main Bazaar Road, City Center",3001234567,dr.asim@heartclinic.com,8:00 AM to 7:00 PM,Wednesday,4 PM,Can I reschedule with Dr. Asim?,"Yes, when works better?",926,ری شیڈولنگ
927,Rescheduling,formal,Farida,Dr. Asim,Cardiologist,1500,"MBBS, MD Cardiology, Fellow of American College of Cardiology",15 years,"Asim Heart Clinic, Main Bazaar Road, City Center",3001234567,dr.asim@heartclinic.com,8:00 AM to 7:00 PM,Wednesday,9 AM,Can I reschedule with Dr. Asim?,"Yes, when works better?",927,ری شیڈولنگ
928,Rescheduling,formal,Farida,Dr. Asim,Cardiologist,1500,"MBBS, MD Cardiology, Fellow of American College of Cardiology",15 years,"Asim Heart Clinic, Main Bazaar Road, City Center",3001234567,dr.asim@heartclinic.com,8:00 AM to 7:00 PM,Wednesday,3 PM,Can I reschedule with Dr. Asim?,"Yes, when works better?",928,ری شیڈولنگ
929,Rescheduling,formal,Noor,Dr. Asim,Cardiologist,1500,"MBBS, MD Cardiology, Fellow of American College of Cardiology",15 years,"Asim Heart Clinic, Main Bazaar Road, City Center",3001234567,dr.asim@heartclinic.com,8:00 AM to 7:00 PM,Thursday,11 AM,Can I reschedule with Dr. Asim?,"Yes, when works better?",929,ری شیڈولنگ
930,Rescheduling,formal,Layla,Dr. Asim,Cardiologist,1500,"MBBS, MD Cardiology, Fellow of American College of Cardiology",15 years,"Asim Heart Clinic, Main Bazaar Road, City Center",3001234567,dr.asim@heartclinic.com,8:00 AM to 7:00 PM,Friday,3 PM,Can I reschedule with Dr. Asim?,"Yes, when works better?",930,ری شیڈولنگ
931,Rescheduling,formal,Sana,Dr. Asim,Cardiologist,1500,"MBBS, MD Cardiology, Fellow of American College of Cardiology",15 years,"Asim Heart Clinic, Main Bazaar Road, City Center",3001234567,dr.asim@heartclinic.com,8:00 AM to 7:00 PM,Tuesday,2 PM,Can I reschedule with Dr. Asim?,"Yes, when works better?",931,ری شیڈولنگ
932,Rescheduling,formal,Hira,Dr. Asim,Cardiologist,1500,"MBBS, MD Cardiology, Fellow of American College of Cardiology",15 years,"Asim Heart Clinic, Main Bazaar Road, City Center",3001234567,dr.asim@heartclinic.com,8:00 AM to 7:00 PM,Tuesday,8 AM,Can I reschedule with Dr. Asim?,"Yes, when works better?",932,ری شیڈولنگ
933,Rescheduling,formal,Sara,Dr. Asim,Cardiologist,1500,"MBBS, MD Cardiology, Fellow of American College of Cardiology",15 years,"Asim Heart Clinic, Main Bazaar Road, City Center",3001234567,dr.asim@heartclinic.com,8:00 AM to 7:00 PM,Wednesday,11 AM,Can I reschedule with Dr. Asim?,"Yes, when works better?",933,ری شیڈولنگ
934,Rescheduling,formal,Nida,Dr. Asim,Cardiologist,1500,"MBBS, MD Cardiology, Fellow of American College of Cardiology",15 years,"Asim Heart Clinic, Main Bazaar Road, City Center",3001234567,dr.asim@heartclinic.com,8:00 AM to 7:00 PM,Tuesday,3 PM,Can I reschedule with Dr. Asim?,"Yes, when works better?",934,ری شیڈولنگ
935,Rescheduling,formal,Ayesha,Dr. Asim,Cardiologist,1500,"MBBS, MD Cardiology, Fellow of American College of Cardiology",15 years,"Asim Heart Clinic, Main Bazaar Road, City Center",3001234567,dr.asim@heartclinic.com,8:00 AM to 7:00 PM,Friday,8 AM,Can I reschedule with Dr. Asim?,"Yes, when works better?",935,ری شیڈولنگ
936,Rescheduling,formal,Samir,Dr. Asim,Cardiologist,1500,"MBBS, MD Cardiology, Fellow of American College of Cardiology",15 years,"Asim Heart Clinic, Main Bazaar Road, City Center",3001234567,dr.asim@heartclinic.com,8:00 AM to 7:00 PM,Monday,5 PM,Can I reschedule with Dr. Asim?,"Yes, when works better?",936,ری شیڈولنگ
937,Rescheduling,formal,Zainab,Dr. Asim,Cardiologist,1500,"MBBS, MD Cardiology, Fellow of American College of Cardiology",15 years,"Asim Heart Clinic, Main Bazaar Road, City Center",3001234567,dr.asim@heartclinic.com,8:00 AM to 7:00 PM,Monday,4 PM,Can I reschedule with Dr. Asim?,"Yes, when works better?",937,ری شیڈولنگ
938,Rescheduling,formal,Ahmed,Dr. Asim,Cardiologist,1500,"MBBS, MD Cardiology, Fellow of American College of Cardiology",15 years,"Asim Heart Clinic, Main Bazaar Road, City Center",3001234567,dr.asim@heartclinic.com,8:00 AM to 7:00 PM,Saturday,10 AM,Can I reschedule with Dr. Asim?,"Yes, when works better?",938,ری شیڈولنگ
939,Rescheduling,formal,Bilal,Dr. Asim,Cardiologist,1500,"MBBS, MD Cardiology, Fellow of American College of Cardiology",15 years,"Asim Heart Clinic, Main Bazaar Road, City Center",3001234567,dr.asim@heartclinic.com,8:00 AM to 7:00 PM,Monday,2 PM,Can I reschedule with Dr. Asim?,"Yes, when works better?",939,ری شیڈولنگ
940,Rescheduling,formal,Wasim,Dr. Asim,Cardiologist,1500,"MBBS, MD Cardiology, Fellow of American College of Cardiology",15 years,"Asim Heart Clinic, Main Bazaar Road, City Center",3001234567,dr.asim@heartclinic.com,8:00 AM to 7:00 PM,Saturday,2 PM,Can I reschedule with Dr. Asim?,"Yes, when works better?",940,ری شیڈولنگ
941,Rescheduling,formal,Ali,Dr. Asim,Cardiologist,1500,"MBBS, MD Cardiology, Fellow of American College of Cardiology",15 years,"Asim Heart Clinic, Main Bazaar Road, City Center",3001234567,dr.asim@heartclinic.com,8:00 AM to 7:00 PM,Friday,2 PM,Can I reschedule with Dr. Asim?,"Yes, when works better?",941,ری شیڈولنگ
942,Rescheduling,formal,Noor,Dr. Asim,Cardiologist,1500,"MBBS, MD Cardiology, Fellow of American College of Cardiology",15 years,"Asim Heart Clinic, Main Bazaar Road, City Center",3001234567,dr.asim@heartclinic.com,8:00 AM to 7:00 PM,Friday,8 AM,Can I reschedule with Dr. Asim?,"Yes, when works better?",942,ری شیڈولنگ
943,Rescheduling,formal,Bilal,Dr. Asim,Cardiologist,1500,"MBBS, MD Cardiology, Fellow of American College of Cardiology",15 years,"Asim Heart Clinic, Main Bazaar Road, City Center",3001234567,dr.asim@heartclinic.com,8:00 AM to 7:00 PM,Thursday,10 AM,Can I reschedule with Dr. Asim?,"Yes, when works better?",943,ری شیڈولنگ
944,Rescheduling,formal,Ahmed,Dr. Asim,Cardiologist,1500,"MBBS, MD Cardiology, Fellow of American College of Cardiology",15 years,"Asim Heart Clinic, Main Bazaar Road, City Center",3001234567,dr.asim@heartclinic.com,8:00 AM to 7:00 PM,Thursday,4 PM,Can I reschedule with Dr. Asim?,"Yes, when works better?",944,ری شیڈولنگ
945,Rescheduling,formal,Sara,Dr. Asim,Cardiologist,1500,"MBBS, MD Cardiology, Fellow of American College of Cardiology",15 years,"Asim Heart Clinic, Main Bazaar Road, City Center",3001234567,dr.asim@heartclinic.com,8:00 AM to 7:00 PM,Tuesday,11 AM,Can I reschedule with Dr. Asim?,"Yes, when works better?",945,ری شیڈولنگ
946,Rescheduling,formal,Zainab,Dr. Asim,Cardiologist,1500,"MBBS, MD Cardiology, Fellow of American College of Cardiology",15 years,"Asim Heart Clinic, Main Bazaar Road, City Center",3001234567,dr.asim@heartclinic.com,8:00 AM to 7:00 PM,Tuesday,11 AM,Can I reschedule with Dr. Asim?,"Yes, when works better?",946,ری شیڈولنگ
947,Rescheduling,formal,Bilal,Dr. Asim,Cardiologist,1500,"MBBS, MD Cardiology, Fellow of American College of Cardiology",15 years,"Asim Heart Clinic, Main Bazaar Road, City Center",3001234567,dr.asim@heartclinic.com,8:00 AM to 7:00 PM,Friday,5 PM,Can I reschedule with Dr. Asim?,"Yes, when works better?",947,ری شیڈولنگ
948,Rescheduling,formal,Farida,Dr. Asim,Cardiologist,1500,"MBBS, MD Cardiology, Fellow of American College of Cardiology",15 years,"Asim Heart Clinic, Main Bazaar Road, City Center",3001234567,dr.asim@heartclinic.com,8:00 AM to 7:00 PM,Saturday,8 AM,Can I reschedule with Dr. Asim?,"Yes, when works better?",948,ری شیڈولنگ
949,Rescheduling,formal,Hira,Dr. Asim,Cardiologist,1500,"MBBS, MD Cardiology, Fellow of American College of Cardiology",15 years,"Asim Heart Clinic, Main Bazaar Road, City Center",3001234567,dr.asim@heartclinic.com,8:00 AM to 7:00 PM,Friday,3 PM,Can I reschedule with Dr. Asim?,"Yes, when works better?",949,ری شیڈولنگ
950,Rescheduling,formal,Layla,Dr. Asim,Cardiologist,1500,"MBBS, MD Cardiology, Fellow of American College of Cardiology",15 years,"Asim Heart Clinic, Main Bazaar Road, City Center",3001234567,dr.asim@heartclinic.com,8:00 AM to 7:00 PM,Wednesday,10 AM,Can I reschedule with Dr. Asim?,"Yes, when works better?",950,ری شیڈولنگ
951,Rescheduling,casual,Nida,Dr. Asim,Cardiologist,1500,"MBBS, MD Cardiology, Fellow of American College of Cardiology",15 years,"Asim Heart Clinic, Main Bazaar Road, City Center",3001234567,dr.asim@heartclinic.com,8:00 AM to 7:00 PM,Friday,2 PM,Dr. Asim ki appointment Monday se Friday kar de.,"Bilkul, {new_day} set.",951,ری شیڈولنگ
952,Rescheduling,casual,Layla,Dr. Asim,Cardiologist,1500,"MBBS, MD Cardiology, Fellow of American College of Cardiology",15 years,"Asim Heart Clinic, Main Bazaar Road, City Center",3001234567,dr.asim@heartclinic.com,8:00 AM to 7:00 PM,Tuesday,11 AM,Dr. Asim ki appointment Wednesday se Tuesday kar de.,"Bilkul, {new_day} set.",952,ری شیڈولنگ
953,Rescheduling,casual,Nida,Dr. Asim,Cardiologist,1500,"MBBS, MD Cardiology, Fellow of American College of Cardiology",15 years,"Asim Heart Clinic, Main Bazaar Road, City Center",3001234567,dr.asim@heartclinic.com,8:00 AM to 7:00 PM,Friday,10 AM,Dr. Asim ki appointment Saturday se Friday kar de.,"Bilkul, {new_day} set.",953,ری شیڈولنگ
954,Rescheduling,casual,Hassan,Dr. Asim,Cardiologist,1500,"MBBS, MD Cardiology, Fellow of American College of Cardiology",15 years,"Asim Heart Clinic, Main Bazaar Road, City Center",3001234567,dr.asim@heartclinic.com,8:00 AM to 7:00 PM,Wednesday,9 AM,Dr. Asim ki appointment Tuesday se Wednesday kar de.,"Bilkul, {new_day} set.",954,ری شیڈولنگ
955,Rescheduling,casual,Usman,Dr. Asim,Cardiologist,1500,"MBBS, MD Cardiology, Fellow of American College of Cardiology",15 years,"Asim Heart Clinic, Main Bazaar Road, City Center",3001234567,dr.asim@heartclinic.com,8:00 AM to 7:00 PM,Wednesday,5 PM,Dr. Asim ki appointment Thursday se Wednesday kar de.,"Bilkul, {new_day} set.",955,ری شیڈولنگ
956,Rescheduling,casual,Hamza,Dr. Asim,Cardiologist,1500,"MBBS, MD Cardiology, Fellow of American College of Cardiology",15 years,"Asim Heart Clinic, Main Bazaar Road, City Center",3001234567,dr.asim@heartclinic.com,8:00 AM to 7:00 PM,Wednesday,2 PM,Dr. Asim ki appointment Monday se Wednesday kar de.,"Bilkul, {new_day} set.",956,ری شیڈولنگ
957,Rescheduling,casual,Rukhsana,Dr. Asim,Cardiologist,1500,"MBBS, MD Cardiology, Fellow of American College of Cardiology",15 years,"Asim Heart Clinic, Main Bazaar Road, City Center",3001234567,dr.asim@heartclinic.com,8:00 AM to 7:00 PM,Friday,4 PM,Dr. Asim ki appointment Thursday se Friday kar de.,"Bilkul, {new_day} set.",957,ری شیڈولنگ
958,Rescheduling,casual,Malik,Dr. Asim,Cardiologist,1500,"MBBS, MD Cardiology, Fellow of American College of Cardiology",15 years,"Asim Heart Clinic, Main Bazaar Road, City Center",3001234567,dr.asim@heartclinic.com,8:00 AM to 7:00 PM,Thursday,3 PM,Dr. Asim ki appointment Friday se Thursday kar de.,"Bilkul, {new_day} set.",958,ری شیڈولنگ
959,Rescheduling,casual,Ahmed,Dr. Asim,Cardiologist,1500,"MBBS, MD Cardiology, Fellow of American College of Cardiology",15 years,"Asim Heart Clinic, Main Bazaar Road, City Center",3001234567,dr.asim@heartclinic.com,8:00 AM to 7:00 PM,Friday,9 AM,Dr. Asim ki appointment Wednesday se Friday kar de.,"Bilkul, {new_day} set.",959,ری شیڈولنگ
960,Rescheduling,casual,Aisha,Dr. Asim,Cardiologist,1500,"MBBS, MD Cardiology, Fellow of American College of Cardiology",15 years,"Asim Heart Clinic, Main Bazaar Road, City Center",3001234567,dr.asim@heartclinic.com,8:00 AM to 7:00 PM,Monday,5 PM,Dr. Asim ki appointment Wednesday se Monday kar de.,"Bilkul, {new_day} set.",960,ری شیڈولنگ
961,Rescheduling,casual,Sana,Dr. Asim,Cardiologist,1500,"MBBS, MD Cardiology, Fellow of American College of Cardiology",15 years,"Asim Heart Clinic, Main Bazaar Road, City Center",3001234567,dr.asim@heartclinic.com,8:00 AM to 7:00 PM,Saturday,4 PM,Dr. Asim ki appointment Friday se Saturday kar de.,"Bilkul, {new_day} set.",961,ری شیڈولنگ
962,Rescheduling,casual,Layla,Dr. Asim,Cardiologist,1500,"MBBS, MD Cardiology, Fellow of American College of Cardiology",15 years,"Asim Heart Clinic, Main Bazaar Road, City Center",3001234567,dr.asim@heartclinic.com,8:00 AM to 7:00 PM,Tuesday,11 AM,Dr. Asim ki appointment Thursday se Tuesday kar de.,"Bilkul, {new_day} set.",962,ری شیڈولنگ
963,Rescheduling,casual,Mina,Dr. Asim,Cardiologist,1500,"MBBS, MD Cardiology, Fellow of American College of Cardiology",15 years,"Asim Heart Clinic, Main Bazaar Road, City Center",3001234567,dr.asim@heartclinic.com,8:00 AM to 7:00 PM,Thursday,10 AM,Dr. Asim ki appointment Monday se Thursday kar de.,"Bilkul, {new_day} set.",963,ری شیڈولنگ
964,Rescheduling,casual,Noor,Dr. Asim,Cardiologist,1500,"MBBS, MD Cardiology, Fellow of American College of Cardiology",15 years,"Asim Heart Clinic, Main Bazaar Road, City Center",3001234567,dr.asim@heartclinic.com,8:00 AM to 7:00 PM,Saturday,5 PM,Dr. Asim ki appointment Friday se Saturday kar de.,"Bilkul, {new_day} set.",964,ری شیڈولنگ
965,Rescheduling,casual,Malik,Dr. Asim,Cardiologist,1500,"MBBS, MD Cardiology, Fellow of American College of Cardiology",15 years,"Asim Heart Clinic, Main Bazaar Road, City Center",3001234567,dr.asim@heartclinic.com,8:00 AM to 7:00 PM,Friday,4 PM,Dr. Asim ki appointment Tuesday se Friday kar de.,"Bilkul, {new_day} set.",965,ری شیڈولنگ
966,Rescheduling,casual,Zainab,Dr. Asim,Cardiologist,1500,"MBBS, MD Cardiology, Fellow of American College of Cardiology",15 years,"Asim Heart Clinic, Main Bazaar Road, City Center",3001234567,dr.asim@heartclinic.com,8:00 AM to 7:00 PM,Friday,8 AM,Dr. Asim ki appointment Thursday se Friday kar de.,"Bilkul, {new_day} set.",966,ری شیڈولنگ
967,Rescheduling,casual,Hira,Dr. Asim,Cardiologist,1500,"MBBS, MD Cardiology, Fellow of American College of Cardiology",15 years,"Asim Heart Clinic, Main Bazaar Road, City Center",3001234567,dr.asim@heartclinic.com,8:00 AM to 7:00 PM,Saturday,5 PM,Dr. Asim ki appointment Thursday se Saturday kar de.,"Bilkul, {new_day} set.",967,ری شیڈولنگ
968,Rescheduling,casual,Rashid,Dr. Asim,Cardiologist,1500,"MBBS, MD Cardiology, Fellow of American College of Cardiology",15 years,"Asim Heart Clinic, Main Bazaar Road, City Center",3001234567,dr.asim@heartclinic.com,8:00 AM to 7:00 PM,Wednesday,4 PM,Dr. Asim ki appointment Friday se Wednesday kar de.,"Bilkul, {new_day} set.",968,ری شیڈولنگ
969,Rescheduling,casual,Nasrin,Dr. Asim,Cardiologist,1500,"MBBS, MD Cardiology, Fellow of American College of Cardiology",15 years,"Asim Heart Clinic, Main Bazaar Road, City Center",3001234567,dr.asim@heartclinic.com,8:00 AM to 7:00 PM,Monday,4 PM,Dr. Asim ki appointment Wednesday se Monday kar de.,"Bilkul, {new_day} set.",969,ری شیڈولنگ
970,Rescheduling,casual,Amina,Dr. Asim,Cardiologist,1500,"MBBS, MD Cardiology, Fellow of American College of Cardiology",15 years,"Asim Heart Clinic, Main Bazaar Road, City Center",3001234567,dr.asim@heartclinic.com,8:00 AM to 7:00 PM,Friday,11 AM,Dr. Asim ki appointment Tuesday se Friday kar de.,"Bilkul, {new_day} set.",970,ری شیڈولنگ
971,Rescheduling,casual,Ahmed,Dr. Asim,Cardiologist,1500,"MBBS, MD Cardiology, Fellow of American College of Cardiology",15 years,"Asim Heart Clinic, Main Bazaar Road, City Center",3001234567,dr.asim@heartclinic.com,8:00 AM to 7:00 PM,Wednesday,10 AM,Dr. Asim ki appointment Friday se Wednesday kar de.,"Bilkul, {new_day} set.",971,ری شیڈولنگ
972,Rescheduling,casual,Wasim,Dr. Asim,Cardiologist,1500,"MBBS, MD Cardiology, Fellow of American College of Cardiology",15 years,"Asim Heart Clinic, Main Bazaar Road, City Center",3001234567,dr.asim@heartclinic.com,8:00 AM to 7:00 PM,Monday,5 PM,Dr. Asim ki appointment Wednesday se Monday kar de.,"Bilkul, {new_day} set.",972,ری شیڈولنگ
973,Rescheduling,casual,Samir,Dr. Asim,Cardiologist,1500,"MBBS, MD Cardiology, Fellow of American College of Cardiology",15 years,"Asim Heart Clinic, Main Bazaar Road, City Center",3001234567,dr.asim@heartclinic.com,8:00 AM to 7:00 PM,Saturday,9 AM,Dr. Asim ki appointment Monday se Saturday kar de.,"Bilkul, {new_day} set.",973,ری شیڈولنگ
974,Rescheduling,casual,Layla,Dr. Asim,Cardiologist,1500,"MBBS, MD Cardiology, Fellow of American College of Cardiology",15 years,"Asim Heart Clinic, Main Bazaar Road, City Center",3001234567,dr.asim@heartclinic.com,8:00 AM to 7:00 PM,Friday,2 PM,Dr. Asim ki appointment Saturday se Friday kar de.,"Bilkul, {new_day} set.",974,ری شیڈولنگ
975,Rescheduling,casual,Ahmed,Dr. Asim,Cardiologist,1500,"MBBS, MD Cardiology, Fellow of American College of Cardiology",15 years,"Asim Heart Clinic, Main Bazaar Road, City Center",3001234567,dr.asim@heartclinic.com,8:00 AM to 7:00 PM,Tuesday,10 AM,Dr. Asim ki appointment Thursday se Tuesday kar de.,"Bilkul, {new_day} set.",975,ری شیڈولنگ
976,Rescheduling,casual,Rashid,Dr. Asim,Cardiologist,1500,"MBBS, MD Cardiology, Fellow of American College of Cardiology",15 years,"Asim Heart Clinic, Main Bazaar Road, City Center",3001234567,dr.asim@heartclinic.com,8:00 AM to 7:00 PM,Monday,10 AM,Appointment aage kar de Dr. Asim ki.,"Bilkul, kaunsa din?",976,ری شیڈولنگ
977,Rescheduling,casual,Hira,Dr. Asim,Cardiologist,1500,"MBBS, MD Cardiology, Fellow of American College of Cardiology",15 years,"Asim Heart Clinic, Main Bazaar Road, City Center",3001234567,dr.asim@heartclinic.com,8:00 AM to 7:00 PM,Wednesday,5 PM,Appointment aage kar de Dr. Asim ki.,"Bilkul, kaunsa din?",977,ری شیڈولنگ
978,Rescheduling,casual,Mina,Dr. Asim,Cardiologist,1500,"MBBS, MD Cardiology, Fellow of American College of Cardiology",15 years,"Asim Heart Clinic, Main Bazaar Road, City Center",3001234567,dr.asim@heartclinic.com,8:00 AM to 7:00 PM,Tuesday,9 AM,Appointment aage kar de Dr. Asim ki.,"Bilkul, kaunsa din?",978,ری شیڈولنگ
979,Rescheduling,casual,Noor,Dr. Asim,Cardiologist,1500,"MBBS, MD Cardiology, Fellow of American College of Cardiology",15 years,"Asim Heart Clinic, Main Bazaar Road, City Center",3001234567,dr.asim@heartclinic.com,8:00 AM to 7:00 PM,Monday,5 PM,Appointment aage kar de Dr. Asim ki.,"Bilkul, kaunsa din?",979,ری شیڈولنگ
980,Rescheduling,casual,Sara,Dr. Asim,Cardiologist,1500,"MBBS, MD Cardiology, Fellow of American College of Cardiology",15 years,"Asim Heart Clinic, Main Bazaar Road, City Center",3001234567,dr.asim@heartclinic.com,8:00 AM to 7:00 PM,Wednesday,9 AM,Appointment aage kar de Dr. Asim ki.,"Bilkul, kaunsa din?",980,ری شیڈولنگ
981,Rescheduling,casual,Nasrin,Dr. Asim,Cardiologist,1500,"MBBS, MD Cardiology, Fellow of American College of Cardiology",15 years,"Asim Heart Clinic, Main Bazaar Road, City Center",3001234567,dr.asim@heartclinic.com,8:00 AM to 7:00 PM,Friday,10 AM,Appointment aage kar de Dr. Asim ki.,"Bilkul, kaunsa din?",981,ری شیڈولنگ
982,Rescheduling,casual,Fatima,Dr. Asim,Cardiologist,1500,"MBBS, MD Cardiology, Fellow of American College of Cardiology",15 years,"Asim Heart Clinic, Main Bazaar Road, City Center",3001234567,dr.asim@heartclinic.com,8:00 AM to 7:00 PM,Monday,2 PM,Appointment aage kar de Dr. Asim ki.,"Bilkul, kaunsa din?",982,ری شیڈولنگ
983,Rescheduling,casual,Usman,Dr. Asim,Cardiologist,1500,"MBBS, MD Cardiology, Fellow of American College of Cardiology",15 years,"Asim Heart Clinic, Main Bazaar Road, City Center",3001234567,dr.asim@heartclinic.com,8:00 AM to 7:00 PM,Monday,8 AM,Appointment aage kar de Dr. Asim ki.,"Bilkul, kaunsa din?",983,ری شیڈولنگ
984,Rescheduling,casual,Ali,Dr. Asim,Cardiologist,1500,"MBBS, MD Cardiology, Fellow of American College of Cardiology",15 years,"Asim Heart Clinic, Main Bazaar Road, City Center",3001234567,dr.asim@heartclinic.com,8:00 AM to 7:00 PM,Monday,2 PM,Appointment aage kar de Dr. Asim ki.,"Bilkul, kaunsa din?",984,ری شیڈولنگ
985,Rescheduling,casual,Ali,Dr. Asim,Cardiologist,1500,"MBBS, MD Cardiology, Fellow of American College of Cardiology",15 years,"Asim Heart Clinic, Main Bazaar Road, City Center",3001234567,dr.asim@heartclinic.com,8:00 AM to 7:00 PM,Saturday,8 AM,Appointment aage kar de Dr. Asim ki.,"Bilkul, kaunsa din?",985,ری شیڈولنگ
986,Rescheduling,casual,Ali,Dr. Asim,Cardiologist,1500,"MBBS, MD Cardiology, Fellow of American College of Cardiology",15 years,"Asim Heart Clinic, Main Bazaar Road, City Center",3001234567,dr.asim@heartclinic.com,8:00 AM to 7:00 PM,Wednesday,3 PM,Appointment aage kar de Dr. Asim ki.,"Bilkul, kaunsa din?",986,ری شیڈولنگ
987,Rescheduling,casual,Ayesha,Dr. Asim,Cardiologist,1500,"MBBS, MD Cardiology, Fellow of American College of Cardiology",15 years,"Asim Heart Clinic, Main Bazaar Road, City Center",3001234567,dr.asim@heartclinic.com,8:00 AM to 7:00 PM,Saturday,2 PM,Appointment aage kar de Dr. Asim ki.,"Bilkul, kaunsa din?",987,ری شیڈولنگ
988,Rescheduling,casual,Sara,Dr. Asim,Cardiologist,1500,"MBBS, MD Cardiology, Fellow of American College of Cardiology",15 years,"Asim Heart Clinic, Main Bazaar Road, City Center",3001234567,dr.asim@heartclinic.com,8:00 AM to 7:00 PM,Tuesday,5 PM,Appointment aage kar de Dr. Asim ki.,"Bilkul, kaunsa din?",988,ری شیڈولنگ
989,Rescheduling,casual,Ahmed,Dr. Asim,Cardiologist,1500,"MBBS, MD Cardiology, Fellow of American College of Cardiology",15 years,"Asim Heart Clinic, Main Bazaar Road, City Center",3001234567,dr.asim@heartclinic.com,8:00 AM to 7:00 PM,Friday,8 AM,Appointment aage kar de Dr. Asim ki.,"Bilkul, kaunsa din?",989,ری شیڈولنگ
990,Rescheduling,casual,Hassan,Dr. Asim,Cardiologist,1500,"MBBS, MD Cardiology, Fellow of American College of Cardiology",15 years,"Asim Heart Clinic, Main Bazaar Road, City Center",3001234567,dr.asim@heartclinic.com,8:00 AM to 7:00 PM,Wednesday,9 AM,Appointment aage kar de Dr. Asim ki.,"Bilkul, kaunsa din?",990,ری شیڈولنگ
991,Rescheduling,casual,Ali,Dr. Asim,Cardiologist,1500,"MBBS, MD Cardiology, Fellow of American College of Cardiology",15 years,"Asim Heart Clinic, Main Bazaar Road, City Center",3001234567,dr.asim@heartclinic.com,8:00 AM to 7:00 PM,Wednesday,8 AM,Appointment aage kar de Dr. Asim ki.,"Bilkul, kaunsa din?",991,ری شیڈولنگ
992,Rescheduling,casual,Hassan,Dr. Asim,Cardiologist,1500,"MBBS, MD Cardiology, Fellow of American College of Cardiology",15 years,"Asim Heart Clinic, Main Bazaar Road, City Center",3001234567,dr.asim@heartclinic.com,8:00 AM to 7:00 PM,Wednesday,2 PM,Appointment aage kar de Dr. Asim ki.,"Bilkul, kaunsa din?",992,ری شیڈولنگ
993,Rescheduling,casual,Noor,Dr. Asim,Cardiologist,1500,"MBBS, MD Cardiology, Fellow of American College of Cardiology",15 years,"Asim Heart Clinic, Main Bazaar Road, City Center",3001234567,dr.asim@heartclinic.com,8:00 AM to 7:00 PM,Friday,9 AM,Appointment aage kar de Dr. Asim ki.,"Bilkul, kaunsa din?",993,ری شیڈولنگ
994,Rescheduling,casual,Ayesha,Dr. Asim,Cardiologist,1500,"MBBS, MD Cardiology, Fellow of American College of Cardiology",15 years,"Asim Heart Clinic, Main Bazaar Road, City Center",3001234567,dr.asim@heartclinic.com,8:00 AM to 7:00 PM,Thursday,3 PM,Appointment aage kar de Dr. Asim ki.,"Bilkul, kaunsa din?",994,ری شیڈولنگ
995,Rescheduling,casual,Tariq,Dr. Asim,Cardiologist,1500,"MBBS, MD Cardiology, Fellow of American College of Cardiology",15 years,"Asim Heart Clinic, Main Bazaar Road, City Center",3001234567,dr.asim@heartclinic.com,8:00 AM to 7:00 PM,Monday,10 AM,Appointment aage kar de Dr. Asim ki.,"Bilkul, kaunsa din?",995,ری شیڈولنگ
996,Rescheduling,casual,Nasrin,Dr. Asim,Cardiologist,1500,"MBBS, MD Cardiology, Fellow of American College of Cardiology",15 years,"Asim Heart Clinic, Main Bazaar Road, City Center",3001234567,dr.asim@heartclinic.com,8:00 AM to 7:00 PM,Saturday,4 PM,Appointment aage kar de Dr. Asim ki.,"Bilkul, kaunsa din?",996,ری شیڈولنگ
997,Rescheduling,casual,Mina,Dr. Asim,Cardiologist,1500,"MBBS, MD Cardiology, Fellow of American College of Cardiology",15 years,"Asim Heart Clinic, Main Bazaar Road, City Center",3001234567,dr.asim@heartclinic.com,8:00 AM to 7:00 PM,Wednesday,5 PM,Appointment aage kar de Dr. Asim ki.,"Bilkul, kaunsa din?",997,ری شیڈولنگ
998,Rescheduling,casual,Karim,Dr. Asim,Cardiologist,1500,"MBBS, MD Cardiology, Fellow of American College of Cardiology",15 years,"Asim Heart Clinic, Main Bazaar Road, City Center",3001234567,dr.asim@heartclinic.com,8:00 AM to 7:00 PM,Wednesday,5 PM,Appointment aage kar de Dr. Asim ki.,"Bilkul, kaunsa din?",998,ری شیڈولنگ
999,Rescheduling,casual,Ahmed,Dr. Asim,Cardiologist,1500,"MBBS, MD Cardiology, Fellow of American College of Cardiology",15 years,"Asim Heart Clinic, Main Bazaar Road, City Center",3001234567,dr.asim@heartclinic.com,8:00 AM to 7:00 PM,Saturday,4 PM,Appointment aage kar de Dr. Asim ki.,"Bilkul, kaunsa din?",999,ری شیڈولنگ
1000,Rescheduling,casual,Nida,Dr. Asim,Cardiologist,1500,"MBBS, MD Cardiology, Fellow of American College of Cardiology",15 years,"Asim Heart Clinic, Main Bazaar Road, City Center",3001234567,dr.asim@heartclinic.com,8:00 AM to 7:00 PM,Friday,8 AM,Appointment aage kar de Dr. Asim ki.,"Bilkul, kaunsa din?",1000,ری شیڈولنگ
1001,Rescheduling,casual,Amina,Dr. Asim,Cardiologist,1500,"MBBS, MD Cardiology, Fellow of American College of Cardiology",15 years,"Asim Heart Clinic, Main Bazaar Road, City Center",3001234567,dr.asim@heartclinic.com,8:00 AM to 7:00 PM,Friday,9 AM,Thursday se Friday shift kar de.,"Theek hai, {new_day} ho gaya.",1001,ری شیڈولنگ
1002,Rescheduling,casual,Faisal,Dr. Asim,Cardiologist,1500,"MBBS, MD Cardiology, Fellow of American College of Cardiology",15 years,"Asim Heart Clinic, Main Bazaar Road, City Center",3001234567,dr.asim@heartclinic.com,8:00 AM to 7:00 PM,Tuesday,3 PM,Monday se Tuesday shift kar de.,"Theek hai, {new_day} ho gaya.",1002,ری شیڈولنگ
1003,Rescheduling,casual,Amina,Dr. Asim,Cardiologist,1500,"MBBS, MD Cardiology, Fellow of American College of Cardiology",15 years,"Asim Heart Clinic, Main Bazaar Road, City Center",3001234567,dr.asim@heartclinic.com,8:00 AM to 7:00 PM,Saturday,2 PM,Thursday se Saturday shift kar de.,"Theek hai, {new_day} ho gaya.",1003,ری شیڈولنگ
1004,Rescheduling,casual,Amina,Dr. Asim,Cardiologist,1500,"MBBS, MD Cardiology, Fellow of American College of Cardiology",15 years,"Asim Heart Clinic, Main Bazaar Road, City Center",3001234567,dr.asim@heartclinic.com,8:00 AM to 7:00 PM,Wednesday,5 PM,Monday se Wednesday shift kar de.,"Theek hai, {new_day} ho gaya.",1004,ری شیڈولنگ
1005,Rescheduling,casual,Tariq,Dr. Asim,Cardiologist,1500,"MBBS, MD Cardiology, Fellow of American College of Cardiology",15 years,"Asim Heart Clinic, Main Bazaar Road, City Center",3001234567,dr.asim@heartclinic.com,8:00 AM to 7:00 PM,Friday,2 PM,Thursday se Friday shift kar de.,"Theek hai, {new_day} ho gaya.",1005,ری شیڈولنگ
1006,Rescheduling,casual,Noor,Dr. Asim,Cardiologist,1500,"MBBS, MD Cardiology, Fellow of American College of Cardiology",15 years,"Asim Heart Clinic, Main Bazaar Road, City Center",3001234567,dr.asim@heartclinic.com,8:00 AM to 7:00 PM,Saturday,11 AM,Monday se Saturday shift kar de.,"Theek hai, {new_day} ho gaya.",1006,ری شیڈولنگ
1007,Rescheduling,casual,Layla,Dr. Asim,Cardiologist,1500,"MBBS, MD Cardiology, Fellow of American College of Cardiology",15 years,"Asim Heart Clinic, Main Bazaar Road, City Center",3001234567,dr.asim@heartclinic.com,8:00 AM to 7:00 PM,Tuesday,11 AM,Friday se Tuesday shift kar de.,"Theek hai, {new_day} ho gaya.",1007,ری شیڈولنگ
1008,Rescheduling,casual,Rukhsana,Dr. Asim,Cardiologist,1500,"MBBS, MD Cardiology, Fellow of American College of Cardiology",15 years,"Asim Heart Clinic, Main Bazaar Road, City Center",3001234567,dr.asim@heartclinic.com,8:00 AM to 7:00 PM,Saturday,2 PM,Thursday se Saturday shift kar de.,"Theek hai, {new_day} ho gaya.",1008,ری شیڈولنگ
1009,Rescheduling,casual,Wasim,Dr. Asim,Cardiologist,1500,"MBBS, MD Cardiology, Fellow of American College of Cardiology",15 years,"Asim Heart Clinic, Main Bazaar Road, City Center",3001234567,dr.asim@heartclinic.com,8:00 AM to 7:00 PM,Friday,3 PM,Thursday se Friday shift kar de.,"Theek hai, {new_day} ho gaya.",1009,ری شیڈولنگ
1010,Rescheduling,casual,Nida,Dr. Asim,Cardiologist,1500,"MBBS, MD Cardiology, Fellow of American College of Cardiology",15 years,"Asim Heart Clinic, Main Bazaar Road, City Center",3001234567,dr.asim@heartclinic.com,8:00 AM to 7:00 PM,Wednesday,9 AM,Tuesday se Wednesday shift kar de.,"Theek hai, {new_day} ho gaya.",1010,ری شیڈولنگ
1011,Rescheduling,casual,Salim,Dr. Asim,Cardiologist,1500,"MBBS, MD Cardiology, Fellow of American College of Cardiology",15 years,"Asim Heart Clinic, Main Bazaar Road, City Center",3001234567,dr.asim@heartclinic.com,8:00 AM to 7:00 PM,Saturday,5 PM,Monday se Saturday shift kar de.,"Theek hai, {new_day} ho gaya.",1011,ری شیڈولنگ
1012,Rescheduling,casual,Hassan,Dr. Asim,Cardiologist,1500,"MBBS, MD Cardiology, Fellow of American College of Cardiology",15 years,"Asim Heart Clinic, Main Bazaar Road, City Center",3001234567,dr.asim@heartclinic.com,8:00 AM to 7:00 PM,Saturday,2 PM,Friday se Saturday shift kar de.,"Theek hai, {new_day} ho gaya.",1012,ری شیڈولنگ
1013,Rescheduling,casual,Hassan,Dr. Asim,Cardiologist,1500,"MBBS, MD Cardiology, Fellow of American College of Cardiology",15 years,"Asim Heart Clinic, Main Bazaar Road, City Center",3001234567,dr.asim@heartclinic.com,8:00 AM to 7:00 PM,Wednesday,11 AM,Friday se Wednesday shift kar de.,"Theek hai, {new_day} ho gaya.",1013,ری شیڈولنگ
1014,Rescheduling,casual,Nasrin,Dr. Asim,Cardiologist,1500,"MBBS, MD Cardiology, Fellow of American College of Cardiology",15 years,"Asim Heart Clinic, Main Bazaar Road, City Center",3001234567,dr.asim@heartclinic.com,8:00 AM to 7:00 PM,Thursday,2 PM,Monday se Thursday shift kar de.,"Theek hai, {new_day} ho gaya.",1014,ری شیڈولنگ
1015,Rescheduling,casual,Hira,Dr. Asim,Cardiologist,1500,"MBBS, MD Cardiology, Fellow of American College of Cardiology",15 years,"Asim Heart Clinic, Main Bazaar Road, City Center",3001234567,dr.asim@heartclinic.com,8:00 AM to 7:00 PM,Tuesday,10 AM,Wednesday se Tuesday shift kar de.,"Theek hai, {new_day} ho gaya.",1015,ری شیڈولنگ
1016,Rescheduling,casual,Mina,Dr. Asim,Cardiologist,1500,"MBBS, MD Cardiology, Fellow of American College of Cardiology",15 years,"Asim Heart Clinic, Main Bazaar Road, City Center",3001234567,dr.asim@heartclinic.com,8:00 AM to 7:00 PM,Wednesday,9 AM,Monday se Wednesday shift kar de.,"Theek hai, {new_day} ho gaya.",1016,ری شیڈولنگ
1017,Rescheduling,casual,Salim,Dr. Asim,Cardiologist,1500,"MBBS, MD Cardiology, Fellow of American College of Cardiology",15 years,"Asim Heart Clinic, Main Bazaar Road, City Center",3001234567,dr.asim@heartclinic.com,8:00 AM to 7:00 PM,Wednesday,10 AM,Saturday se Wednesday shift kar de.,"Theek hai, {new_day} ho gaya.",1017,ری شیڈولنگ
1018,Rescheduling,casual,Ayesha,Dr. Asim,Cardiologist,1500,"MBBS, MD Cardiology, Fellow of American College of Cardiology",15 years,"Asim Heart Clinic, Main Bazaar Road, City Center",3001234567,dr.asim@heartclinic.com,8:00 AM to 7:00 PM,Saturday,3 PM,Tuesday se Saturday shift kar de.,"Theek hai, {new_day} ho gaya.",1018,ری شیڈولنگ
1019,Rescheduling,casual,Wasim,Dr. Asim,Cardiologist,1500,"MBBS, MD Cardiology, Fellow of American College of Cardiology",15 years,"Asim Heart Clinic, Main Bazaar Road, City Center",3001234567,dr.asim@heartclinic.com,8:00 AM to 7:00 PM,Thursday,2 PM,Monday se Thursday shift kar de.,"Theek hai, {new_day} ho gaya.",1019,ری شیڈولنگ
1020,Rescheduling,casual,Ayesha,Dr. Asim,Cardiologist,1500,"MBBS, MD Cardiology, Fellow of American College of Cardiology",15 years,"Asim Heart Clinic, Main Bazaar Road, City Center",3001234567,dr.asim@heartclinic.com,8:00 AM to 7:00 PM,Thursday,2 PM,Tuesday se Thursday shift kar de.,"Theek hai, {new_day} ho gaya.",1020,ری شیڈولنگ
1021,Rescheduling,casual,Noor,Dr. Asim,Cardiologist,1500,"MBBS, MD Cardiology, Fellow of American College of Cardiology",15 years,"Asim Heart Clinic, Main Bazaar Road, City Center",3001234567,dr.asim@heartclinic.com,8:00 AM to 7:00 PM,Friday,11 AM,Monday se Friday shift kar de.,"Theek hai, {new_day} ho gaya.",1021,ری شیڈولنگ
1022,Rescheduling,casual,Hira,Dr. Asim,Cardiologist,1500,"MBBS, MD Cardiology, Fellow of American College of Cardiology",15 years,"Asim Heart Clinic, Main Bazaar Road, City Center",3001234567,dr.asim@heartclinic.com,8:00 AM to 7:00 PM,Friday,3 PM,Wednesday se Friday shift kar de.,"Theek hai, {new_day} ho gaya.",1022,ری شیڈولنگ
1023,Rescheduling,casual,Nida,Dr. Asim,Cardiologist,1500,"MBBS, MD Cardiology, Fellow of American College of Cardiology",15 years,"Asim Heart Clinic, Main Bazaar Road, City Center",3001234567,dr.asim@heartclinic.com,8:00 AM to 7:00 PM,Saturday,10 AM,Thursday se Saturday shift kar de.,"Theek hai, {new_day} ho gaya.",1023,ری شیڈولنگ
1024,Rescheduling,casual,Salim,Dr. Asim,Cardiologist,1500,"MBBS, MD Cardiology, Fellow of American College of Cardiology",15 years,"Asim Heart Clinic, Main Bazaar Road, City Center",3001234567,dr.asim@heartclinic.com,8:00 AM to 7:00 PM,Wednesday,5 PM,Tuesday se Wednesday shift kar de.,"Theek hai, {new_day} ho gaya.",1024,ری شیڈولنگ
1025,Rescheduling,casual,Tariq,Dr. Asim,Cardiologist,1500,"MBBS, MD Cardiology, Fellow of American College of Cardiology",15 years,"Asim Heart Clinic, Main Bazaar Road, City Center",3001234567,dr.asim@heartclinic.com,8:00 AM to 7:00 PM,Saturday,5 PM,Wednesday se Saturday shift kar de.,"Theek hai, {new_day} ho gaya.",1025,ری شیڈولنگ
1026,Rescheduling,urgent,Fatima,Dr. Asim,Cardiologist,1500,"MBBS, MD Cardiology, Fellow of American College of Cardiology",15 years,"Asim Heart Clinic, Main Bazaar Road, City Center",3001234567,dr.asim@heartclinic.com,8:00 AM to 7:00 PM,Saturday,5 PM,URGENT! Reschedule Dr. Asim appointment NOW!,When do you need it?,1026,ری شیڈولنگ
1027,Rescheduling,urgent,Farida,Dr. Asim,Cardiologist,1500,"MBBS, MD Cardiology, Fellow of American College of Cardiology",15 years,"Asim Heart Clinic, Main Bazaar Road, City Center",3001234567,dr.asim@heartclinic.com,8:00 AM to 7:00 PM,Tuesday,4 PM,URGENT! Reschedule Dr. Asim appointment NOW!,When do you need it?,1027,ری شیڈولنگ
1028,Rescheduling,urgent,Ahmed,Dr. Asim,Cardiologist,1500,"MBBS, MD Cardiology, Fellow of American College of Cardiology",15 years,"Asim Heart Clinic, Main Bazaar Road, City Center",3001234567,dr.asim@heartclinic.com,8:00 AM to 7:00 PM,Tuesday,2 PM,URGENT! Reschedule Dr. Asim appointment NOW!,When do you need it?,1028,ری شیڈولنگ
1029,Rescheduling,urgent,Mina,Dr. Asim,Cardiologist,1500,"MBBS, MD Cardiology, Fellow of American College of Cardiology",15 years,"Asim Heart Clinic, Main Bazaar Road, City Center",3001234567,dr.asim@heartclinic.com,8:00 AM to 7:00 PM,Thursday,5 PM,URGENT! Reschedule Dr. Asim appointment NOW!,When do you need it?,1029,ری شیڈولنگ
1030,Rescheduling,urgent,Hamza,Dr. Asim,Cardiologist,1500,"MBBS, MD Cardiology, Fellow of American College of Cardiology",15 years,"Asim Heart Clinic, Main Bazaar Road, City Center",3001234567,dr.asim@heartclinic.com,8:00 AM to 7:00 PM,Tuesday,10 AM,URGENT! Reschedule Dr. Asim appointment NOW!,When do you need it?,1030,ری شیڈولنگ
1031,Rescheduling,urgent,Rashid,Dr. Asim,Cardiologist,1500,"MBBS, MD Cardiology, Fellow of American College of Cardiology",15 years,"Asim Heart Clinic, Main Bazaar Road, City Center",3001234567,dr.asim@heartclinic.com,8:00 AM to 7:00 PM,Monday,8 AM,URGENT! Reschedule Dr. Asim appointment NOW!,When do you need it?,1031,ری شیڈولنگ
1032,Rescheduling,urgent,Mina,Dr. Asim,Cardiologist,1500,"MBBS, MD Cardiology, Fellow of American College of Cardiology",15 years,"Asim Heart Clinic, Main Bazaar Road, City Center",3001234567,dr.asim@heartclinic.com,8:00 AM to 7:00 PM,Thursday,11 AM,URGENT! Reschedule Dr. Asim appointment NOW!,When do you need it?,1032,ری شیڈولنگ
1033,Rescheduling,urgent,Rukhsana,Dr. Asim,Cardiologist,1500,"MBBS, MD Cardiology, Fellow of American College of Cardiology",15 years,"Asim Heart Clinic, Main Bazaar Road, City Center",3001234567,dr.asim@heartclinic.com,8:00 AM to 7:00 PM,Tuesday,11 AM,URGENT! Reschedule Dr. Asim appointment NOW!,When do you need it?,1033,ری شیڈولنگ
1034,Rescheduling,urgent,Faisal,Dr. Asim,Cardiologist,1500,"MBBS, MD Cardiology, Fellow of American College of Cardiology",15 years,"Asim Heart Clinic, Main Bazaar Road, City Center",3001234567,dr.asim@heartclinic.com,8:00 AM to 7:00 PM,Saturday,4 PM,URGENT! Reschedule Dr. Asim appointment NOW!,When do you need it?,1034,ری شیڈولنگ
1035,Rescheduling,urgent,Noor,Dr. Asim,Cardiologist,1500,"MBBS, MD Cardiology, Fellow of American College of Cardiology",15 years,"Asim Heart Clinic, Main Bazaar Road, City Center",3001234567,dr.asim@heartclinic.com,8:00 AM to 7:00 PM,Tuesday,10 AM,URGENT! Reschedule Dr. Asim appointment NOW!,When do you need it?,1035,ری شیڈولنگ
1036,Rescheduling,urgent,Mina,Dr. Asim,Cardiologist,1500,"MBBS, MD Cardiology, Fellow of American College of Cardiology",15 years,"Asim Heart Clinic, Main Bazaar Road, City Center",3001234567,dr.asim@heartclinic.com,8:00 AM to 7:00 PM,Tuesday,5 PM,URGENT! Reschedule Dr. Asim appointment NOW!,When do you need it?,1036,ری شیڈولنگ
1037,Rescheduling,urgent,Aisha,Dr. Asim,Cardiologist,1500,"MBBS, MD Cardiology, Fellow of American College of Cardiology",15 years,"Asim Heart Clinic, Main Bazaar Road, City Center",3001234567,dr.asim@heartclinic.com,8:00 AM to 7:00 PM,Monday,3 PM,URGENT! Reschedule Dr. Asim appointment NOW!,When do you need it?,1037,ری شیڈولنگ
1038,Rescheduling,urgent,Usman,Dr. Asim,Cardiologist,1500,"MBBS, MD Cardiology, Fellow of American College of Cardiology",15 years,"Asim Heart Clinic, Main Bazaar Road, City Center",3001234567,dr.asim@heartclinic.com,8:00 AM to 7:00 PM,Friday,11 AM,URGENT! Reschedule Dr. Asim appointment NOW!,When do you need it?,1038,ری شیڈولنگ
1039,Rescheduling,urgent,Tariq,Dr. Asim,Cardiologist,1500,"MBBS, MD Cardiology, Fellow of American College of Cardiology",15 years,"Asim Heart Clinic, Main Bazaar Road, City Center",3001234567,dr.asim@heartclinic.com,8:00 AM to 7:00 PM,Friday,4 PM,URGENT! Reschedule Dr. Asim appointment NOW!,When do you need it?,1039,ری شیڈولنگ
1040,Rescheduling,urgent,Wasim,Dr. Asim,Cardiologist,1500,"MBBS, MD Cardiology, Fellow of American College of Cardiology",15 years,"Asim Heart Clinic, Main Bazaar Road, City Center",3001234567,dr.asim@heartclinic.com,8:00 AM to 7:00 PM,Thursday,11 AM,URGENT! Reschedule Dr. Asim appointment NOW!,When do you need it?,1040,ری شیڈولنگ
1041,Rescheduling,urgent,Fatima,Dr. Asim,Cardiologist,1500,"MBBS, MD Cardiology, Fellow of American College of Cardiology",15 years,"Asim Heart Clinic, Main Bazaar Road, City Center",3001234567,dr.asim@heartclinic.com,8:00 AM to 7:00 PM,Wednesday,11 AM,URGENT! Reschedule Dr. Asim appointment NOW!,When do you need it?,1041,ری شیڈولنگ
1042,Rescheduling,urgent,Ayesha,Dr. Asim,Cardiologist,1500,"MBBS, MD Cardiology, Fellow of American College of Cardiology",15 years,"Asim Heart Clinic, Main Bazaar Road, City Center",3001234567,dr.asim@heartclinic.com,8:00 AM to 7:00 PM,Saturday,2 PM,URGENT! Reschedule Dr. Asim appointment NOW!,When do you need it?,1042,ری شیڈولنگ
1043,Rescheduling,urgent,Amina,Dr. Asim,Cardiologist,1500,"MBBS, MD Cardiology, Fellow of American College of Cardiology",15 years,"Asim Heart Clinic, Main Bazaar Road, City Center",3001234567,dr.asim@heartclinic.com,8:00 AM to 7:00 PM,Tuesday,10 AM,URGENT! Reschedule Dr. Asim appointment NOW!,When do you need it?,1043,ری شیڈولنگ
1044,Rescheduling,urgent,Wasim,Dr. Asim,Cardiologist,1500,"MBBS, MD Cardiology, Fellow of American College of Cardiology",15 years,"Asim Heart Clinic, Main Bazaar Road, City Center",3001234567,dr.asim@heartclinic.com,8:00 AM to 7:00 PM,Tuesday,2 PM,URGENT! Reschedule Dr. Asim appointment NOW!,When do you need it?,1044,ری شیڈولنگ
1045,Rescheduling,urgent,Hassan,Dr. Asim,Cardiologist,1500,"MBBS, MD Cardiology, Fellow of American College of Cardiology",15 years,"Asim Heart Clinic, Main Bazaar Road, City Center",3001234567,dr.asim@heartclinic.com,8:00 AM to 7:00 PM,Wednesday,9 AM,URGENT! Reschedule Dr. Asim appointment NOW!,When do you need it?,1045,ری شیڈولنگ
1046,Rescheduling,urgent,Sara,Dr. Asim,Cardiologist,1500,"MBBS, MD Cardiology, Fellow of American College of Cardiology",15 years,"Asim Heart Clinic, Main Bazaar Road, City Center",3001234567,dr.asim@heartclinic.com,8:00 AM to 7:00 PM,Tuesday,10 AM,URGENT! Reschedule Dr. Asim appointment NOW!,When do you need it?,1046,ری شیڈولنگ
1047,Rescheduling,urgent,Wasim,Dr. Asim,Cardiologist,1500,"MBBS, MD Cardiology, Fellow of American College of Cardiology",15 years,"Asim Heart Clinic, Main Bazaar Road, City Center",3001234567,dr.asim@heartclinic.com,8:00 AM to 7:00 PM,Monday,4 PM,URGENT! Reschedule Dr. Asim appointment NOW!,When do you need it?,1047,ری شیڈولنگ
1048,Rescheduling,urgent,Usman,Dr. Asim,Cardiologist,1500,"MBBS, MD Cardiology, Fellow of American College of Cardiology",15 years,"Asim Heart Clinic, Main Bazaar Road, City Center",3001234567,dr.asim@heartclinic.com,8:00 AM to 7:00 PM,Tuesday,4 PM,URGENT! Reschedule Dr. Asim appointment NOW!,When do you need it?,1048,ری شیڈولنگ
1049,Rescheduling,urgent,Layla,Dr. Asim,Cardiologist,1500,"MBBS, MD Cardiology, Fellow of American College of Cardiology",15 years,"Asim Heart Clinic, Main Bazaar Road, City Center",3001234567,dr.asim@heartclinic.com,8:00 AM to 7:00 PM,Friday,10 AM,URGENT! Reschedule Dr. Asim appointment NOW!,When do you need it?,1049,ری شیڈولنگ
1050,Rescheduling,urgent,Salim,Dr. Asim,Cardiologist,1500,"MBBS, MD Cardiology, Fellow of American College of Cardiology",15 years,"Asim Heart Clinic, Main Bazaar Road, City Center",3001234567,dr.asim@heartclinic.com,8:00 AM to 7:00 PM,Saturday,5 PM,URGENT! Reschedule Dr. Asim appointment NOW!,When do you need it?,1050,ری شیڈولنگ
1051,Rescheduling,urgent,Ahmed,Dr. Asim,Cardiologist,1500,"MBBS, MD Cardiology, Fellow of American College of Cardiology",15 years,"Asim Heart Clinic, Main Bazaar Road, City Center",3001234567,dr.asim@heartclinic.com,8:00 AM to 7:00 PM,Friday,9 AM,Need to move Dr. Asim immediately!,When can you come?,1051,ری شیڈولنگ
1052,Rescheduling,urgent,Ali,Dr. Asim,Cardiologist,1500,"MBBS, MD Cardiology, Fellow of American College of Cardiology",15 years,"Asim Heart Clinic, Main Bazaar Road, City Center",3001234567,dr.asim@heartclinic.com,8:00 AM to 7:00 PM,Wednesday,10 AM,Need to move Dr. Asim immediately!,When can you come?,1052,ری شیڈولنگ
1053,Rescheduling,urgent,Sana,Dr. Asim,Cardiologist,1500,"MBBS, MD Cardiology, Fellow of American College of Cardiology",15 years,"Asim Heart Clinic, Main Bazaar Road, City Center",3001234567,dr.asim@heartclinic.com,8:00 AM to 7:00 PM,Wednesday,11 AM,Need to move Dr. Asim immediately!,When can you come?,1053,ری شیڈولنگ
1054,Rescheduling,urgent,Layla,Dr. Asim,Cardiologist,1500,"MBBS, MD Cardiology, Fellow of American College of Cardiology",15 years,"Asim Heart Clinic, Main Bazaar Road, City Center",3001234567,dr.asim@heartclinic.com,8:00 AM to 7:00 PM,Tuesday,3 PM,Need to move Dr. Asim immediately!,When can you come?,1054,ری شیڈولنگ
1055,Rescheduling,urgent,Faisal,Dr. Asim,Cardiologist,1500,"MBBS, MD Cardiology, Fellow of American College of Cardiology",15 years,"Asim Heart Clinic, Main Bazaar Road, City Center",3001234567,dr.asim@heartclinic.com,8:00 AM to 7:00 PM,Monday,5 PM,Need to move Dr. Asim immediately!,When can you come?,1055,ری شیڈولنگ
1056,Rescheduling,urgent,Aisha,Dr. Asim,Cardiologist,1500,"MBBS, MD Cardiology, Fellow of American College of Cardiology",15 years,"Asim Heart Clinic, Main Bazaar Road, City Center",3001234567,dr.asim@heartclinic.com,8:00 AM to 7:00 PM,Tuesday,8 AM,Need to move Dr. Asim immediately!,When can you come?,1056,ری شیڈولنگ
1057,Rescheduling,urgent,Hassan,Dr. Asim,Cardiologist,1500,"MBBS, MD Cardiology, Fellow of American College of Cardiology",15 years,"Asim Heart Clinic, Main Bazaar Road, City Center",3001234567,dr.asim@heartclinic.com,8:00 AM to 7:00 PM,Saturday,8 AM,Need to move Dr. Asim immediately!,When can you come?,1057,ری شیڈولنگ
1058,Rescheduling,urgent,Usman,Dr. Asim,Cardiologist,1500,"MBBS, MD Cardiology, Fellow of American College of Cardiology",15 years,"Asim Heart Clinic, Main Bazaar Road, City Center",3001234567,dr.asim@heartclinic.com,8:00 AM to 7:00 PM,Wednesday,2 PM,Need to move Dr. Asim immediately!,When can you come?,1058,ری شیڈولنگ
1059,Rescheduling,urgent,Ayesha,Dr. Asim,Cardiologist,1500,"MBBS, MD Cardiology, Fellow of American College of Cardiology",15 years,"Asim Heart Clinic, Main Bazaar Road, City Center",3001234567,dr.asim@heartclinic.com,8:00 AM to 7:00 PM,Wednesday,9 AM,Need to move Dr. Asim immediately!,When can you come?,1059,ری شیڈولنگ
1060,Rescheduling,urgent,Faisal,Dr. Asim,Cardiologist,1500,"MBBS, MD Cardiology, Fellow of American College of Cardiology",15 years,"Asim Heart Clinic, Main Bazaar Road, City Center",3001234567,dr.asim@heartclinic.com,8:00 AM to 7:00 PM,Monday,10 AM,Need to move Dr. Asim immediately!,When can you come?,1060,ری شیڈولنگ
1061,Rescheduling,urgent,Mina,Dr. Asim,Cardiologist,1500,"MBBS, MD Cardiology, Fellow of American College of Cardiology",15 years,"Asim Heart Clinic, Main Bazaar Road, City Center",3001234567,dr.asim@heartclinic.com,8:00 AM to 7:00 PM,Friday,3 PM,Need to move Dr. Asim immediately!,When can you come?,1061,ری شیڈولنگ
1062,Rescheduling,urgent,Amina,Dr. Asim,Cardiologist,1500,"MBBS, MD Cardiology, Fellow of American College of Cardiology",15 years,"Asim Heart Clinic, Main Bazaar Road, City Center",3001234567,dr.asim@heartclinic.com,8:00 AM to 7:00 PM,Wednesday,8 AM,Need to move Dr. Asim immediately!,When can you come?,1062,ری شیڈولنگ
1063,Rescheduling,urgent,Fatima,Dr. Asim,Cardiologist,1500,"MBBS, MD Cardiology, Fellow of American College of Cardiology",15 years,"Asim Heart Clinic, Main Bazaar Road, City Center",3001234567,dr.asim@heartclinic.com,8:00 AM to 7:00 PM,Tuesday,10 AM,Need to move Dr. Asim immediately!,When can you come?,1063,ری شیڈولنگ
1064,Rescheduling,urgent,Karim,Dr. Asim,Cardiologist,1500,"MBBS, MD Cardiology, Fellow of American College of Cardiology",15 years,"Asim Heart Clinic, Main Bazaar Road, City Center",3001234567,dr.asim@heartclinic.com,8:00 AM to 7:00 PM,Wednesday,11 AM,Need to move Dr. Asim immediately!,When can you come?,1064,ری شیڈولنگ
1065,Rescheduling,urgent,Hamza,Dr. Asim,Cardiologist,1500,"MBBS, MD Cardiology, Fellow of American College of Cardiology",15 years,"Asim Heart Clinic, Main Bazaar Road, City Center",3001234567,dr.asim@heartclinic.com,8:00 AM to 7:00 PM,Tuesday,9 AM,Need to move Dr. Asim immediately!,When can you come?,1065,ری شیڈولنگ
1066,Rescheduling,urgent,Rukhsana,Dr. Asim,Cardiologist,1500,"MBBS, MD Cardiology, Fellow of American College of Cardiology",15 years,"Asim Heart Clinic, Main Bazaar Road, City Center",3001234567,dr.asim@heartclinic.com,8:00 AM to 7:00 PM,Thursday,4 PM,Need to move Dr. Asim immediately!,When can you come?,1066,ری شیڈولنگ
1067,Rescheduling,urgent,Malik,Dr. Asim,Cardiologist,1500,"MBBS, MD Cardiology, Fellow of American College of Cardiology",15 years,"Asim Heart Clinic, Main Bazaar Road, City Center",3001234567,dr.asim@heartclinic.com,8:00 AM to 7:00 PM,Wednesday,8 AM,Need to move Dr. Asim immediately!,When can you come?,1067,ری شیڈولنگ
1068,Rescheduling,urgent,Ayesha,Dr. Asim,Cardiologist,1500,"MBBS, MD Cardiology, Fellow of American College of Cardiology",15 years,"Asim Heart Clinic, Main Bazaar Road, City Center",3001234567,dr.asim@heartclinic.com,8:00 AM to 7:00 PM,Tuesday,11 AM,Need to move Dr. Asim immediately!,When can you come?,1068,ری شیڈولنگ
1069,Rescheduling,urgent,Hassan,Dr. Asim,Cardiologist,1500,"MBBS, MD Cardiology, Fellow of American College of Cardiology",15 years,"Asim Heart Clinic, Main Bazaar Road, City Center",3001234567,dr.asim@heartclinic.com,8:00 AM to 7:00 PM,Thursday,5 PM,Need to move Dr. Asim immediately!,When can you come?,1069,ری شیڈولنگ
1070,Rescheduling,urgent,Hassan,Dr. Asim,Cardiologist,1500,"MBBS, MD Cardiology, Fellow of American College of Cardiology",15 years,"Asim Heart Clinic, Main Bazaar Road, City Center",3001234567,dr.asim@heartclinic.com,8:00 AM to 7:00 PM,Saturday,4 PM,Need to move Dr. Asim immediately!,When can you come?,1070,ری شیڈولنگ
1071,Rescheduling,urgent,Nasrin,Dr. Asim,Cardiologist,1500,"MBBS, MD Cardiology, Fellow of American College of Cardiology",15 years,"Asim Heart Clinic, Main Bazaar Road, City Center",3001234567,dr.asim@heartclinic.com,8:00 AM to 7:00 PM,Tuesday,2 PM,Need to move Dr. Asim immediately!,When can you come?,1071,ری شیڈولنگ
1072,Rescheduling,urgent,Karim,Dr. Asim,Cardiologist,1500,"MBBS, MD Cardiology, Fellow of American College of Cardiology",15 years,"Asim Heart Clinic, Main Bazaar Road, City Center",3001234567,dr.asim@heartclinic.com,8:00 AM to 7:00 PM,Saturday,5 PM,Need to move Dr. Asim immediately!,When can you come?,1072,ری شیڈولنگ
1073,Rescheduling,urgent,Ayesha,Dr. Asim,Cardiologist,1500,"MBBS, MD Cardiology, Fellow of American College of Cardiology",15 years,"Asim Heart Clinic, Main Bazaar Road, City Center",3001234567,dr.asim@heartclinic.com,8:00 AM to 7:00 PM,Tuesday,3 PM,Need to move Dr. Asim immediately!,When can you come?,1073,ری شیڈولنگ
1074,Rescheduling,urgent,Malik,Dr. Asim,Cardiologist,1500,"MBBS, MD Cardiology, Fellow of American College of Cardiology",15 years,"Asim Heart Clinic, Main Bazaar Road, City Center",3001234567,dr.asim@heartclinic.com,8:00 AM to 7:00 PM,Monday,8 AM,Need to move Dr. Asim immediately!,When can you come?,1074,ری شیڈولنگ
1075,Rescheduling,urgent,Hassan,Dr. Asim,Cardiologist,1500,"MBBS, MD Cardiology, Fellow of American College of Cardiology",15 years,"Asim Heart Clinic, Main Bazaar Road, City Center",3001234567,dr.asim@heartclinic.com,8:00 AM to 7:00 PM,Thursday,4 PM,Need to move Dr. Asim immediately!,When can you come?,1075,ری شیڈولنگ
1076,Doctor_Info_Inquiry,formal,Rukhsana,Dr. Asim,Cardiologist,1500,"MBBS, MD Cardiology, Fellow of American College of Cardiology",15 years,"Asim Heart Clinic, Main Bazaar Road, City Center",3001234567,dr.asim@heartclinic.com,8:00 AM to 7:00 PM,,,Who is Dr. Asim?,Dr. Asim is our senior cardiologist with 15 years experience.,1076,ڈاکٹر_معلومات_انکوائری
1077,Doctor_Info_Inquiry,formal,Nasrin,Dr. Asim,Cardiologist,1500,"MBBS, MD Cardiology, Fellow of American College of Cardiology",15 years,"Asim Heart Clinic, Main Bazaar Road, City Center",3001234567,dr.asim@heartclinic.com,8:00 AM to 7:00 PM,,,Who is Dr. Asim?,Dr. Asim is our senior cardiologist with 15 years experience.,1077,ڈاکٹر_معلومات_انکوائری
1078,Doctor_Info_Inquiry,formal,Hira,Dr. Asim,Cardiologist,1500,"MBBS, MD Cardiology, Fellow of American College of Cardiology",15 years,"Asim Heart Clinic, Main Bazaar Road, City Center",3001234567,dr.asim@heartclinic.com,8:00 AM to 7:00 PM,,,Who is Dr. Asim?,Dr. Asim is our senior cardiologist with 15 years experience.,1078,ڈاکٹر_معلومات_انکوائری
1079,Doctor_Info_Inquiry,formal,Rukhsana,Dr. Asim,Cardiologist,1500,"MBBS, MD Cardiology, Fellow of American College of Cardiology",15 years,"Asim Heart Clinic, Main Bazaar Road, City Center",3001234567,dr.asim@heartclinic.com,8:00 AM to 7:00 PM,,,Who is Dr. Asim?,Dr. Asim is our senior cardiologist with 15 years experience.,1079,ڈاکٹر_معلومات_انکوائری
1080,Doctor_Info_Inquiry,formal,Bilal,Dr. Asim,Cardiologist,1500,"MBBS, MD Cardiology, Fellow of American College of Cardiology",15 years,"Asim Heart Clinic, Main Bazaar Road, City Center",3001234567,dr.asim@heartclinic.com,8:00 AM to 7:00 PM,,,Who is Dr. Asim?,Dr. Asim is our senior cardiologist with 15 years experience.,1080,ڈاکٹر_معلومات_انکوائری
1081,Doctor_Info_Inquiry,formal,Hira,Dr. Asim,Cardiologist,1500,"MBBS, MD Cardiology, Fellow of American College of Cardiology",15 years,"Asim Heart Clinic, Main Bazaar Road, City Center",3001234567,dr.asim@heartclinic.com,8:00 AM to 7:00 PM,,,Who is Dr. Asim?,Dr. Asim is our senior cardiologist with 15 years experience.,1081,ڈاکٹر_معلومات_انکوائری
1082,Doctor_Info_Inquiry,formal,Nasrin,Dr. Asim,Cardiologist,1500,"MBBS, MD Cardiology, Fellow of American College of Cardiology",15 years,"Asim Heart Clinic, Main Bazaar Road, City Center",3001234567,dr.asim@heartclinic.com,8:00 AM to 7:00 PM,,,Who is Dr. Asim?,Dr. Asim is our senior cardiologist with 15 years experience.,1082,ڈاکٹر_معلومات_انکوائری
1083,Doctor_Info_Inquiry,formal,Nida,Dr. Asim,Cardiologist,1500,"MBBS, MD Cardiology, Fellow of American College of Cardiology",15 years,"Asim Heart Clinic, Main Bazaar Road, City Center",3001234567,dr.asim@heartclinic.com,8:00 AM to 7:00 PM,,,Who is Dr. Asim?,Dr. Asim is our senior cardiologist with 15 years experience.,1083,ڈاکٹر_معلومات_انکوائری
1084,Doctor_Info_Inquiry,formal,Farida,Dr. Asim,Cardiologist,1500,"MBBS, MD Cardiology, Fellow of American College of Cardiology",15 years,"Asim Heart Clinic, Main Bazaar Road, City Center",3001234567,dr.asim@heartclinic.com,8:00 AM to 7:00 PM,,,Who is Dr. Asim?,Dr. Asim is our senior cardiologist with 15 years experience.,1084,ڈاکٹر_معلومات_انکوائری
1085,Doctor_Info_Inquiry,formal,Hassan,Dr. Asim,Cardiologist,1500,"MBBS, MD Cardiology, Fellow of American College of Cardiology",15 years,"Asim Heart Clinic, Main Bazaar Road, City Center",3001234567,dr.asim@heartclinic.com,8:00 AM to 7:00 PM,,,Who is Dr. Asim?,Dr. Asim is our senior cardiologist with 15 years experience.,1085,ڈاکٹر_معلومات_انکوائری
1086,Doctor_Info_Inquiry,formal,Hassan,Dr. Asim,Cardiologist,1500,"MBBS, MD Cardiology, Fellow of American College of Cardiology",15 years,"Asim Heart Clinic, Main Bazaar Road, City Center",3001234567,dr.asim@heartclinic.com,8:00 AM to 7:00 PM,,,Who is Dr. Asim?,Dr. Asim is our senior cardiologist with 15 years experience.,1086,ڈاکٹر_معلومات_انکوائری
1087,Doctor_Info_Inquiry,formal,Farida,Dr. Asim,Cardiologist,1500,"MBBS, MD Cardiology, Fellow of American College of Cardiology",15 years,"Asim Heart Clinic, Main Bazaar Road, City Center",3001234567,dr.asim@heartclinic.com,8:00 AM to 7:00 PM,,,Who is Dr. Asim?,Dr. Asim is our senior cardiologist with 15 years experience.,1087,ڈاکٹر_معلومات_انکوائری
1088,Doctor_Info_Inquiry,formal,Ali,Dr. Asim,Cardiologist,1500,"MBBS, MD Cardiology, Fellow of American College of Cardiology",15 years,"Asim Heart Clinic, Main Bazaar Road, City Center",3001234567,dr.asim@heartclinic.com,8:00 AM to 7:00 PM,,,Who is Dr. Asim?,Dr. Asim is our senior cardiologist with 15 years experience.,1088,ڈاکٹر_معلومات_انکوائری
1089,Doctor_Info_Inquiry,formal,Ahmed,Dr. Asim,Cardiologist,1500,"MBBS, MD Cardiology, Fellow of American College of Cardiology",15 years,"Asim Heart Clinic, Main Bazaar Road, City Center",3001234567,dr.asim@heartclinic.com,8:00 AM to 7:00 PM,,,Who is Dr. Asim?,Dr. Asim is our senior cardiologist with 15 years experience.,1089,ڈاکٹر_معلومات_انکوائری
1090,Doctor_Info_Inquiry,formal,Aisha,Dr. Asim,Cardiologist,1500,"MBBS, MD Cardiology, Fellow of American College of Cardiology",15 years,"Asim Heart Clinic, Main Bazaar Road, City Center",3001234567,dr.asim@heartclinic.com,8:00 AM to 7:00 PM,,,Who is Dr. Asim?,Dr. Asim is our senior cardiologist with 15 years experience.,1090,ڈاکٹر_معلومات_انکوائری
1091,Doctor_Info_Inquiry,formal,Usman,Dr. Asim,Cardiologist,1500,"MBBS, MD Cardiology, Fellow of American College of Cardiology",15 years,"Asim Heart Clinic, Main Bazaar Road, City Center",3001234567,dr.asim@heartclinic.com,8:00 AM to 7:00 PM,,,Tell me about Dr. Asim.,"Dr. Asim specializes in cardiology with MBBS, MD Cardiology, Fellow of American College of Cardiology.",1091,ڈاکٹر_معلومات_انکوائری
1092,Doctor_Info_Inquiry,formal,Hamza,Dr. Asim,Cardiologist,1500,"MBBS, MD Cardiology, Fellow of American College of Cardiology",15 years,"Asim Heart Clinic, Main Bazaar Road, City Center",3001234567,dr.asim@heartclinic.com,8:00 AM to 7:00 PM,,,Tell me about Dr. Asim.,"Dr. Asim specializes in cardiology with MBBS, MD Cardiology, Fellow of American College of Cardiology.",1092,ڈاکٹر_معلومات_انکوائری
1093,Doctor_Info_Inquiry,formal,Mina,Dr. Asim,Cardiologist,1500,"MBBS, MD Cardiology, Fellow of American College of Cardiology",15 years,"Asim Heart Clinic, Main Bazaar Road, City Center",3001234567,dr.asim@heartclinic.com,8:00 AM to 7:00 PM,,,Tell me about Dr. Asim.,"Dr. Asim specializes in cardiology with MBBS, MD Cardiology, Fellow of American College of Cardiology.",1093,ڈاکٹر_معلومات_انکوائری
1094,Doctor_Info_Inquiry,formal,Wasim,Dr. Asim,Cardiologist,1500,"MBBS, MD Cardiology, Fellow of American College of Cardiology",15 years,"Asim Heart Clinic, Main Bazaar Road, City Center",3001234567,dr.asim@heartclinic.com,8:00 AM to 7:00 PM,,,Tell me about Dr. Asim.,"Dr. Asim specializes in cardiology with MBBS, MD Cardiology, Fellow of American College of Cardiology.",1094,ڈاکٹر_معلومات_انکوائری
1095,Doctor_Info_Inquiry,formal,Zainab,Dr. Asim,Cardiologist,1500,"MBBS, MD Cardiology, Fellow of American College of Cardiology",15 years,"Asim Heart Clinic, Main Bazaar Road, City Center",3001234567,dr.asim@heartclinic.com,8:00 AM to 7:00 PM,,,Tell me about Dr. Asim.,"Dr. Asim specializes in cardiology with MBBS, MD Cardiology, Fellow of American College of Cardiology.",1095,ڈاکٹر_معلومات_انکوائری
1096,Doctor_Info_Inquiry,formal,Rashid,Dr. Asim,Cardiologist,1500,"MBBS, MD Cardiology, Fellow of American College of Cardiology",15 years,"Asim Heart Clinic, Main Bazaar Road, City Center",3001234567,dr.asim@heartclinic.com,8:00 AM to 7:00 PM,,,Tell me about Dr. Asim.,"Dr. Asim specializes in cardiology with MBBS, MD Cardiology, Fellow of American College of Cardiology.",1096,ڈاکٹر_معلومات_انکوائری
1097,Doctor_Info_Inquiry,formal,Mina,Dr. Asim,Cardiologist,1500,"MBBS, MD Cardiology, Fellow of American College of Cardiology",15 years,"Asim Heart Clinic, Main Bazaar Road, City Center",3001234567,dr.asim@heartclinic.com,8:00 AM to 7:00 PM,,,Tell me about Dr. Asim.,"Dr. Asim specializes in cardiology with MBBS, MD Cardiology, Fellow of American College of Cardiology.",1097,ڈاکٹر_معلومات_انکوائری
1098,Doctor_Info_Inquiry,formal,Faisal,Dr. Asim,Cardiologist,1500,"MBBS, MD Cardiology, Fellow of American College of Cardiology",15 years,"Asim Heart Clinic, Main Bazaar Road, City Center",3001234567,dr.asim@heartclinic.com,8:00 AM to 7:00 PM,,,Tell me about Dr. Asim.,"Dr. Asim specializes in cardiology with MBBS, MD Cardiology, Fellow of American College of Cardiology.",1098,ڈاکٹر_معلومات_انکوائری
1099,Doctor_Info_Inquiry,formal,Ahmed,Dr. Asim,Cardiologist,1500,"MBBS, MD Cardiology, Fellow of American College of Cardiology",15 years,"Asim Heart Clinic, Main Bazaar Road, City Center",3001234567,dr.asim@heartclinic.com,8:00 AM to 7:00 PM,,,Tell me about Dr. Asim.,"Dr. Asim specializes in cardiology with MBBS, MD Cardiology, Fellow of American College of Cardiology.",1099,ڈاکٹر_معلومات_انکوائری
1100,Doctor_Info_Inquiry,formal,Sara,Dr. Asim,Cardiologist,1500,"MBBS, MD Cardiology, Fellow of American College of Cardiology",15 years,"Asim Heart Clinic, Main Bazaar Road, City Center",3001234567,dr.asim@heartclinic.com,8:00 AM to 7:00 PM,,,Tell me about Dr. Asim.,"Dr. Asim specializes in cardiology with MBBS, MD Cardiology, Fellow of American College of Cardiology.",1100,ڈاکٹر_معلومات_انکوائری
1101,Doctor_Info_Inquiry,formal,Rashid,Dr. Asim,Cardiologist,1500,"MBBS, MD Cardiology, Fellow of American College of Cardiology",15 years,"Asim Heart Clinic, Main Bazaar Road, City Center",3001234567,dr.asim@heartclinic.com,8:00 AM to 7:00 PM,,,Tell me about Dr. Asim.,"Dr. Asim specializes in cardiology with MBBS, MD Cardiology, Fellow of American College of Cardiology.",1101,ڈاکٹر_معلومات_انکوائری
1102,Doctor_Info_Inquiry,formal,Samir,Dr. Asim,Cardiologist,1500,"MBBS, MD Cardiology, Fellow of American College of Cardiology",15 years,"Asim Heart Clinic, Main Bazaar Road, City Center",3001234567,dr.asim@heartclinic.com,8:00 AM to 7:00 PM,,,Tell me about Dr. Asim.,"Dr. Asim specializes in cardiology with MBBS, MD Cardiology, Fellow of American College of Cardiology.",1102,ڈاکٹر_معلومات_انکوائری
1103,Doctor_Info_Inquiry,formal,Bilal,Dr. Asim,Cardiologist,1500,"MBBS, MD Cardiology, Fellow of American College of Cardiology",15 years,"Asim Heart Clinic, Main Bazaar Road, City Center",3001234567,dr.asim@heartclinic.com,8:00 AM to 7:00 PM,,,Tell me about Dr. Asim.,"Dr. Asim specializes in cardiology with MBBS, MD Cardiology, Fellow of American College of Cardiology.",1103,ڈاکٹر_معلومات_انکوائری
1104,Doctor_Info_Inquiry,formal,Hamza,Dr. Asim,Cardiologist,1500,"MBBS, MD Cardiology, Fellow of American College of Cardiology",15 years,"Asim Heart Clinic, Main Bazaar Road, City Center",3001234567,dr.asim@heartclinic.com,8:00 AM to 7:00 PM,,,Tell me about Dr. Asim.,"Dr. Asim specializes in cardiology with MBBS, MD Cardiology, Fellow of American College of Cardiology.",1104,ڈاکٹر_معلومات_انکوائری
1105,Doctor_Info_Inquiry,formal,Nasrin,Dr. Asim,Cardiologist,1500,"MBBS, MD Cardiology, Fellow of American College of Cardiology",15 years,"Asim Heart Clinic, Main Bazaar Road, City Center",3001234567,dr.asim@heartclinic.com,8:00 AM to 7:00 PM,,,Tell me about Dr. Asim.,"Dr. Asim specializes in cardiology with MBBS, MD Cardiology, Fellow of American College of Cardiology.",1105,ڈاکٹر_معلومات_انکوائری
1106,Doctor_Info_Inquiry,formal,Sara,Dr. Asim,Cardiologist,1500,"MBBS, MD Cardiology, Fellow of American College of Cardiology",15 years,"Asim Heart Clinic, Main Bazaar Road, City Center",3001234567,dr.asim@heartclinic.com,8:00 AM to 7:00 PM,,,What are Dr. Asim's credentials?,"Dr. Asim has MBBS, MD Cardiology, Fellow of American College of Cardiology and 15 years.",1106,ڈاکٹر_معلومات_انکوائری
1107,Doctor_Info_Inquiry,formal,Hassan,Dr. Asim,Cardiologist,1500,"MBBS, MD Cardiology, Fellow of American College of Cardiology",15 years,"Asim Heart Clinic, Main Bazaar Road, City Center",3001234567,dr.asim@heartclinic.com,8:00 AM to 7:00 PM,,,What are Dr. Asim's credentials?,"Dr. Asim has MBBS, MD Cardiology, Fellow of American College of Cardiology and 15 years.",1107,ڈاکٹر_معلومات_انکوائری
1108,Doctor_Info_Inquiry,formal,Sana,Dr. Asim,Cardiologist,1500,"MBBS, MD Cardiology, Fellow of American College of Cardiology",15 years,"Asim Heart Clinic, Main Bazaar Road, City Center",3001234567,dr.asim@heartclinic.com,8:00 AM to 7:00 PM,,,What are Dr. Asim's credentials?,"Dr. Asim has MBBS, MD Cardiology, Fellow of American College of Cardiology and 15 years.",1108,ڈاکٹر_معلومات_انکوائری
1109,Doctor_Info_Inquiry,formal,Salim,Dr. Asim,Cardiologist,1500,"MBBS, MD Cardiology, Fellow of American College of Cardiology",15 years,"Asim Heart Clinic, Main Bazaar Road, City Center",3001234567,dr.asim@heartclinic.com,8:00 AM to 7:00 PM,,,What are Dr. Asim's credentials?,"Dr. Asim has MBBS, MD Cardiology, Fellow of American College of Cardiology and 15 years.",1109,ڈاکٹر_معلومات_انکوائری
1110,Doctor_Info_Inquiry,formal,Salim,Dr. Asim,Cardiologist,1500,"MBBS, MD Cardiology, Fellow of American College of Cardiology",15 years,"Asim Heart Clinic, Main Bazaar Road, City Center",3001234567,dr.asim@heartclinic.com,8:00 AM to 7:00 PM,,,What are Dr. Asim's credentials?,"Dr. Asim has MBBS, MD Cardiology, Fellow of American College of Cardiology and 15 years.",1110,ڈاکٹر_معلومات_انکوائری
1111,Doctor_Info_Inquiry,formal,Usman,Dr. Asim,Cardiologist,1500,"MBBS, MD Cardiology, Fellow of American College of Cardiology",15 years,"Asim Heart Clinic, Main Bazaar Road, City Center",3001234567,dr.asim@heartclinic.com,8:00 AM to 7:00 PM,,,What are Dr. Asim's credentials?,"Dr. Asim has MBBS, MD Cardiology, Fellow of American College of Cardiology and 15 years.",1111,ڈاکٹر_معلومات_انکوائری
1112,Doctor_Info_Inquiry,formal,Samir,Dr. Asim,Cardiologist,1500,"MBBS, MD Cardiology, Fellow of American College of Cardiology",15 years,"Asim Heart Clinic, Main Bazaar Road, City Center",3001234567,dr.asim@heartclinic.com,8:00 AM to 7:00 PM,,,What are Dr. Asim's credentials?,"Dr. Asim has MBBS, MD Cardiology, Fellow of American College of Cardiology and 15 years.",1112,ڈاکٹر_معلومات_انکوائری
1113,Doctor_Info_Inquiry,formal,Mina,Dr. Asim,Cardiologist,1500,"MBBS, MD Cardiology, Fellow of American College of Cardiology",15 years,"Asim Heart Clinic, Main Bazaar Road, City Center",3001234567,dr.asim@heartclinic.com,8:00 AM to 7:00 PM,,,What are Dr. Asim's credentials?,"Dr. Asim has MBBS, MD Cardiology, Fellow of American College of Cardiology and 15 years.",1113,ڈاکٹر_معلومات_انکوائری
1114,Doctor_Info_Inquiry,formal,Ahmed,Dr. Asim,Cardiologist,1500,"MBBS, MD Cardiology, Fellow of American College of Cardiology",15 years,"Asim Heart Clinic, Main Bazaar Road, City Center",3001234567,dr.asim@heartclinic.com,8:00 AM to 7:00 PM,,,What are Dr. Asim's credentials?,"Dr. Asim has MBBS, MD Cardiology, Fellow of American College of Cardiology and 15 years.",1114,ڈاکٹر_معلومات_انکوائری
1115,Doctor_Info_Inquiry,formal,Ali,Dr. Asim,Cardiologist,1500,"MBBS, MD Cardiology, Fellow of American College of Cardiology",15 years,"Asim Heart Clinic, Main Bazaar Road, City Center",3001234567,dr.asim@heartclinic.com,8:00 AM to 7:00 PM,,,What are Dr. Asim's credentials?,"Dr. Asim has MBBS, MD Cardiology, Fellow of American College of Cardiology and 15 years.",1115,ڈاکٹر_معلومات_انکوائری
1116,Doctor_Info_Inquiry,formal,Noor,Dr. Asim,Cardiologist,1500,"MBBS, MD Cardiology, Fellow of American College of Cardiology",15 years,"Asim Heart Clinic, Main Bazaar Road, City Center",3001234567,dr.asim@heartclinic.com,8:00 AM to 7:00 PM,,,What are Dr. Asim's credentials?,"Dr. Asim has MBBS, MD Cardiology, Fellow of American College of Cardiology and 15 years.",1116,ڈاکٹر_معلومات_انکوائری
1117,Doctor_Info_Inquiry,formal,Tariq,Dr. Asim,Cardiologist,1500,"MBBS, MD Cardiology, Fellow of American College of Cardiology",15 years,"Asim Heart Clinic, Main Bazaar Road, City Center",3001234567,dr.asim@heartclinic.com,8:00 AM to 7:00 PM,,,What are Dr. Asim's credentials?,"Dr. Asim has MBBS, MD Cardiology, Fellow of American College of Cardiology and 15 years.",1117,ڈاکٹر_معلومات_انکوائری
1118,Doctor_Info_Inquiry,formal,Rashid,Dr. Asim,Cardiologist,1500,"MBBS, MD Cardiology, Fellow of American College of Cardiology",15 years,"Asim Heart Clinic, Main Bazaar Road, City Center",3001234567,dr.asim@heartclinic.com,8:00 AM to 7:00 PM,,,What are Dr. Asim's credentials?,"Dr. Asim has MBBS, MD Cardiology, Fellow of American College of Cardiology and 15 years.",1118,ڈاکٹر_معلومات_انکوائری
1119,Doctor_Info_Inquiry,formal,Hassan,Dr. Asim,Cardiologist,1500,"MBBS, MD Cardiology, Fellow of American College of Cardiology",15 years,"Asim Heart Clinic, Main Bazaar Road, City Center",3001234567,dr.asim@heartclinic.com,8:00 AM to 7:00 PM,,,What are Dr. Asim's credentials?,"Dr. Asim has MBBS, MD Cardiology, Fellow of American College of Cardiology and 15 years.",1119,ڈاکٹر_معلومات_انکوائری
1120,Doctor_Info_Inquiry,formal,Rukhsana,Dr. Asim,Cardiologist,1500,"MBBS, MD Cardiology, Fellow of American College of Cardiology",15 years,"Asim Heart Clinic, Main Bazaar Road, City Center",3001234567,dr.asim@heartclinic.com,8:00 AM to 7:00 PM,,,What are Dr. Asim's credentials?,"Dr. Asim has MBBS, MD Cardiology, Fellow of American College of Cardiology and 15 years.",1120,ڈاکٹر_معلومات_انکوائری
1121,Doctor_Info_Inquiry,formal,Farida,Dr. Asim,Cardiologist,1500,"MBBS, MD Cardiology, Fellow of American College of Cardiology",15 years,"Asim Heart Clinic, Main Bazaar Road, City Center",3001234567,dr.asim@heartclinic.com,8:00 AM to 7:00 PM,,,Can you provide information about Dr. Asim?,Dr. Asim is a renowned cardiologist with extensive experience.,1121,ڈاکٹر_معلومات_انکوائری
1122,Doctor_Info_Inquiry,formal,Noor,Dr. Asim,Cardiologist,1500,"MBBS, MD Cardiology, Fellow of American College of Cardiology",15 years,"Asim Heart Clinic, Main Bazaar Road, City Center",3001234567,dr.asim@heartclinic.com,8:00 AM to 7:00 PM,,,Can you provide information about Dr. Asim?,Dr. Asim is a renowned cardiologist with extensive experience.,1122,ڈاکٹر_معلومات_انکوائری
1123,Doctor_Info_Inquiry,formal,Samir,Dr. Asim,Cardiologist,1500,"MBBS, MD Cardiology, Fellow of American College of Cardiology",15 years,"Asim Heart Clinic, Main Bazaar Road, City Center",3001234567,dr.asim@heartclinic.com,8:00 AM to 7:00 PM,,,Can you provide information about Dr. Asim?,Dr. Asim is a renowned cardiologist with extensive experience.,1123,ڈاکٹر_معلومات_انکوائری
1124,Doctor_Info_Inquiry,formal,Nida,Dr. Asim,Cardiologist,1500,"MBBS, MD Cardiology, Fellow of American College of Cardiology",15 years,"Asim Heart Clinic, Main Bazaar Road, City Center",3001234567,dr.asim@heartclinic.com,8:00 AM to 7:00 PM,,,Can you provide information about Dr. Asim?,Dr. Asim is a renowned cardiologist with extensive experience.,1124,ڈاکٹر_معلومات_انکوائری
1125,Doctor_Info_Inquiry,formal,Malik,Dr. Asim,Cardiologist,1500,"MBBS, MD Cardiology, Fellow of American College of Cardiology",15 years,"Asim Heart Clinic, Main Bazaar Road, City Center",3001234567,dr.asim@heartclinic.com,8:00 AM to 7:00 PM,,,Can you provide information about Dr. Asim?,Dr. Asim is a renowned cardiologist with extensive experience.,1125,ڈاکٹر_معلومات_انکوائری
1126,Doctor_Info_Inquiry,formal,Ali,Dr. Asim,Cardiologist,1500,"MBBS, MD Cardiology, Fellow of American College of Cardiology",15 years,"Asim Heart Clinic, Main Bazaar Road, City Center",3001234567,dr.asim@heartclinic.com,8:00 AM to 7:00 PM,,,Can you provide information about Dr. Asim?,Dr. Asim is a renowned cardiologist with extensive experience.,1126,ڈاکٹر_معلومات_انکوائری
1127,Doctor_Info_Inquiry,formal,Sana,Dr. Asim,Cardiologist,1500,"MBBS, MD Cardiology, Fellow of American College of Cardiology",15 years,"Asim Heart Clinic, Main Bazaar Road, City Center",3001234567,dr.asim@heartclinic.com,8:00 AM to 7:00 PM,,,Can you provide information about Dr. Asim?,Dr. Asim is a renowned cardiologist with extensive experience.,1127,ڈاکٹر_معلومات_انکوائری
1128,Doctor_Info_Inquiry,formal,Hassan,Dr. Asim,Cardiologist,1500,"MBBS, MD Cardiology, Fellow of American College of Cardiology",15 years,"Asim Heart Clinic, Main Bazaar Road, City Center",3001234567,dr.asim@heartclinic.com,8:00 AM to 7:00 PM,,,Can you provide information about Dr. Asim?,Dr. Asim is a renowned cardiologist with extensive experience.,1128,ڈاکٹر_معلومات_انکوائری
1129,Doctor_Info_Inquiry,formal,Amina,Dr. Asim,Cardiologist,1500,"MBBS, MD Cardiology, Fellow of American College of Cardiology",15 years,"Asim Heart Clinic, Main Bazaar Road, City Center",3001234567,dr.asim@heartclinic.com,8:00 AM to 7:00 PM,,,Can you provide information about Dr. Asim?,Dr. Asim is a renowned cardiologist with extensive experience.,1129,ڈاکٹر_معلومات_انکوائری
1130,Doctor_Info_Inquiry,formal,Mina,Dr. Asim,Cardiologist,1500,"MBBS, MD Cardiology, Fellow of American College of Cardiology",15 years,"Asim Heart Clinic, Main Bazaar Road, City Center",3001234567,dr.asim@heartclinic.com,8:00 AM to 7:00 PM,,,Can you provide information about Dr. Asim?,Dr. Asim is a renowned cardiologist with extensive experience.,1130,ڈاکٹر_معلومات_انکوائری
1131,Doctor_Info_Inquiry,formal,Hassan,Dr. Asim,Cardiologist,1500,"MBBS, MD Cardiology, Fellow of American College of Cardiology",15 years,"Asim Heart Clinic, Main Bazaar Road, City Center",3001234567,dr.asim@heartclinic.com,8:00 AM to 7:00 PM,,,Can you provide information about Dr. Asim?,Dr. Asim is a renowned cardiologist with extensive experience.,1131,ڈاکٹر_معلومات_انکوائری
1132,Doctor_Info_Inquiry,formal,Samir,Dr. Asim,Cardiologist,1500,"MBBS, MD Cardiology, Fellow of American College of Cardiology",15 years,"Asim Heart Clinic, Main Bazaar Road, City Center",3001234567,dr.asim@heartclinic.com,8:00 AM to 7:00 PM,,,Can you provide information about Dr. Asim?,Dr. Asim is a renowned cardiologist with extensive experience.,1132,ڈاکٹر_معلومات_انکوائری
1133,Doctor_Info_Inquiry,formal,Ayesha,Dr. Asim,Cardiologist,1500,"MBBS, MD Cardiology, Fellow of American College of Cardiology",15 years,"Asim Heart Clinic, Main Bazaar Road, City Center",3001234567,dr.asim@heartclinic.com,8:00 AM to 7:00 PM,,,Can you provide information about Dr. Asim?,Dr. Asim is a renowned cardiologist with extensive experience.,1133,ڈاکٹر_معلومات_انکوائری
1134,Doctor_Info_Inquiry,formal,Sana,Dr. Asim,Cardiologist,1500,"MBBS, MD Cardiology, Fellow of American College of Cardiology",15 years,"Asim Heart Clinic, Main Bazaar Road, City Center",3001234567,dr.asim@heartclinic.com,8:00 AM to 7:00 PM,,,Can you provide information about Dr. Asim?,Dr. Asim is a renowned cardiologist with extensive experience.,1134,ڈاکٹر_معلومات_انکوائری
1135,Doctor_Info_Inquiry,formal,Usman,Dr. Asim,Cardiologist,1500,"MBBS, MD Cardiology, Fellow of American College of Cardiology",15 years,"Asim Heart Clinic, Main Bazaar Road, City Center",3001234567,dr.asim@heartclinic.com,8:00 AM to 7:00 PM,,,Can you provide information about Dr. Asim?,Dr. Asim is a renowned cardiologist with extensive experience.,1135,ڈاکٹر_معلومات_انکوائری
1136,Doctor_Info_Inquiry,casual,Sara,Dr. Asim,Cardiologist,1500,"MBBS, MD Cardiology, Fellow of American College of Cardiology",15 years,"Asim Heart Clinic, Main Bazaar Road, City Center",3001234567,dr.asim@heartclinic.com,8:00 AM to 7:00 PM,,,Dr. Asim kaunsa doctor hai?,"Cardiologist hain, 15 saal ka experience.",1136,ڈاکٹر_معلومات_انکوائری
1137,Doctor_Info_Inquiry,casual,Karim,Dr. Asim,Cardiologist,1500,"MBBS, MD Cardiology, Fellow of American College of Cardiology",15 years,"Asim Heart Clinic, Main Bazaar Road, City Center",3001234567,dr.asim@heartclinic.com,8:00 AM to 7:00 PM,,,Dr. Asim kaunsa doctor hai?,"Cardiologist hain, 15 saal ka experience.",1137,ڈاکٹر_معلومات_انکوائری
1138,Doctor_Info_Inquiry,casual,Usman,Dr. Asim,Cardiologist,1500,"MBBS, MD Cardiology, Fellow of American College of Cardiology",15 years,"Asim Heart Clinic, Main Bazaar Road, City Center",3001234567,dr.asim@heartclinic.com,8:00 AM to 7:00 PM,,,Dr. Asim kaunsa doctor hai?,"Cardiologist hain, 15 saal ka experience.",1138,ڈاکٹر_معلومات_انکوائری
1139,Doctor_Info_Inquiry,casual,Sana,Dr. Asim,Cardiologist,1500,"MBBS, MD Cardiology, Fellow of American College of Cardiology",15 years,"Asim Heart Clinic, Main Bazaar Road, City Center",3001234567,dr.asim@heartclinic.com,8:00 AM to 7:00 PM,,,Dr. Asim kaunsa doctor hai?,"Cardiologist hain, 15 saal ka experience.",1139,ڈاکٹر_معلومات_انکوائری
1140,Doctor_Info_Inquiry,casual,Malik,Dr. Asim,Cardiologist,1500,"MBBS, MD Cardiology, Fellow of American College of Cardiology",15 years,"Asim Heart Clinic, Main Bazaar Road, City Center",3001234567,dr.asim@heartclinic.com,8:00 AM to 7:00 PM,,,Dr. Asim kaunsa doctor hai?,"Cardiologist hain, 15 saal ka experience.",1140,ڈاکٹر_معلومات_انکوائری
1141,Doctor_Info_Inquiry,casual,Ahmed,Dr. Asim,Cardiologist,1500,"MBBS, MD Cardiology, Fellow of American College of Cardiology",15 years,"Asim Heart Clinic, Main Bazaar Road, City Center",3001234567,dr.asim@heartclinic.com,8:00 AM to 7:00 PM,,,Dr. Asim kaunsa doctor hai?,"Cardiologist hain, 15 saal ka experience.",1141,ڈاکٹر_معلومات_انکوائری
1142,Doctor_Info_Inquiry,casual,Malik,Dr. Asim,Cardiologist,1500,"MBBS, MD Cardiology, Fellow of American College of Cardiology",15 years,"Asim Heart Clinic, Main Bazaar Road, City Center",3001234567,dr.asim@heartclinic.com,8:00 AM to 7:00 PM,,,Dr. Asim kaunsa doctor hai?,"Cardiologist hain, 15 saal ka experience.",1142,ڈاکٹر_معلومات_انکوائری
1143,Doctor_Info_Inquiry,casual,Tariq,Dr. Asim,Cardiologist,1500,"MBBS, MD Cardiology, Fellow of American College of Cardiology",15 years,"Asim Heart Clinic, Main Bazaar Road, City Center",3001234567,dr.asim@heartclinic.com,8:00 AM to 7:00 PM,,,Dr. Asim kaunsa doctor hai?,"Cardiologist hain, 15 saal ka experience.",1143,ڈاکٹر_معلومات_انکوائری
1144,Doctor_Info_Inquiry,casual,Fatima,Dr. Asim,Cardiologist,1500,"MBBS, MD Cardiology, Fellow of American College of Cardiology",15 years,"Asim Heart Clinic, Main Bazaar Road, City Center",3001234567,dr.asim@heartclinic.com,8:00 AM to 7:00 PM,,,Dr. Asim kaunsa doctor hai?,"Cardiologist hain, 15 saal ka experience.",1144,ڈاکٹر_معلومات_انکوائری
1145,Doctor_Info_Inquiry,casual,Farida,Dr. Asim,Cardiologist,1500,"MBBS, MD Cardiology, Fellow of American College of Cardiology",15 years,"Asim Heart Clinic, Main Bazaar Road, City Center",3001234567,dr.asim@heartclinic.com,8:00 AM to 7:00 PM,,,Dr. Asim kaunsa doctor hai?,"Cardiologist hain, 15 saal ka experience.",1145,ڈاکٹر_معلومات_انکوائری
1146,Doctor_Info_Inquiry,casual,Wasim,Dr. Asim,Cardiologist,1500,"MBBS, MD Cardiology, Fellow of American College of Cardiology",15 years,"Asim Heart Clinic, Main Bazaar Road, City Center",3001234567,dr.asim@heartclinic.com,8:00 AM to 7:00 PM,,,Dr. Asim kaunsa doctor hai?,"Cardiologist hain, 15 saal ka experience.",1146,ڈاکٹر_معلومات_انکوائری
1147,Doctor_Info_Inquiry,casual,Aisha,Dr. Asim,Cardiologist,1500,"MBBS, MD Cardiology, Fellow of American College of Cardiology",15 years,"Asim Heart Clinic, Main Bazaar Road, City Center",3001234567,dr.asim@heartclinic.com,8:00 AM to 7:00 PM,,,Dr. Asim kaunsa doctor hai?,"Cardiologist hain, 15 saal ka experience.",1147,ڈاکٹر_معلومات_انکوائری
1148,Doctor_Info_Inquiry,casual,Zainab,Dr. Asim,Cardiologist,1500,"MBBS, MD Cardiology, Fellow of American College of Cardiology",15 years,"Asim Heart Clinic, Main Bazaar Road, City Center",3001234567,dr.asim@heartclinic.com,8:00 AM to 7:00 PM,,,Dr. Asim kaunsa doctor hai?,"Cardiologist hain, 15 saal ka experience.",1148,ڈاکٹر_معلومات_انکوائری
1149,Doctor_Info_Inquiry,casual,Hassan,Dr. Asim,Cardiologist,1500,"MBBS, MD Cardiology, Fellow of American College of Cardiology",15 years,"Asim Heart Clinic, Main Bazaar Road, City Center",3001234567,dr.asim@heartclinic.com,8:00 AM to 7:00 PM,,,Dr. Asim kaunsa doctor hai?,"Cardiologist hain, 15 saal ka experience.",1149,ڈاکٹر_معلومات_انکوائری
1150,Doctor_Info_Inquiry,casual,Bilal,Dr. Asim,Cardiologist,1500,"MBBS, MD Cardiology, Fellow of American College of Cardiology",15 years,"Asim Heart Clinic, Main Bazaar Road, City Center",3001234567,dr.asim@heartclinic.com,8:00 AM to 7:00 PM,,,Dr. Asim kaunsa doctor hai?,"Cardiologist hain, 15 saal ka experience.",1150,ڈاکٹر_معلومات_انکوائری
1151,Doctor_Info_Inquiry,casual,Tariq,Dr. Asim,Cardiologist,1500,"MBBS, MD Cardiology, Fellow of American College of Cardiology",15 years,"Asim Heart Clinic, Main Bazaar Road, City Center",3001234567,dr.asim@heartclinic.com,8:00 AM to 7:00 PM,,,Dr. Asim ke baare mein batao.,"Dil ke expert hain, bohot acche.",1151,ڈاکٹر_معلومات_انکوائری
1152,Doctor_Info_Inquiry,casual,Sara,Dr. Asim,Cardiologist,1500,"MBBS, MD Cardiology, Fellow of American College of Cardiology",15 years,"Asim Heart Clinic, Main Bazaar Road, City Center",3001234567,dr.asim@heartclinic.com,8:00 AM to 7:00 PM,,,Dr. Asim ke baare mein batao.,"Dil ke expert hain, bohot acche.",1152,ڈاکٹر_معلومات_انکوائری
1153,Doctor_Info_Inquiry,casual,Hassan,Dr. Asim,Cardiologist,1500,"MBBS, MD Cardiology, Fellow of American College of Cardiology",15 years,"Asim Heart Clinic, Main Bazaar Road, City Center",3001234567,dr.asim@heartclinic.com,8:00 AM to 7:00 PM,,,Dr. Asim ke baare mein batao.,"Dil ke expert hain, bohot acche.",1153,ڈاکٹر_معلومات_انکوائری
1154,Doctor_Info_Inquiry,casual,Samir,Dr. Asim,Cardiologist,1500,"MBBS, MD Cardiology, Fellow of American College of Cardiology",15 years,"Asim Heart Clinic, Main Bazaar Road, City Center",3001234567,dr.asim@heartclinic.com,8:00 AM to 7:00 PM,,,Dr. Asim ke baare mein batao.,"Dil ke expert hain, bohot acche.",1154,ڈاکٹر_معلومات_انکوائری
1155,Doctor_Info_Inquiry,casual,Ayesha,Dr. Asim,Cardiologist,1500,"MBBS, MD Cardiology, Fellow of American College of Cardiology",15 years,"Asim Heart Clinic, Main Bazaar Road, City Center",3001234567,dr.asim@heartclinic.com,8:00 AM to 7:00 PM,,,Dr. Asim ke baare mein batao.,"Dil ke expert hain, bohot acche.",1155,ڈاکٹر_معلومات_انکوائری
1156,Doctor_Info_Inquiry,casual,Samir,Dr. Asim,Cardiologist,1500,"MBBS, MD Cardiology, Fellow of American College of Cardiology",15 years,"Asim Heart Clinic, Main Bazaar Road, City Center",3001234567,dr.asim@heartclinic.com,8:00 AM to 7:00 PM,,,Dr. Asim ke baare mein batao.,"Dil ke expert hain, bohot acche.",1156,ڈاکٹر_معلومات_انکوائری
1157,Doctor_Info_Inquiry,casual,Hamza,Dr. Asim,Cardiologist,1500,"MBBS, MD Cardiology, Fellow of American College of Cardiology",15 years,"Asim Heart Clinic, Main Bazaar Road, City Center",3001234567,dr.asim@heartclinic.com,8:00 AM to 7:00 PM,,,Dr. Asim ke baare mein batao.,"Dil ke expert hain, bohot acche.",1157,ڈاکٹر_معلومات_انکوائری
1158,Doctor_Info_Inquiry,casual,Layla,Dr. Asim,Cardiologist,1500,"MBBS, MD Cardiology, Fellow of American College of Cardiology",15 years,"Asim Heart Clinic, Main Bazaar Road, City Center",3001234567,dr.asim@heartclinic.com,8:00 AM to 7:00 PM,,,Dr. Asim ke baare mein batao.,"Dil ke expert hain, bohot acche.",1158,ڈاکٹر_معلومات_انکوائری
1159,Doctor_Info_Inquiry,casual,Hassan,Dr. Asim,Cardiologist,1500,"MBBS, MD Cardiology, Fellow of American College of Cardiology",15 years,"Asim Heart Clinic, Main Bazaar Road, City Center",3001234567,dr.asim@heartclinic.com,8:00 AM to 7:00 PM,,,Dr. Asim ke baare mein batao.,"Dil ke expert hain, bohot acche.",1159,ڈاکٹر_معلومات_انکوائری
1160,Doctor_Info_Inquiry,casual,Zainab,Dr. Asim,Cardiologist,1500,"MBBS, MD Cardiology, Fellow of American College of Cardiology",15 years,"Asim Heart Clinic, Main Bazaar Road, City Center",3001234567,dr.asim@heartclinic.com,8:00 AM to 7:00 PM,,,Dr. Asim ke baare mein batao.,"Dil ke expert hain, bohot acche.",1160,ڈاکٹر_معلومات_انکوائری
1161,Doctor_Info_Inquiry,casual,Zainab,Dr. Asim,Cardiologist,1500,"MBBS, MD Cardiology, Fellow of American College of Cardiology",15 years,"Asim Heart Clinic, Main Bazaar Road, City Center",3001234567,dr.asim@heartclinic.com,8:00 AM to 7:00 PM,,,Dr. Asim ke baare mein batao.,"Dil ke expert hain, bohot acche.",1161,ڈاکٹر_معلومات_انکوائری
1162,Doctor_Info_Inquiry,casual,Hira,Dr. Asim,Cardiologist,1500,"MBBS, MD Cardiology, Fellow of American College of Cardiology",15 years,"Asim Heart Clinic, Main Bazaar Road, City Center",3001234567,dr.asim@heartclinic.com,8:00 AM to 7:00 PM,,,Dr. Asim ke baare mein batao.,"Dil ke expert hain, bohot acche.",1162,ڈاکٹر_معلومات_انکوائری
1163,Doctor_Info_Inquiry,casual,Layla,Dr. Asim,Cardiologist,1500,"MBBS, MD Cardiology, Fellow of American College of Cardiology",15 years,"Asim Heart Clinic, Main Bazaar Road, City Center",3001234567,dr.asim@heartclinic.com,8:00 AM to 7:00 PM,,,Dr. Asim ke baare mein batao.,"Dil ke expert hain, bohot acche.",1163,ڈاکٹر_معلومات_انکوائری
1164,Doctor_Info_Inquiry,casual,Samir,Dr. Asim,Cardiologist,1500,"MBBS, MD Cardiology, Fellow of American College of Cardiology",15 years,"Asim Heart Clinic, Main Bazaar Road, City Center",3001234567,dr.asim@heartclinic.com,8:00 AM to 7:00 PM,,,Dr. Asim ke baare mein batao.,"Dil ke expert hain, bohot acche.",1164,ڈاکٹر_معلومات_انکوائری
1165,Doctor_Info_Inquiry,casual,Rashid,Dr. Asim,Cardiologist,1500,"MBBS, MD Cardiology, Fellow of American College of Cardiology",15 years,"Asim Heart Clinic, Main Bazaar Road, City Center",3001234567,dr.asim@heartclinic.com,8:00 AM to 7:00 PM,,,Dr. Asim ke baare mein batao.,"Dil ke expert hain, bohot acche.",1165,ڈاکٹر_معلومات_انکوائری
1166,Doctor_Info_Inquiry,casual,Rukhsana,Dr. Asim,Cardiologist,1500,"MBBS, MD Cardiology, Fellow of American College of Cardiology",15 years,"Asim Heart Clinic, Main Bazaar Road, City Center",3001234567,dr.asim@heartclinic.com,8:00 AM to 7:00 PM,,,Dr. Asim kaun hain?,"Senior cardiologist, bohot experience wale.",1166,ڈاکٹر_معلومات_انکوائری
1167,Doctor_Info_Inquiry,casual,Usman,Dr. Asim,Cardiologist,1500,"MBBS, MD Cardiology, Fellow of American College of Cardiology",15 years,"Asim Heart Clinic, Main Bazaar Road, City Center",3001234567,dr.asim@heartclinic.com,8:00 AM to 7:00 PM,,,Dr. Asim kaun hain?,"Senior cardiologist, bohot experience wale.",1167,ڈاکٹر_معلومات_انکوائری
1168,Doctor_Info_Inquiry,casual,Amina,Dr. Asim,Cardiologist,1500,"MBBS, MD Cardiology, Fellow of American College of Cardiology",15 years,"Asim Heart Clinic, Main Bazaar Road, City Center",3001234567,dr.asim@heartclinic.com,8:00 AM to 7:00 PM,,,Dr. Asim kaun hain?,"Senior cardiologist, bohot experience wale.",1168,ڈاکٹر_معلومات_انکوائری
1169,Doctor_Info_Inquiry,casual,Amina,Dr. Asim,Cardiologist,1500,"MBBS, MD Cardiology, Fellow of American College of Cardiology",15 years,"Asim Heart Clinic, Main Bazaar Road, City Center",3001234567,dr.asim@heartclinic.com,8:00 AM to 7:00 PM,,,Dr. Asim kaun hain?,"Senior cardiologist, bohot experience wale.",1169,ڈاکٹر_معلومات_انکوائری
1170,Doctor_Info_Inquiry,casual,Sana,Dr. Asim,Cardiologist,1500,"MBBS, MD Cardiology, Fellow of American College of Cardiology",15 years,"Asim Heart Clinic, Main Bazaar Road, City Center",3001234567,dr.asim@heartclinic.com,8:00 AM to 7:00 PM,,,Dr. Asim kaun hain?,"Senior cardiologist, bohot experience wale.",1170,ڈاکٹر_معلومات_انکوائری
1171,Doctor_Info_Inquiry,casual,Noor,Dr. Asim,Cardiologist,1500,"MBBS, MD Cardiology, Fellow of American College of Cardiology",15 years,"Asim Heart Clinic, Main Bazaar Road, City Center",3001234567,dr.asim@heartclinic.com,8:00 AM to 7:00 PM,,,Dr. Asim kaun hain?,"Senior cardiologist, bohot experience wale.",1171,ڈاکٹر_معلومات_انکوائری
1172,Doctor_Info_Inquiry,casual,Hassan,Dr. Asim,Cardiologist,1500,"MBBS, MD Cardiology, Fellow of American College of Cardiology",15 years,"Asim Heart Clinic, Main Bazaar Road, City Center",3001234567,dr.asim@heartclinic.com,8:00 AM to 7:00 PM,,,Dr. Asim kaun hain?,"Senior cardiologist, bohot experience wale.",1172,ڈاکٹر_معلومات_انکوائری
1173,Doctor_Info_Inquiry,casual,Sana,Dr. Asim,Cardiologist,1500,"MBBS, MD Cardiology, Fellow of American College of Cardiology",15 years,"Asim Heart Clinic, Main Bazaar Road, City Center",3001234567,dr.asim@heartclinic.com,8:00 AM to 7:00 PM,,,Dr. Asim kaun hain?,"Senior cardiologist, bohot experience wale.",1173,ڈاکٹر_معلومات_انکوائری
1174,Doctor_Info_Inquiry,casual,Samir,Dr. Asim,Cardiologist,1500,"MBBS, MD Cardiology, Fellow of American College of Cardiology",15 years,"Asim Heart Clinic, Main Bazaar Road, City Center",3001234567,dr.asim@heartclinic.com,8:00 AM to 7:00 PM,,,Dr. Asim kaun hain?,"Senior cardiologist, bohot experience wale.",1174,ڈاکٹر_معلومات_انکوائری
1175,Doctor_Info_Inquiry,casual,Amina,Dr. Asim,Cardiologist,1500,"MBBS, MD Cardiology, Fellow of American College of Cardiology",15 years,"Asim Heart Clinic, Main Bazaar Road, City Center",3001234567,dr.asim@heartclinic.com,8:00 AM to 7:00 PM,,,Dr. Asim kaun hain?,"Senior cardiologist, bohot experience wale.",1175,ڈاکٹر_معلومات_انکوائری
1176,Doctor_Info_Inquiry,casual,Zainab,Dr. Asim,Cardiologist,1500,"MBBS, MD Cardiology, Fellow of American College of Cardiology",15 years,"Asim Heart Clinic, Main Bazaar Road, City Center",3001234567,dr.asim@heartclinic.com,8:00 AM to 7:00 PM,,,Dr. Asim kaun hain?,"Senior cardiologist, bohot experience wale.",1176,ڈاکٹر_معلومات_انکوائری
1177,Doctor_Info_Inquiry,casual,Farida,Dr. Asim,Cardiologist,1500,"MBBS, MD Cardiology, Fellow of American College of Cardiology",15 years,"Asim Heart Clinic, Main Bazaar Road, City Center",3001234567,dr.asim@heartclinic.com,8:00 AM to 7:00 PM,,,Dr. Asim kaun hain?,"Senior cardiologist, bohot experience wale.",1177,ڈاکٹر_معلومات_انکوائری
1178,Doctor_Info_Inquiry,casual,Amina,Dr. Asim,Cardiologist,1500,"MBBS, MD Cardiology, Fellow of American College of Cardiology",15 years,"Asim Heart Clinic, Main Bazaar Road, City Center",3001234567,dr.asim@heartclinic.com,8:00 AM to 7:00 PM,,,Dr. Asim kaun hain?,"Senior cardiologist, bohot experience wale.",1178,ڈاکٹر_معلومات_انکوائری
1179,Doctor_Info_Inquiry,casual,Sana,Dr. Asim,Cardiologist,1500,"MBBS, MD Cardiology, Fellow of American College of Cardiology",15 years,"Asim Heart Clinic, Main Bazaar Road, City Center",3001234567,dr.asim@heartclinic.com,8:00 AM to 7:00 PM,,,Dr. Asim kaun hain?,"Senior cardiologist, bohot experience wale.",1179,ڈاکٹر_معلومات_انکوائری
1180,Doctor_Info_Inquiry,casual,Nida,Dr. Asim,Cardiologist,1500,"MBBS, MD Cardiology, Fellow of American College of Cardiology",15 years,"Asim Heart Clinic, Main Bazaar Road, City Center",3001234567,dr.asim@heartclinic.com,8:00 AM to 7:00 PM,,,Dr. Asim kaun hain?,"Senior cardiologist, bohot experience wale.",1180,ڈاکٹر_معلومات_انکوائری
1181,Doctor_Fee_Inquiry,formal,Sara,Dr. Asim,Cardiologist,1500,"MBBS, MD Cardiology, Fellow of American College of Cardiology",15 years,"Asim Heart Clinic, Main Bazaar Road, City Center",3001234567,dr.asim@heartclinic.com,8:00 AM to 7:00 PM,,,What is Dr. Asim's consultation fee?,Dr. Asim charges Rs. 1500 per consultation.,1181,ڈاکٹر_فی_انکوائری
1182,Doctor_Fee_Inquiry,formal,Ayesha,Dr. Asim,Cardiologist,1500,"MBBS, MD Cardiology, Fellow of American College of Cardiology",15 years,"Asim Heart Clinic, Main Bazaar Road, City Center",3001234567,dr.asim@heartclinic.com,8:00 AM to 7:00 PM,,,What is Dr. Asim's consultation fee?,Dr. Asim charges Rs. 1500 per consultation.,1182,ڈاکٹر_فی_انکوائری
1183,Doctor_Fee_Inquiry,formal,Wasim,Dr. Asim,Cardiologist,1500,"MBBS, MD Cardiology, Fellow of American College of Cardiology",15 years,"Asim Heart Clinic, Main Bazaar Road, City Center",3001234567,dr.asim@heartclinic.com,8:00 AM to 7:00 PM,,,What is Dr. Asim's consultation fee?,Dr. Asim charges Rs. 1500 per consultation.,1183,ڈاکٹر_فی_انکوائری
1184,Doctor_Fee_Inquiry,formal,Aisha,Dr. Asim,Cardiologist,1500,"MBBS, MD Cardiology, Fellow of American College of Cardiology",15 years,"Asim Heart Clinic, Main Bazaar Road, City Center",3001234567,dr.asim@heartclinic.com,8:00 AM to 7:00 PM,,,What is Dr. Asim's consultation fee?,Dr. Asim charges Rs. 1500 per consultation.,1184,ڈاکٹر_فی_انکوائری
1185,Doctor_Fee_Inquiry,formal,Sana,Dr. Asim,Cardiologist,1500,"MBBS, MD Cardiology, Fellow of American College of Cardiology",15 years,"Asim Heart Clinic, Main Bazaar Road, City Center",3001234567,dr.asim@heartclinic.com,8:00 AM to 7:00 PM,,,What is Dr. Asim's consultation fee?,Dr. Asim charges Rs. 1500 per consultation.,1185,ڈاکٹر_فی_انکوائری
1186,Doctor_Fee_Inquiry,formal,Rukhsana,Dr. Asim,Cardiologist,1500,"MBBS, MD Cardiology, Fellow of American College of Cardiology",15 years,"Asim Heart Clinic, Main Bazaar Road, City Center",3001234567,dr.asim@heartclinic.com,8:00 AM to 7:00 PM,,,What is Dr. Asim's consultation fee?,Dr. Asim charges Rs. 1500 per consultation.,1186,ڈاکٹر_فی_انکوائری
1187,Doctor_Fee_Inquiry,formal,Amina,Dr. Asim,Cardiologist,1500,"MBBS, MD Cardiology, Fellow of American College of Cardiology",15 years,"Asim Heart Clinic, Main Bazaar Road, City Center",3001234567,dr.asim@heartclinic.com,8:00 AM to 7:00 PM,,,What is Dr. Asim's consultation fee?,Dr. Asim charges Rs. 1500 per consultation.,1187,ڈاکٹر_فی_انکوائری
1188,Doctor_Fee_Inquiry,formal,Usman,Dr. Asim,Cardiologist,1500,"MBBS, MD Cardiology, Fellow of American College of Cardiology",15 years,"Asim Heart Clinic, Main Bazaar Road, City Center",3001234567,dr.asim@heartclinic.com,8:00 AM to 7:00 PM,,,What is Dr. Asim's consultation fee?,Dr. Asim charges Rs. 1500 per consultation.,1188,ڈاکٹر_فی_انکوائری
1189,Doctor_Fee_Inquiry,formal,Samir,Dr. Asim,Cardiologist,1500,"MBBS, MD Cardiology, Fellow of American College of Cardiology",15 years,"Asim Heart Clinic, Main Bazaar Road, City Center",3001234567,dr.asim@heartclinic.com,8:00 AM to 7:00 PM,,,What is Dr. Asim's consultation fee?,Dr. Asim charges Rs. 1500 per consultation.,1189,ڈاکٹر_فی_انکوائری
1190,Doctor_Fee_Inquiry,formal,Tariq,Dr. Asim,Cardiologist,1500,"MBBS, MD Cardiology, Fellow of American College of Cardiology",15 years,"Asim Heart Clinic, Main Bazaar Road, City Center",3001234567,dr.asim@heartclinic.com,8:00 AM to 7:00 PM,,,What is Dr. Asim's consultation fee?,Dr. Asim charges Rs. 1500 per consultation.,1190,ڈاکٹر_فی_انکوائری
1191,Doctor_Fee_Inquiry,formal,Rukhsana,Dr. Asim,Cardiologist,1500,"MBBS, MD Cardiology, Fellow of American College of Cardiology",15 years,"Asim Heart Clinic, Main Bazaar Road, City Center",3001234567,dr.asim@heartclinic.com,8:00 AM to 7:00 PM,,,What is Dr. Asim's consultation fee?,Dr. Asim charges Rs. 1500 per consultation.,1191,ڈاکٹر_فی_انکوائری
1192,Doctor_Fee_Inquiry,formal,Ayesha,Dr. Asim,Cardiologist,1500,"MBBS, MD Cardiology, Fellow of American College of Cardiology",15 years,"Asim Heart Clinic, Main Bazaar Road, City Center",3001234567,dr.asim@heartclinic.com,8:00 AM to 7:00 PM,,,What is Dr. Asim's consultation fee?,Dr. Asim charges Rs. 1500 per consultation.,1192,ڈاکٹر_فی_انکوائری
1193,Doctor_Fee_Inquiry,formal,Hamza,Dr. Asim,Cardiologist,1500,"MBBS, MD Cardiology, Fellow of American College of Cardiology",15 years,"Asim Heart Clinic, Main Bazaar Road, City Center",3001234567,dr.asim@heartclinic.com,8:00 AM to 7:00 PM,,,What is Dr. Asim's consultation fee?,Dr. Asim charges Rs. 1500 per consultation.,1193,ڈاکٹر_فی_انکوائری
1194,Doctor_Fee_Inquiry,formal,Bilal,Dr. Asim,Cardiologist,1500,"MBBS, MD Cardiology, Fellow of American College of Cardiology",15 years,"Asim Heart Clinic, Main Bazaar Road, City Center",3001234567,dr.asim@heartclinic.com,8:00 AM to 7:00 PM,,,What is Dr. Asim's consultation fee?,Dr. Asim charges Rs. 1500 per consultation.,1194,ڈاکٹر_فی_انکوائری
1195,Doctor_Fee_Inquiry,formal,Hassan,Dr. Asim,Cardiologist,1500,"MBBS, MD Cardiology, Fellow of American College of Cardiology",15 years,"Asim Heart Clinic, Main Bazaar Road, City Center",3001234567,dr.asim@heartclinic.com,8:00 AM to 7:00 PM,,,What is Dr. Asim's consultation fee?,Dr. Asim charges Rs. 1500 per consultation.,1195,ڈاکٹر_فی_انکوائری
1196,Doctor_Fee_Inquiry,formal,Rashid,Dr. Asim,Cardiologist,1500,"MBBS, MD Cardiology, Fellow of American College of Cardiology",15 years,"Asim Heart Clinic, Main Bazaar Road, City Center",3001234567,dr.asim@heartclinic.com,8:00 AM to 7:00 PM,,,What is Dr. Asim's consultation fee?,Dr. Asim charges Rs. 1500 per consultation.,1196,ڈاکٹر_فی_انکوائری
1197,Doctor_Fee_Inquiry,formal,Samir,Dr. Asim,Cardiologist,1500,"MBBS, MD Cardiology, Fellow of American College of Cardiology",15 years,"Asim Heart Clinic, Main Bazaar Road, City Center",3001234567,dr.asim@heartclinic.com,8:00 AM to 7:00 PM,,,What is Dr. Asim's consultation fee?,Dr. Asim charges Rs. 1500 per consultation.,1197,ڈاکٹر_فی_انکوائری
1198,Doctor_Fee_Inquiry,formal,Mina,Dr. Asim,Cardiologist,1500,"MBBS, MD Cardiology, Fellow of American College of Cardiology",15 years,"Asim Heart Clinic, Main Bazaar Road, City Center",3001234567,dr.asim@heartclinic.com,8:00 AM to 7:00 PM,,,What is Dr. Asim's consultation fee?,Dr. Asim charges Rs. 1500 per consultation.,1198,ڈاکٹر_فی_انکوائری
1199,Doctor_Fee_Inquiry,formal,Samir,Dr. Asim,Cardiologist,1500,"MBBS, MD Cardiology, Fellow of American College of Cardiology",15 years,"Asim Heart Clinic, Main Bazaar Road, City Center",3001234567,dr.asim@heartclinic.com,8:00 AM to 7:00 PM,,,How much does Dr. Asim charge?,The fee is Rs. 1500.,1199,ڈاکٹر_فی_انکوائری
1200,Doctor_Fee_Inquiry,formal,Bilal,Dr. Asim,Cardiologist,1500,"MBBS, MD Cardiology, Fellow of American College of Cardiology",15 years,"Asim Heart Clinic, Main Bazaar Road, City Center",3001234567,dr.asim@heartclinic.com,8:00 AM to 7:00 PM,,,How much does Dr. Asim charge?,The fee is Rs. 1500.,1200,ڈاکٹر_فی_انکوائری
1201,Doctor_Fee_Inquiry,formal,Nida,Dr. Asim,Cardiologist,1500,"MBBS, MD Cardiology, Fellow of American College of Cardiology",15 years,"Asim Heart Clinic, Main Bazaar Road, City Center",3001234567,dr.asim@heartclinic.com,8:00 AM to 7:00 PM,,,How much does Dr. Asim charge?,The fee is Rs. 1500.,1201,ڈاکٹر_فی_انکوائری
1202,Doctor_Fee_Inquiry,formal,Mina,Dr. Asim,Cardiologist,1500,"MBBS, MD Cardiology, Fellow of American College of Cardiology",15 years,"Asim Heart Clinic, Main Bazaar Road, City Center",3001234567,dr.asim@heartclinic.com,8:00 AM to 7:00 PM,,,How much does Dr. Asim charge?,The fee is Rs. 1500.,1202,ڈاکٹر_فی_انکوائری
1203,Doctor_Fee_Inquiry,formal,Malik,Dr. Asim,Cardiologist,1500,"MBBS, MD Cardiology, Fellow of American College of Cardiology",15 years,"Asim Heart Clinic, Main Bazaar Road, City Center",3001234567,dr.asim@heartclinic.com,8:00 AM to 7:00 PM,,,How much does Dr. Asim charge?,The fee is Rs. 1500.,1203,ڈاکٹر_فی_انکوائری
1204,Doctor_Fee_Inquiry,formal,Hira,Dr. Asim,Cardiologist,1500,"MBBS, MD Cardiology, Fellow of American College of Cardiology",15 years,"Asim Heart Clinic, Main Bazaar Road, City Center",3001234567,dr.asim@heartclinic.com,8:00 AM to 7:00 PM,,,How much does Dr. Asim charge?,The fee is Rs. 1500.,1204,ڈاکٹر_فی_انکوائری
1205,Doctor_Fee_Inquiry,formal,Fatima,Dr. Asim,Cardiologist,1500,"MBBS, MD Cardiology, Fellow of American College of Cardiology",15 years,"Asim Heart Clinic, Main Bazaar Road, City Center",3001234567,dr.asim@heartclinic.com,8:00 AM to 7:00 PM,,,How much does Dr. Asim charge?,The fee is Rs. 1500.,1205,ڈاکٹر_فی_انکوائری
1206,Doctor_Fee_Inquiry,formal,Hira,Dr. Asim,Cardiologist,1500,"MBBS, MD Cardiology, Fellow of American College of Cardiology",15 years,"Asim Heart Clinic, Main Bazaar Road, City Center",3001234567,dr.asim@heartclinic.com,8:00 AM to 7:00 PM,,,How much does Dr. Asim charge?,The fee is Rs. 1500.,1206,ڈاکٹر_فی_انکوائری
1207,Doctor_Fee_Inquiry,formal,Hira,Dr. Asim,Cardiologist,1500,"MBBS, MD Cardiology, Fellow of American College of Cardiology",15 years,"Asim Heart Clinic, Main Bazaar Road, City Center",3001234567,dr.asim@heartclinic.com,8:00 AM to 7:00 PM,,,How much does Dr. Asim charge?,The fee is Rs. 1500.,1207,ڈاکٹر_فی_انکوائری
1208,Doctor_Fee_Inquiry,formal,Ali,Dr. Asim,Cardiologist,1500,"MBBS, MD Cardiology, Fellow of American College of Cardiology",15 years,"Asim Heart Clinic, Main Bazaar Road, City Center",3001234567,dr.asim@heartclinic.com,8:00 AM to 7:00 PM,,,How much does Dr. Asim charge?,The fee is Rs. 1500.,1208,ڈاکٹر_فی_انکوائری
1209,Doctor_Fee_Inquiry,formal,Noor,Dr. Asim,Cardiologist,1500,"MBBS, MD Cardiology, Fellow of American College of Cardiology",15 years,"Asim Heart Clinic, Main Bazaar Road, City Center",3001234567,dr.asim@heartclinic.com,8:00 AM to 7:00 PM,,,How much does Dr. Asim charge?,The fee is Rs. 1500.,1209,ڈاکٹر_فی_انکوائری
1210,Doctor_Fee_Inquiry,formal,Noor,Dr. Asim,Cardiologist,1500,"MBBS, MD Cardiology, Fellow of American College of Cardiology",15 years,"Asim Heart Clinic, Main Bazaar Road, City Center",3001234567,dr.asim@heartclinic.com,8:00 AM to 7:00 PM,,,How much does Dr. Asim charge?,The fee is Rs. 1500.,1210,ڈاکٹر_فی_انکوائری
1211,Doctor_Fee_Inquiry,formal,Rukhsana,Dr. Asim,Cardiologist,1500,"MBBS, MD Cardiology, Fellow of American College of Cardiology",15 years,"Asim Heart Clinic, Main Bazaar Road, City Center",3001234567,dr.asim@heartclinic.com,8:00 AM to 7:00 PM,,,How much does Dr. Asim charge?,The fee is Rs. 1500.,1211,ڈاکٹر_فی_انکوائری
1212,Doctor_Fee_Inquiry,formal,Rashid,Dr. Asim,Cardiologist,1500,"MBBS, MD Cardiology, Fellow of American College of Cardiology",15 years,"Asim Heart Clinic, Main Bazaar Road, City Center",3001234567,dr.asim@heartclinic.com,8:00 AM to 7:00 PM,,,How much does Dr. Asim charge?,The fee is Rs. 1500.,1212,ڈاکٹر_فی_انکوائری
1213,Doctor_Fee_Inquiry,formal,Ahmed,Dr. Asim,Cardiologist,1500,"MBBS, MD Cardiology, Fellow of American College of Cardiology",15 years,"Asim Heart Clinic, Main Bazaar Road, City Center",3001234567,dr.asim@heartclinic.com,8:00 AM to 7:00 PM,,,How much does Dr. Asim charge?,The fee is Rs. 1500.,1213,ڈاکٹر_فی_انکوائری
1214,Doctor_Fee_Inquiry,formal,Usman,Dr. Asim,Cardiologist,1500,"MBBS, MD Cardiology, Fellow of American College of Cardiology",15 years,"Asim Heart Clinic, Main Bazaar Road, City Center",3001234567,dr.asim@heartclinic.com,8:00 AM to 7:00 PM,,,How much does Dr. Asim charge?,The fee is Rs. 1500.,1214,ڈاکٹر_فی_انکوائری
1215,Doctor_Fee_Inquiry,formal,Layla,Dr. Asim,Cardiologist,1500,"MBBS, MD Cardiology, Fellow of American College of Cardiology",15 years,"Asim Heart Clinic, Main Bazaar Road, City Center",3001234567,dr.asim@heartclinic.com,8:00 AM to 7:00 PM,,,How much does Dr. Asim charge?,The fee is Rs. 1500.,1215,ڈاکٹر_فی_انکوائری
1216,Doctor_Fee_Inquiry,formal,Mina,Dr. Asim,Cardiologist,1500,"MBBS, MD Cardiology, Fellow of American College of Cardiology",15 years,"Asim Heart Clinic, Main Bazaar Road, City Center",3001234567,dr.asim@heartclinic.com,8:00 AM to 7:00 PM,,,How much does Dr. Asim charge?,The fee is Rs. 1500.,1216,ڈاکٹر_فی_انکوائری
1217,Doctor_Fee_Inquiry,formal,Ahmed,Dr. Asim,Cardiologist,1500,"MBBS, MD Cardiology, Fellow of American College of Cardiology",15 years,"Asim Heart Clinic, Main Bazaar Road, City Center",3001234567,dr.asim@heartclinic.com,8:00 AM to 7:00 PM,,,What are Dr. Asim's fees?,Dr. Asim's consultation fee is Rs. 1500.,1217,ڈاکٹر_فی_انکوائری
1218,Doctor_Fee_Inquiry,formal,Farida,Dr. Asim,Cardiologist,1500,"MBBS, MD Cardiology, Fellow of American College of Cardiology",15 years,"Asim Heart Clinic, Main Bazaar Road, City Center",3001234567,dr.asim@heartclinic.com,8:00 AM to 7:00 PM,,,What are Dr. Asim's fees?,Dr. Asim's consultation fee is Rs. 1500.,1218,ڈاکٹر_فی_انکوائری
1219,Doctor_Fee_Inquiry,formal,Wasim,Dr. Asim,Cardiologist,1500,"MBBS, MD Cardiology, Fellow of American College of Cardiology",15 years,"Asim Heart Clinic, Main Bazaar Road, City Center",3001234567,dr.asim@heartclinic.com,8:00 AM to 7:00 PM,,,What are Dr. Asim's fees?,Dr. Asim's consultation fee is Rs. 1500.,1219,ڈاکٹر_فی_انکوائری
1220,Doctor_Fee_Inquiry,formal,Fatima,Dr. Asim,Cardiologist,1500,"MBBS, MD Cardiology, Fellow of American College of Cardiology",15 years,"Asim Heart Clinic, Main Bazaar Road, City Center",3001234567,dr.asim@heartclinic.com,8:00 AM to 7:00 PM,,,What are Dr. Asim's fees?,Dr. Asim's consultation fee is Rs. 1500.,1220,ڈاکٹر_فی_انکوائری
1221,Doctor_Fee_Inquiry,formal,Amina,Dr. Asim,Cardiologist,1500,"MBBS, MD Cardiology, Fellow of American College of Cardiology",15 years,"Asim Heart Clinic, Main Bazaar Road, City Center",3001234567,dr.asim@heartclinic.com,8:00 AM to 7:00 PM,,,What are Dr. Asim's fees?,Dr. Asim's consultation fee is Rs. 1500.,1221,ڈاکٹر_فی_انکوائری
1222,Doctor_Fee_Inquiry,formal,Nasrin,Dr. Asim,Cardiologist,1500,"MBBS, MD Cardiology, Fellow of American College of Cardiology",15 years,"Asim Heart Clinic, Main Bazaar Road, City Center",3001234567,dr.asim@heartclinic.com,8:00 AM to 7:00 PM,,,What are Dr. Asim's fees?,Dr. Asim's consultation fee is Rs. 1500.,1222,ڈاکٹر_فی_انکوائری
1223,Doctor_Fee_Inquiry,formal,Noor,Dr. Asim,Cardiologist,1500,"MBBS, MD Cardiology, Fellow of American College of Cardiology",15 years,"Asim Heart Clinic, Main Bazaar Road, City Center",3001234567,dr.asim@heartclinic.com,8:00 AM to 7:00 PM,,,What are Dr. Asim's fees?,Dr. Asim's consultation fee is Rs. 1500.,1223,ڈاکٹر_فی_انکوائری
1224,Doctor_Fee_Inquiry,formal,Rashid,Dr. Asim,Cardiologist,1500,"MBBS, MD Cardiology, Fellow of American College of Cardiology",15 years,"Asim Heart Clinic, Main Bazaar Road, City Center",3001234567,dr.asim@heartclinic.com,8:00 AM to 7:00 PM,,,What are Dr. Asim's fees?,Dr. Asim's consultation fee is Rs. 1500.,1224,ڈاکٹر_فی_انکوائری
1225,Doctor_Fee_Inquiry,formal,Usman,Dr. Asim,Cardiologist,1500,"MBBS, MD Cardiology, Fellow of American College of Cardiology",15 years,"Asim Heart Clinic, Main Bazaar Road, City Center",3001234567,dr.asim@heartclinic.com,8:00 AM to 7:00 PM,,,What are Dr. Asim's fees?,Dr. Asim's consultation fee is Rs. 1500.,1225,ڈاکٹر_فی_انکوائری
1226,Doctor_Fee_Inquiry,formal,Sara,Dr. Asim,Cardiologist,1500,"MBBS, MD Cardiology, Fellow of American College of Cardiology",15 years,"Asim Heart Clinic, Main Bazaar Road, City Center",3001234567,dr.asim@heartclinic.com,8:00 AM to 7:00 PM,,,What are Dr. Asim's fees?,Dr. Asim's consultation fee is Rs. 1500.,1226,ڈاکٹر_فی_انکوائری
1227,Doctor_Fee_Inquiry,formal,Ali,Dr. Asim,Cardiologist,1500,"MBBS, MD Cardiology, Fellow of American College of Cardiology",15 years,"Asim Heart Clinic, Main Bazaar Road, City Center",3001234567,dr.asim@heartclinic.com,8:00 AM to 7:00 PM,,,What are Dr. Asim's fees?,Dr. Asim's consultation fee is Rs. 1500.,1227,ڈاکٹر_فی_انکوائری
1228,Doctor_Fee_Inquiry,formal,Wasim,Dr. Asim,Cardiologist,1500,"MBBS, MD Cardiology, Fellow of American College of Cardiology",15 years,"Asim Heart Clinic, Main Bazaar Road, City Center",3001234567,dr.asim@heartclinic.com,8:00 AM to 7:00 PM,,,What are Dr. Asim's fees?,Dr. Asim's consultation fee is Rs. 1500.,1228,ڈاکٹر_فی_انکوائری
1229,Doctor_Fee_Inquiry,formal,Usman,Dr. Asim,Cardiologist,1500,"MBBS, MD Cardiology, Fellow of American College of Cardiology",15 years,"Asim Heart Clinic, Main Bazaar Road, City Center",3001234567,dr.asim@heartclinic.com,8:00 AM to 7:00 PM,,,What are Dr. Asim's fees?,Dr. Asim's consultation fee is Rs. 1500.,1229,ڈاکٹر_فی_انکوائری
1230,Doctor_Fee_Inquiry,formal,Salim,Dr. Asim,Cardiologist,1500,"MBBS, MD Cardiology, Fellow of American College of Cardiology",15 years,"Asim Heart Clinic, Main Bazaar Road, City Center",3001234567,dr.asim@heartclinic.com,8:00 AM to 7:00 PM,,,What are Dr. Asim's fees?,Dr. Asim's consultation fee is Rs. 1500.,1230,ڈاکٹر_فی_انکوائری
1231,Doctor_Fee_Inquiry,formal,Bilal,Dr. Asim,Cardiologist,1500,"MBBS, MD Cardiology, Fellow of American College of Cardiology",15 years,"Asim Heart Clinic, Main Bazaar Road, City Center",3001234567,dr.asim@heartclinic.com,8:00 AM to 7:00 PM,,,What are Dr. Asim's fees?,Dr. Asim's consultation fee is Rs. 1500.,1231,ڈاکٹر_فی_انکوائری
1232,Doctor_Fee_Inquiry,formal,Sara,Dr. Asim,Cardiologist,1500,"MBBS, MD Cardiology, Fellow of American College of Cardiology",15 years,"Asim Heart Clinic, Main Bazaar Road, City Center",3001234567,dr.asim@heartclinic.com,8:00 AM to 7:00 PM,,,What are Dr. Asim's fees?,Dr. Asim's consultation fee is Rs. 1500.,1232,ڈاکٹر_فی_انکوائری
1233,Doctor_Fee_Inquiry,formal,Salim,Dr. Asim,Cardiologist,1500,"MBBS, MD Cardiology, Fellow of American College of Cardiology",15 years,"Asim Heart Clinic, Main Bazaar Road, City Center",3001234567,dr.asim@heartclinic.com,8:00 AM to 7:00 PM,,,What are Dr. Asim's fees?,Dr. Asim's consultation fee is Rs. 1500.,1233,ڈاکٹر_فی_انکوائری
1234,Doctor_Fee_Inquiry,formal,Noor,Dr. Asim,Cardiologist,1500,"MBBS, MD Cardiology, Fellow of American College of Cardiology",15 years,"Asim Heart Clinic, Main Bazaar Road, City Center",3001234567,dr.asim@heartclinic.com,8:00 AM to 7:00 PM,,,What are Dr. Asim's fees?,Dr. Asim's consultation fee is Rs. 1500.,1234,ڈاکٹر_فی_انکوائری
1235,Doctor_Fee_Inquiry,casual,Usman,Dr. Asim,Cardiologist,1500,"MBBS, MD Cardiology, Fellow of American College of Cardiology",15 years,"Asim Heart Clinic, Main Bazaar Road, City Center",3001234567,dr.asim@heartclinic.com,8:00 AM to 7:00 PM,,,Dr. Asim ka fee kya hai?,Rs. 1500 hai beta.,1235,ڈاکٹر_فی_انکوائری
1236,Doctor_Fee_Inquiry,casual,Ayesha,Dr. Asim,Cardiologist,1500,"MBBS, MD Cardiology, Fellow of American College of Cardiology",15 years,"Asim Heart Clinic, Main Bazaar Road, City Center",3001234567,dr.asim@heartclinic.com,8:00 AM to 7:00 PM,,,Dr. Asim ka fee kya hai?,Rs. 1500 hai beta.,1236,ڈاکٹر_فی_انکوائری
1237,Doctor_Fee_Inquiry,casual,Hassan,Dr. Asim,Cardiologist,1500,"MBBS, MD Cardiology, Fellow of American College of Cardiology",15 years,"Asim Heart Clinic, Main Bazaar Road, City Center",3001234567,dr.asim@heartclinic.com,8:00 AM to 7:00 PM,,,Dr. Asim ka fee kya hai?,Rs. 1500 hai beta.,1237,ڈاکٹر_فی_انکوائری
1238,Doctor_Fee_Inquiry,casual,Mina,Dr. Asim,Cardiologist,1500,"MBBS, MD Cardiology, Fellow of American College of Cardiology",15 years,"Asim Heart Clinic, Main Bazaar Road, City Center",3001234567,dr.asim@heartclinic.com,8:00 AM to 7:00 PM,,,Dr. Asim ka fee kya hai?,Rs. 1500 hai beta.,1238,ڈاکٹر_فی_انکوائری
1239,Doctor_Fee_Inquiry,casual,Bilal,Dr. Asim,Cardiologist,1500,"MBBS, MD Cardiology, Fellow of American College of Cardiology",15 years,"Asim Heart Clinic, Main Bazaar Road, City Center",3001234567,dr.asim@heartclinic.com,8:00 AM to 7:00 PM,,,Dr. Asim ka fee kya hai?,Rs. 1500 hai beta.,1239,ڈاکٹر_فی_انکوائری
1240,Doctor_Fee_Inquiry,casual,Faisal,Dr. Asim,Cardiologist,1500,"MBBS, MD Cardiology, Fellow of American College of Cardiology",15 years,"Asim Heart Clinic, Main Bazaar Road, City Center",3001234567,dr.asim@heartclinic.com,8:00 AM to 7:00 PM,,,Dr. Asim ka fee kya hai?,Rs. 1500 hai beta.,1240,ڈاکٹر_فی_انکوائری
1241,Doctor_Fee_Inquiry,casual,Bilal,Dr. Asim,Cardiologist,1500,"MBBS, MD Cardiology, Fellow of American College of Cardiology",15 years,"Asim Heart Clinic, Main Bazaar Road, City Center",3001234567,dr.asim@heartclinic.com,8:00 AM to 7:00 PM,,,Dr. Asim ka fee kya hai?,Rs. 1500 hai beta.,1241,ڈاکٹر_فی_انکوائری
1242,Doctor_Fee_Inquiry,casual,Layla,Dr. Asim,Cardiologist,1500,"MBBS, MD Cardiology, Fellow of American College of Cardiology",15 years,"Asim Heart Clinic, Main Bazaar Road, City Center",3001234567,dr.asim@heartclinic.com,8:00 AM to 7:00 PM,,,Dr. Asim ka fee kya hai?,Rs. 1500 hai beta.,1242,ڈاکٹر_فی_انکوائری
1243,Doctor_Fee_Inquiry,casual,Hassan,Dr. Asim,Cardiologist,1500,"MBBS, MD Cardiology, Fellow of American College of Cardiology",15 years,"Asim Heart Clinic, Main Bazaar Road, City Center",3001234567,dr.asim@heartclinic.com,8:00 AM to 7:00 PM,,,Dr. Asim ka fee kya hai?,Rs. 1500 hai beta.,1243,ڈاکٹر_فی_انکوائری
1244,Doctor_Fee_Inquiry,casual,Wasim,Dr. Asim,Cardiologist,1500,"MBBS, MD Cardiology, Fellow of American College of Cardiology",15 years,"Asim Heart Clinic, Main Bazaar Road, City Center",3001234567,dr.asim@heartclinic.com,8:00 AM to 7:00 PM,,,Dr. Asim ka fee kya hai?,Rs. 1500 hai beta.,1244,ڈاکٹر_فی_انکوائری
1245,Doctor_Fee_Inquiry,casual,Samir,Dr. Asim,Cardiologist,1500,"MBBS, MD Cardiology, Fellow of American College of Cardiology",15 years,"Asim Heart Clinic, Main Bazaar Road, City Center",3001234567,dr.asim@heartclinic.com,8:00 AM to 7:00 PM,,,Dr. Asim ka fee kya hai?,Rs. 1500 hai beta.,1245,ڈاکٹر_فی_انکوائری
1246,Doctor_Fee_Inquiry,casual,Faisal,Dr. Asim,Cardiologist,1500,"MBBS, MD Cardiology, Fellow of American College of Cardiology",15 years,"Asim Heart Clinic, Main Bazaar Road, City Center",3001234567,dr.asim@heartclinic.com,8:00 AM to 7:00 PM,,,Dr. Asim ka fee kya hai?,Rs. 1500 hai beta.,1246,ڈاکٹر_فی_انکوائری
1247,Doctor_Fee_Inquiry,casual,Noor,Dr. Asim,Cardiologist,1500,"MBBS, MD Cardiology, Fellow of American College of Cardiology",15 years,"Asim Heart Clinic, Main Bazaar Road, City Center",3001234567,dr.asim@heartclinic.com,8:00 AM to 7:00 PM,,,Dr. Asim ka fee kya hai?,Rs. 1500 hai beta.,1247,ڈاکٹر_فی_انکوائری
1248,Doctor_Fee_Inquiry,casual,Amina,Dr. Asim,Cardiologist,1500,"MBBS, MD Cardiology, Fellow of American College of Cardiology",15 years,"Asim Heart Clinic, Main Bazaar Road, City Center",3001234567,dr.asim@heartclinic.com,8:00 AM to 7:00 PM,,,Dr. Asim ka fee kya hai?,Rs. 1500 hai beta.,1248,ڈاکٹر_فی_انکوائری
1249,Doctor_Fee_Inquiry,casual,Hira,Dr. Asim,Cardiologist,1500,"MBBS, MD Cardiology, Fellow of American College of Cardiology",15 years,"Asim Heart Clinic, Main Bazaar Road, City Center",3001234567,dr.asim@heartclinic.com,8:00 AM to 7:00 PM,,,Dr. Asim ka fee kya hai?,Rs. 1500 hai beta.,1249,ڈاکٹر_فی_انکوائری
1250,Doctor_Fee_Inquiry,casual,Hamza,Dr. Asim,Cardiologist,1500,"MBBS, MD Cardiology, Fellow of American College of Cardiology",15 years,"Asim Heart Clinic, Main Bazaar Road, City Center",3001234567,dr.asim@heartclinic.com,8:00 AM to 7:00 PM,,,Dr. Asim ka fee kya hai?,Rs. 1500 hai beta.,1250,ڈاکٹر_فی_انکوائری
1251,Doctor_Fee_Inquiry,casual,Karim,Dr. Asim,Cardiologist,1500,"MBBS, MD Cardiology, Fellow of American College of Cardiology",15 years,"Asim Heart Clinic, Main Bazaar Road, City Center",3001234567,dr.asim@heartclinic.com,8:00 AM to 7:00 PM,,,Dr. Asim ka fee kya hai?,Rs. 1500 hai beta.,1251,ڈاکٹر_فی_انکوائری
1252,Doctor_Fee_Inquiry,casual,Rukhsana,Dr. Asim,Cardiologist,1500,"MBBS, MD Cardiology, Fellow of American College of Cardiology",15 years,"Asim Heart Clinic, Main Bazaar Road, City Center",3001234567,dr.asim@heartclinic.com,8:00 AM to 7:00 PM,,,Dr. Asim ka fee kya hai?,Rs. 1500 hai beta.,1252,ڈاکٹر_فی_انکوائری
1253,Doctor_Fee_Inquiry,casual,Bilal,Dr. Asim,Cardiologist,1500,"MBBS, MD Cardiology, Fellow of American College of Cardiology",15 years,"Asim Heart Clinic, Main Bazaar Road, City Center",3001234567,dr.asim@heartclinic.com,8:00 AM to 7:00 PM,,,Kitna maanga hai Dr. Asim?,Rs. 1500.,1253,ڈاکٹر_فی_انکوائری
1254,Doctor_Fee_Inquiry,casual,Tariq,Dr. Asim,Cardiologist,1500,"MBBS, MD Cardiology, Fellow of American College of Cardiology",15 years,"Asim Heart Clinic, Main Bazaar Road, City Center",3001234567,dr.asim@heartclinic.com,8:00 AM to 7:00 PM,,,Kitna maanga hai Dr. Asim?,Rs. 1500.,1254,ڈاکٹر_فی_انکوائری
1255,Doctor_Fee_Inquiry,casual,Usman,Dr. Asim,Cardiologist,1500,"MBBS, MD Cardiology, Fellow of American College of Cardiology",15 years,"Asim Heart Clinic, Main Bazaar Road, City Center",3001234567,dr.asim@heartclinic.com,8:00 AM to 7:00 PM,,,Kitna maanga hai Dr. Asim?,Rs. 1500.,1255,ڈاکٹر_فی_انکوائری
1256,Doctor_Fee_Inquiry,casual,Hassan,Dr. Asim,Cardiologist,1500,"MBBS, MD Cardiology, Fellow of American College of Cardiology",15 years,"Asim Heart Clinic, Main Bazaar Road, City Center",3001234567,dr.asim@heartclinic.com,8:00 AM to 7:00 PM,,,Kitna maanga hai Dr. Asim?,Rs. 1500.,1256,ڈاکٹر_فی_انکوائری
1257,Doctor_Fee_Inquiry,casual,Fatima,Dr. Asim,Cardiologist,1500,"MBBS, MD Cardiology, Fellow of American College of Cardiology",15 years,"Asim Heart Clinic, Main Bazaar Road, City Center",3001234567,dr.asim@heartclinic.com,8:00 AM to 7:00 PM,,,Kitna maanga hai Dr. Asim?,Rs. 1500.,1257,ڈاکٹر_فی_انکوائری
1258,Doctor_Fee_Inquiry,casual,Hassan,Dr. Asim,Cardiologist,1500,"MBBS, MD Cardiology, Fellow of American College of Cardiology",15 years,"Asim Heart Clinic, Main Bazaar Road, City Center",3001234567,dr.asim@heartclinic.com,8:00 AM to 7:00 PM,,,Kitna maanga hai Dr. Asim?,Rs. 1500.,1258,ڈاکٹر_فی_انکوائری
1259,Doctor_Fee_Inquiry,casual,Hassan,Dr. Asim,Cardiologist,1500,"MBBS, MD Cardiology, Fellow of American College of Cardiology",15 years,"Asim Heart Clinic, Main Bazaar Road, City Center",3001234567,dr.asim@heartclinic.com,8:00 AM to 7:00 PM,,,Kitna maanga hai Dr. Asim?,Rs. 1500.,1259,ڈاکٹر_فی_انکوائری
1260,Doctor_Fee_Inquiry,casual,Wasim,Dr. Asim,Cardiologist,1500,"MBBS, MD Cardiology, Fellow of American College of Cardiology",15 years,"Asim Heart Clinic, Main Bazaar Road, City Center",3001234567,dr.asim@heartclinic.com,8:00 AM to 7:00 PM,,,Kitna maanga hai Dr. Asim?,Rs. 1500.,1260,ڈاکٹر_فی_انکوائری
1261,Doctor_Fee_Inquiry,casual,Amina,Dr. Asim,Cardiologist,1500,"MBBS, MD Cardiology, Fellow of American College of Cardiology",15 years,"Asim Heart Clinic, Main Bazaar Road, City Center",3001234567,dr.asim@heartclinic.com,8:00 AM to 7:00 PM,,,Kitna maanga hai Dr. Asim?,Rs. 1500.,1261,ڈاکٹر_فی_انکوائری
1262,Doctor_Fee_Inquiry,casual,Salim,Dr. Asim,Cardiologist,1500,"MBBS, MD Cardiology, Fellow of American College of Cardiology",15 years,"Asim Heart Clinic, Main Bazaar Road, City Center",3001234567,dr.asim@heartclinic.com,8:00 AM to 7:00 PM,,,Kitna maanga hai Dr. Asim?,Rs. 1500.,1262,ڈاکٹر_فی_انکوائری
1263,Doctor_Fee_Inquiry,casual,Noor,Dr. Asim,Cardiologist,1500,"MBBS, MD Cardiology, Fellow of American College of Cardiology",15 years,"Asim Heart Clinic, Main Bazaar Road, City Center",3001234567,dr.asim@heartclinic.com,8:00 AM to 7:00 PM,,,Kitna maanga hai Dr. Asim?,Rs. 1500.,1263,ڈاکٹر_فی_انکوائری
1264,Doctor_Fee_Inquiry,casual,Hassan,Dr. Asim,Cardiologist,1500,"MBBS, MD Cardiology, Fellow of American College of Cardiology",15 years,"Asim Heart Clinic, Main Bazaar Road, City Center",3001234567,dr.asim@heartclinic.com,8:00 AM to 7:00 PM,,,Kitna maanga hai Dr. Asim?,Rs. 1500.,1264,ڈاکٹر_فی_انکوائری
1265,Doctor_Fee_Inquiry,casual,Ali,Dr. Asim,Cardiologist,1500,"MBBS, MD Cardiology, Fellow of American College of Cardiology",15 years,"Asim Heart Clinic, Main Bazaar Road, City Center",3001234567,dr.asim@heartclinic.com,8:00 AM to 7:00 PM,,,Kitna maanga hai Dr. Asim?,Rs. 1500.,1265,ڈاکٹر_فی_انکوائری
1266,Doctor_Fee_Inquiry,casual,Farida,Dr. Asim,Cardiologist,1500,"MBBS, MD Cardiology, Fellow of American College of Cardiology",15 years,"Asim Heart Clinic, Main Bazaar Road, City Center",3001234567,dr.asim@heartclinic.com,8:00 AM to 7:00 PM,,,Kitna maanga hai Dr. Asim?,Rs. 1500.,1266,ڈاکٹر_فی_انکوائری
1267,Doctor_Fee_Inquiry,casual,Noor,Dr. Asim,Cardiologist,1500,"MBBS, MD Cardiology, Fellow of American College of Cardiology",15 years,"Asim Heart Clinic, Main Bazaar Road, City Center",3001234567,dr.asim@heartclinic.com,8:00 AM to 7:00 PM,,,Kitna maanga hai Dr. Asim?,Rs. 1500.,1267,ڈاکٹر_فی_انکوائری
1268,Doctor_Fee_Inquiry,casual,Bilal,Dr. Asim,Cardiologist,1500,"MBBS, MD Cardiology, Fellow of American College of Cardiology",15 years,"Asim Heart Clinic, Main Bazaar Road, City Center",3001234567,dr.asim@heartclinic.com,8:00 AM to 7:00 PM,,,Kitna maanga hai Dr. Asim?,Rs. 1500.,1268,ڈاکٹر_فی_انکوائری
1269,Doctor_Fee_Inquiry,casual,Mina,Dr. Asim,Cardiologist,1500,"MBBS, MD Cardiology, Fellow of American College of Cardiology",15 years,"Asim Heart Clinic, Main Bazaar Road, City Center",3001234567,dr.asim@heartclinic.com,8:00 AM to 7:00 PM,,,Kitna maanga hai Dr. Asim?,Rs. 1500.,1269,ڈاکٹر_فی_انکوائری
1270,Doctor_Fee_Inquiry,casual,Nasrin,Dr. Asim,Cardiologist,1500,"MBBS, MD Cardiology, Fellow of American College of Cardiology",15 years,"Asim Heart Clinic, Main Bazaar Road, City Center",3001234567,dr.asim@heartclinic.com,8:00 AM to 7:00 PM,,,Kitna maanga hai Dr. Asim?,Rs. 1500.,1270,ڈاکٹر_فی_انکوائری
1271,Doctor_Fee_Inquiry,casual,Sana,Dr. Asim,Cardiologist,1500,"MBBS, MD Cardiology, Fellow of American College of Cardiology",15 years,"Asim Heart Clinic, Main Bazaar Road, City Center",3001234567,dr.asim@heartclinic.com,8:00 AM to 7:00 PM,,,Dr. Asim ka charge?,Rs. 1500.,1271,ڈاکٹر_فی_انکوائری
1272,Doctor_Fee_Inquiry,casual,Layla,Dr. Asim,Cardiologist,1500,"MBBS, MD Cardiology, Fellow of American College of Cardiology",15 years,"Asim Heart Clinic, Main Bazaar Road, City Center",3001234567,dr.asim@heartclinic.com,8:00 AM to 7:00 PM,,,Dr. Asim ka charge?,Rs. 1500.,1272,ڈاکٹر_فی_انکوائری
1273,Doctor_Fee_Inquiry,casual,Samir,Dr. Asim,Cardiologist,1500,"MBBS, MD Cardiology, Fellow of American College of Cardiology",15 years,"Asim Heart Clinic, Main Bazaar Road, City Center",3001234567,dr.asim@heartclinic.com,8:00 AM to 7:00 PM,,,Dr. Asim ka charge?,Rs. 1500.,1273,ڈاکٹر_فی_انکوائری
1274,Doctor_Fee_Inquiry,casual,Farida,Dr. Asim,Cardiologist,1500,"MBBS, MD Cardiology, Fellow of American College of Cardiology",15 years,"Asim Heart Clinic, Main Bazaar Road, City Center",3001234567,dr.asim@heartclinic.com,8:00 AM to 7:00 PM,,,Dr. Asim ka charge?,Rs. 1500.,1274,ڈاکٹر_فی_انکوائری
1275,Doctor_Fee_Inquiry,casual,Nida,Dr. Asim,Cardiologist,1500,"MBBS, MD Cardiology, Fellow of American College of Cardiology",15 years,"Asim Heart Clinic, Main Bazaar Road, City Center",3001234567,dr.asim@heartclinic.com,8:00 AM to 7:00 PM,,,Dr. Asim ka charge?,Rs. 1500.,1275,ڈاکٹر_فی_انکوائری
1276,Doctor_Fee_Inquiry,casual,Amina,Dr. Asim,Cardiologist,1500,"MBBS, MD Cardiology, Fellow of American College of Cardiology",15 years,"Asim Heart Clinic, Main Bazaar Road, City Center",3001234567,dr.asim@heartclinic.com,8:00 AM to 7:00 PM,,,Dr. Asim ka charge?,Rs. 1500.,1276,ڈاکٹر_فی_انکوائری
1277,Doctor_Fee_Inquiry,casual,Mina,Dr. Asim,Cardiologist,1500,"MBBS, MD Cardiology, Fellow of American College of Cardiology",15 years,"Asim Heart Clinic, Main Bazaar Road, City Center",3001234567,dr.asim@heartclinic.com,8:00 AM to 7:00 PM,,,Dr. Asim ka charge?,Rs. 1500.,1277,ڈاکٹر_فی_انکوائری
1278,Doctor_Fee_Inquiry,casual,Noor,Dr. Asim,Cardiologist,1500,"MBBS, MD Cardiology, Fellow of American College of Cardiology",15 years,"Asim Heart Clinic, Main Bazaar Road, City Center",3001234567,dr.asim@heartclinic.com,8:00 AM to 7:00 PM,,,Dr. Asim ka charge?,Rs. 1500.,1278,ڈاکٹر_فی_انکوائری
1279,Doctor_Fee_Inquiry,casual,Nida,Dr. Asim,Cardiologist,1500,"MBBS, MD Cardiology, Fellow of American College of Cardiology",15 years,"Asim Heart Clinic, Main Bazaar Road, City Center",3001234567,dr.asim@heartclinic.com,8:00 AM to 7:00 PM,,,Dr. Asim ka charge?,Rs. 1500.,1279,ڈاکٹر_فی_انکوائری
1280,Doctor_Fee_Inquiry,casual,Ahmed,Dr. Asim,Cardiologist,1500,"MBBS, MD Cardiology, Fellow of American College of Cardiology",15 years,"Asim Heart Clinic, Main Bazaar Road, City Center",3001234567,dr.asim@heartclinic.com,8:00 AM to 7:00 PM,,,Dr. Asim ka charge?,Rs. 1500.,1280,ڈاکٹر_فی_انکوائری
1281,Doctor_Fee_Inquiry,casual,Mina,Dr. Asim,Cardiologist,1500,"MBBS, MD Cardiology, Fellow of American College of Cardiology",15 years,"Asim Heart Clinic, Main Bazaar Road, City Center",3001234567,dr.asim@heartclinic.com,8:00 AM to 7:00 PM,,,Dr. Asim ka charge?,Rs. 1500.,1281,ڈاکٹر_فی_انکوائری
1282,Doctor_Fee_Inquiry,casual,Amina,Dr. Asim,Cardiologist,1500,"MBBS, MD Cardiology, Fellow of American College of Cardiology",15 years,"Asim Heart Clinic, Main Bazaar Road, City Center",3001234567,dr.asim@heartclinic.com,8:00 AM to 7:00 PM,,,Dr. Asim ka charge?,Rs. 1500.,1282,ڈاکٹر_فی_انکوائری
1283,Doctor_Fee_Inquiry,casual,Amina,Dr. Asim,Cardiologist,1500,"MBBS, MD Cardiology, Fellow of American College of Cardiology",15 years,"Asim Heart Clinic, Main Bazaar Road, City Center",3001234567,dr.asim@heartclinic.com,8:00 AM to 7:00 PM,,,Dr. Asim ka charge?,Rs. 1500.,1283,ڈاکٹر_فی_انکوائری
1284,Doctor_Fee_Inquiry,casual,Tariq,Dr. Asim,Cardiologist,1500,"MBBS, MD Cardiology, Fellow of American College of Cardiology",15 years,"Asim Heart Clinic, Main Bazaar Road, City Center",3001234567,dr.asim@heartclinic.com,8:00 AM to 7:00 PM,,,Dr. Asim ka charge?,Rs. 1500.,1284,ڈاکٹر_فی_انکوائری
1285,Doctor_Fee_Inquiry,casual,Faisal,Dr. Asim,Cardiologist,1500,"MBBS, MD Cardiology, Fellow of American College of Cardiology",15 years,"Asim Heart Clinic, Main Bazaar Road, City Center",3001234567,dr.asim@heartclinic.com,8:00 AM to 7:00 PM,,,Dr. Asim ka charge?,Rs. 1500.,1285,ڈاکٹر_فی_انکوائری
1286,Doctor_Fee_Inquiry,casual,Samir,Dr. Asim,Cardiologist,1500,"MBBS, MD Cardiology, Fellow of American College of Cardiology",15 years,"Asim Heart Clinic, Main Bazaar Road, City Center",3001234567,dr.asim@heartclinic.com,8:00 AM to 7:00 PM,,,Dr. Asim ka charge?,Rs. 1500.,1286,ڈاکٹر_فی_انکوائری
1287,Doctor_Fee_Inquiry,casual,Faisal,Dr. Asim,Cardiologist,1500,"MBBS, MD Cardiology, Fellow of American College of Cardiology",15 years,"Asim Heart Clinic, Main Bazaar Road, City Center",3001234567,dr.asim@heartclinic.com,8:00 AM to 7:00 PM,,,Dr. Asim ka charge?,Rs. 1500.,1287,ڈاکٹر_فی_انکوائری
1288,Doctor_Fee_Inquiry,casual,Nasrin,Dr. Asim,Cardiologist,1500,"MBBS, MD Cardiology, Fellow of American College of Cardiology",15 years,"Asim Heart Clinic, Main Bazaar Road, City Center",3001234567,dr.asim@heartclinic.com,8:00 AM to 7:00 PM,,,Dr. Asim ka charge?,Rs. 1500.,1288,ڈاکٹر_فی_انکوائری
1289,Doctor_Fee_Inquiry,concerned,Tariq,Dr. Asim,Cardiologist,1500,"MBBS, MD Cardiology, Fellow of American College of Cardiology",15 years,"Asim Heart Clinic, Main Bazaar Road, City Center",3001234567,dr.asim@heartclinic.com,8:00 AM to 7:00 PM,,,Is Dr. Asim very expensive?,Rs. 1500 is reasonable for quality cardiac care.,1289,ڈاکٹر_فی_انکوائری
1290,Doctor_Fee_Inquiry,concerned,Hira,Dr. Asim,Cardiologist,1500,"MBBS, MD Cardiology, Fellow of American College of Cardiology",15 years,"Asim Heart Clinic, Main Bazaar Road, City Center",3001234567,dr.asim@heartclinic.com,8:00 AM to 7:00 PM,,,Is Dr. Asim very expensive?,Rs. 1500 is reasonable for quality cardiac care.,1290,ڈاکٹر_فی_انکوائری
1291,Doctor_Fee_Inquiry,concerned,Rashid,Dr. Asim,Cardiologist,1500,"MBBS, MD Cardiology, Fellow of American College of Cardiology",15 years,"Asim Heart Clinic, Main Bazaar Road, City Center",3001234567,dr.asim@heartclinic.com,8:00 AM to 7:00 PM,,,Is Dr. Asim very expensive?,Rs. 1500 is reasonable for quality cardiac care.,1291,ڈاکٹر_فی_انکوائری
1292,Doctor_Fee_Inquiry,concerned,Usman,Dr. Asim,Cardiologist,1500,"MBBS, MD Cardiology, Fellow of American College of Cardiology",15 years,"Asim Heart Clinic, Main Bazaar Road, City Center",3001234567,dr.asim@heartclinic.com,8:00 AM to 7:00 PM,,,Is Dr. Asim very expensive?,Rs. 1500 is reasonable for quality cardiac care.,1292,ڈاکٹر_فی_انکوائری
1293,Doctor_Fee_Inquiry,concerned,Layla,Dr. Asim,Cardiologist,1500,"MBBS, MD Cardiology, Fellow of American College of Cardiology",15 years,"Asim Heart Clinic, Main Bazaar Road, City Center",3001234567,dr.asim@heartclinic.com,8:00 AM to 7:00 PM,,,Is Dr. Asim very expensive?,Rs. 1500 is reasonable for quality cardiac care.,1293,ڈاکٹر_فی_انکوائری
1294,Doctor_Fee_Inquiry,concerned,Nasrin,Dr. Asim,Cardiologist,1500,"MBBS, MD Cardiology, Fellow of American College of Cardiology",15 years,"Asim Heart Clinic, Main Bazaar Road, City Center",3001234567,dr.asim@heartclinic.com,8:00 AM to 7:00 PM,,,Is Dr. Asim very expensive?,Rs. 1500 is reasonable for quality cardiac care.,1294,ڈاکٹر_فی_انکوائری
1295,Doctor_Fee_Inquiry,concerned,Hira,Dr. Asim,Cardiologist,1500,"MBBS, MD Cardiology, Fellow of American College of Cardiology",15 years,"Asim Heart Clinic, Main Bazaar Road, City Center",3001234567,dr.asim@heartclinic.com,8:00 AM to 7:00 PM,,,Is Dr. Asim very expensive?,Rs. 1500 is reasonable for quality cardiac care.,1295,ڈاکٹر_فی_انکوائری
1296,Doctor_Fee_Inquiry,concerned,Hassan,Dr. Asim,Cardiologist,1500,"MBBS, MD Cardiology, Fellow of American College of Cardiology",15 years,"Asim Heart Clinic, Main Bazaar Road, City Center",3001234567,dr.asim@heartclinic.com,8:00 AM to 7:00 PM,,,Is Dr. Asim very expensive?,Rs. 1500 is reasonable for quality cardiac care.,1296,ڈاکٹر_فی_انکوائری
1297,Doctor_Fee_Inquiry,concerned,Hamza,Dr. Asim,Cardiologist,1500,"MBBS, MD Cardiology, Fellow of American College of Cardiology",15 years,"Asim Heart Clinic, Main Bazaar Road, City Center",3001234567,dr.asim@heartclinic.com,8:00 AM to 7:00 PM,,,Is Dr. Asim very expensive?,Rs. 1500 is reasonable for quality cardiac care.,1297,ڈاکٹر_فی_انکوائری
1298,Doctor_Fee_Inquiry,concerned,Salim,Dr. Asim,Cardiologist,1500,"MBBS, MD Cardiology, Fellow of American College of Cardiology",15 years,"Asim Heart Clinic, Main Bazaar Road, City Center",3001234567,dr.asim@heartclinic.com,8:00 AM to 7:00 PM,,,Is Dr. Asim very expensive?,Rs. 1500 is reasonable for quality cardiac care.,1298,ڈاکٹر_فی_انکوائری
1299,Doctor_Fee_Inquiry,concerned,Bilal,Dr. Asim,Cardiologist,1500,"MBBS, MD Cardiology, Fellow of American College of Cardiology",15 years,"Asim Heart Clinic, Main Bazaar Road, City Center",3001234567,dr.asim@heartclinic.com,8:00 AM to 7:00 PM,,,Is Dr. Asim very expensive?,Rs. 1500 is reasonable for quality cardiac care.,1299,ڈاکٹر_فی_انکوائری
1300,Doctor_Fee_Inquiry,concerned,Farida,Dr. Asim,Cardiologist,1500,"MBBS, MD Cardiology, Fellow of American College of Cardiology",15 years,"Asim Heart Clinic, Main Bazaar Road, City Center",3001234567,dr.asim@heartclinic.com,8:00 AM to 7:00 PM,,,Is Dr. Asim very expensive?,Rs. 1500 is reasonable for quality cardiac care.,1300,ڈاکٹر_فی_انکوائری
1301,Doctor_Fee_Inquiry,concerned,Hamza,Dr. Asim,Cardiologist,1500,"MBBS, MD Cardiology, Fellow of American College of Cardiology",15 years,"Asim Heart Clinic, Main Bazaar Road, City Center",3001234567,dr.asim@heartclinic.com,8:00 AM to 7:00 PM,,,Is Dr. Asim very expensive?,Rs. 1500 is reasonable for quality cardiac care.,1301,ڈاکٹر_فی_انکوائری
1302,Doctor_Fee_Inquiry,concerned,Sara,Dr. Asim,Cardiologist,1500,"MBBS, MD Cardiology, Fellow of American College of Cardiology",15 years,"Asim Heart Clinic, Main Bazaar Road, City Center",3001234567,dr.asim@heartclinic.com,8:00 AM to 7:00 PM,,,Is Dr. Asim very expensive?,Rs. 1500 is reasonable for quality cardiac care.,1302,ڈاکٹر_فی_انکوائری
1303,Doctor_Fee_Inquiry,concerned,Sana,Dr. Asim,Cardiologist,1500,"MBBS, MD Cardiology, Fellow of American College of Cardiology",15 years,"Asim Heart Clinic, Main Bazaar Road, City Center",3001234567,dr.asim@heartclinic.com,8:00 AM to 7:00 PM,,,Is Dr. Asim very expensive?,Rs. 1500 is reasonable for quality cardiac care.,1303,ڈاکٹر_فی_انکوائری
1304,Doctor_Fee_Inquiry,concerned,Hassan,Dr. Asim,Cardiologist,1500,"MBBS, MD Cardiology, Fellow of American College of Cardiology",15 years,"Asim Heart Clinic, Main Bazaar Road, City Center",3001234567,dr.asim@heartclinic.com,8:00 AM to 7:00 PM,,,Is Dr. Asim very expensive?,Rs. 1500 is reasonable for quality cardiac care.,1304,ڈاکٹر_فی_انکوائری
1305,Doctor_Fee_Inquiry,concerned,Aisha,Dr. Asim,Cardiologist,1500,"MBBS, MD Cardiology, Fellow of American College of Cardiology",15 years,"Asim Heart Clinic, Main Bazaar Road, City Center",3001234567,dr.asim@heartclinic.com,8:00 AM to 7:00 PM,,,Is Dr. Asim very expensive?,Rs. 1500 is reasonable for quality cardiac care.,1305,ڈاکٹر_فی_انکوائری
1306,Doctor_Fee_Inquiry,concerned,Karim,Dr. Asim,Cardiologist,1500,"MBBS, MD Cardiology, Fellow of American College of Cardiology",15 years,"Asim Heart Clinic, Main Bazaar Road, City Center",3001234567,dr.asim@heartclinic.com,8:00 AM to 7:00 PM,,,Is Dr. Asim very expensive?,Rs. 1500 is reasonable for quality cardiac care.,1306,ڈاکٹر_فی_انکوائری
1307,Doctor_Fee_Inquiry,concerned,Nida,Dr. Asim,Cardiologist,1500,"MBBS, MD Cardiology, Fellow of American College of Cardiology",15 years,"Asim Heart Clinic, Main Bazaar Road, City Center",3001234567,dr.asim@heartclinic.com,8:00 AM to 7:00 PM,,,Can I afford Dr. Asim's fees?,The fee is Rs. 1500. We also accept payment plans.,1307,ڈاکٹر_فی_انکوائری
1308,Doctor_Fee_Inquiry,concerned,Hassan,Dr. Asim,Cardiologist,1500,"MBBS, MD Cardiology, Fellow of American College of Cardiology",15 years,"Asim Heart Clinic, Main Bazaar Road, City Center",3001234567,dr.asim@heartclinic.com,8:00 AM to 7:00 PM,,,Can I afford Dr. Asim's fees?,The fee is Rs. 1500. We also accept payment plans.,1308,ڈاکٹر_فی_انکوائری
1309,Doctor_Fee_Inquiry,concerned,Bilal,Dr. Asim,Cardiologist,1500,"MBBS, MD Cardiology, Fellow of American College of Cardiology",15 years,"Asim Heart Clinic, Main Bazaar Road, City Center",3001234567,dr.asim@heartclinic.com,8:00 AM to 7:00 PM,,,Can I afford Dr. Asim's fees?,The fee is Rs. 1500. We also accept payment plans.,1309,ڈاکٹر_فی_انکوائری
1310,Doctor_Fee_Inquiry,concerned,Wasim,Dr. Asim,Cardiologist,1500,"MBBS, MD Cardiology, Fellow of American College of Cardiology",15 years,"Asim Heart Clinic, Main Bazaar Road, City Center",3001234567,dr.asim@heartclinic.com,8:00 AM to 7:00 PM,,,Can I afford Dr. Asim's fees?,The fee is Rs. 1500. We also accept payment plans.,1310,ڈاکٹر_فی_انکوائری
1311,Doctor_Fee_Inquiry,concerned,Samir,Dr. Asim,Cardiologist,1500,"MBBS, MD Cardiology, Fellow of American College of Cardiology",15 years,"Asim Heart Clinic, Main Bazaar Road, City Center",3001234567,dr.asim@heartclinic.com,8:00 AM to 7:00 PM,,,Can I afford Dr. Asim's fees?,The fee is Rs. 1500. We also accept payment plans.,1311,ڈاکٹر_فی_انکوائری
1312,Doctor_Fee_Inquiry,concerned,Wasim,Dr. Asim,Cardiologist,1500,"MBBS, MD Cardiology, Fellow of American College of Cardiology",15 years,"Asim Heart Clinic, Main Bazaar Road, City Center",3001234567,dr.asim@heartclinic.com,8:00 AM to 7:00 PM,,,Can I afford Dr. Asim's fees?,The fee is Rs. 1500. We also accept payment plans.,1312,ڈاکٹر_فی_انکوائری
1313,Doctor_Fee_Inquiry,concerned,Zainab,Dr. Asim,Cardiologist,1500,"MBBS, MD Cardiology, Fellow of American College of Cardiology",15 years,"Asim Heart Clinic, Main Bazaar Road, City Center",3001234567,dr.asim@heartclinic.com,8:00 AM to 7:00 PM,,,Can I afford Dr. Asim's fees?,The fee is Rs. 1500. We also accept payment plans.,1313,ڈاکٹر_فی_انکوائری
1314,Doctor_Fee_Inquiry,concerned,Farida,Dr. Asim,Cardiologist,1500,"MBBS, MD Cardiology, Fellow of American College of Cardiology",15 years,"Asim Heart Clinic, Main Bazaar Road, City Center",3001234567,dr.asim@heartclinic.com,8:00 AM to 7:00 PM,,,Can I afford Dr. Asim's fees?,The fee is Rs. 1500. We also accept payment plans.,1314,ڈاکٹر_فی_انکوائری
1315,Doctor_Fee_Inquiry,concerned,Zainab,Dr. Asim,Cardiologist,1500,"MBBS, MD Cardiology, Fellow of American College of Cardiology",15 years,"Asim Heart Clinic, Main Bazaar Road, City Center",3001234567,dr.asim@heartclinic.com,8:00 AM to 7:00 PM,,,Can I afford Dr. Asim's fees?,The fee is Rs. 1500. We also accept payment plans.,1315,ڈاکٹر_فی_انکوائری
1316,Doctor_Fee_Inquiry,concerned,Wasim,Dr. Asim,Cardiologist,1500,"MBBS, MD Cardiology, Fellow of American College of Cardiology",15 years,"Asim Heart Clinic, Main Bazaar Road, City Center",3001234567,dr.asim@heartclinic.com,8:00 AM to 7:00 PM,,,Can I afford Dr. Asim's fees?,The fee is Rs. 1500. We also accept payment plans.,1316,ڈاکٹر_فی_انکوائری
1317,Doctor_Fee_Inquiry,concerned,Hamza,Dr. Asim,Cardiologist,1500,"MBBS, MD Cardiology, Fellow of American College of Cardiology",15 years,"Asim Heart Clinic, Main Bazaar Road, City Center",3001234567,dr.asim@heartclinic.com,8:00 AM to 7:00 PM,,,Can I afford Dr. Asim's fees?,The fee is Rs. 1500. We also accept payment plans.,1317,ڈاکٹر_فی_انکوائری
1318,Doctor_Fee_Inquiry,concerned,Nida,Dr. Asim,Cardiologist,1500,"MBBS, MD Cardiology, Fellow of American College of Cardiology",15 years,"Asim Heart Clinic, Main Bazaar Road, City Center",3001234567,dr.asim@heartclinic.com,8:00 AM to 7:00 PM,,,Can I afford Dr. Asim's fees?,The fee is Rs. 1500. We also accept payment plans.,1318,ڈاکٹر_فی_انکوائری
1319,Doctor_Fee_Inquiry,concerned,Nasrin,Dr. Asim,Cardiologist,1500,"MBBS, MD Cardiology, Fellow of American College of Cardiology",15 years,"Asim Heart Clinic, Main Bazaar Road, City Center",3001234567,dr.asim@heartclinic.com,8:00 AM to 7:00 PM,,,Can I afford Dr. Asim's fees?,The fee is Rs. 1500. We also accept payment plans.,1319,ڈاکٹر_فی_انکوائری
1320,Doctor_Fee_Inquiry,concerned,Hamza,Dr. Asim,Cardiologist,1500,"MBBS, MD Cardiology, Fellow of American College of Cardiology",15 years,"Asim Heart Clinic, Main Bazaar Road, City Center",3001234567,dr.asim@heartclinic.com,8:00 AM to 7:00 PM,,,Can I afford Dr. Asim's fees?,The fee is Rs. 1500. We also accept payment plans.,1320,ڈاکٹر_فی_انکوائری
1321,Doctor_Fee_Inquiry,concerned,Bilal,Dr. Asim,Cardiologist,1500,"MBBS, MD Cardiology, Fellow of American College of Cardiology",15 years,"Asim Heart Clinic, Main Bazaar Road, City Center",3001234567,dr.asim@heartclinic.com,8:00 AM to 7:00 PM,,,Can I afford Dr. Asim's fees?,The fee is Rs. 1500. We also accept payment plans.,1321,ڈاکٹر_فی_انکوائری
1322,Doctor_Fee_Inquiry,concerned,Nasrin,Dr. Asim,Cardiologist,1500,"MBBS, MD Cardiology, Fellow of American College of Cardiology",15 years,"Asim Heart Clinic, Main Bazaar Road, City Center",3001234567,dr.asim@heartclinic.com,8:00 AM to 7:00 PM,,,Can I afford Dr. Asim's fees?,The fee is Rs. 1500. We also accept payment plans.,1322,ڈاکٹر_فی_انکوائری
1323,Doctor_Fee_Inquiry,concerned,Bilal,Dr. Asim,Cardiologist,1500,"MBBS, MD Cardiology, Fellow of American College of Cardiology",15 years,"Asim Heart Clinic, Main Bazaar Road, City Center",3001234567,dr.asim@heartclinic.com,8:00 AM to 7:00 PM,,,Can I afford Dr. Asim's fees?,The fee is Rs. 1500. We also accept payment plans.,1323,ڈاکٹر_فی_انکوائری
1324,Doctor_Fee_Inquiry,concerned,Mina,Dr. Asim,Cardiologist,1500,"MBBS, MD Cardiology, Fellow of American College of Cardiology",15 years,"Asim Heart Clinic, Main Bazaar Road, City Center",3001234567,dr.asim@heartclinic.com,8:00 AM to 7:00 PM,,,Can I afford Dr. Asim's fees?,The fee is Rs. 1500. We also accept payment plans.,1324,ڈاکٹر_فی_انکوائری
1325,Doctor_Qualification_Inquiry,formal,Ali,Dr. Asim,Cardiologist,1500,"MBBS, MD Cardiology, Fellow of American College of Cardiology",15 years,"Asim Heart Clinic, Main Bazaar Road, City Center",3001234567,dr.asim@heartclinic.com,8:00 AM to 7:00 PM,,,What are Dr. Asim's qualifications?,"Dr. Asim has MBBS, MD Cardiology, Fellow of American College of Cardiology.",1325,ڈاکٹری_قابلیت_انکوائری
1326,Doctor_Qualification_Inquiry,formal,Tariq,Dr. Asim,Cardiologist,1500,"MBBS, MD Cardiology, Fellow of American College of Cardiology",15 years,"Asim Heart Clinic, Main Bazaar Road, City Center",3001234567,dr.asim@heartclinic.com,8:00 AM to 7:00 PM,,,What are Dr. Asim's qualifications?,"Dr. Asim has MBBS, MD Cardiology, Fellow of American College of Cardiology.",1326,ڈاکٹری_قابلیت_انکوائری
1327,Doctor_Qualification_Inquiry,formal,Malik,Dr. Asim,Cardiologist,1500,"MBBS, MD Cardiology, Fellow of American College of Cardiology",15 years,"Asim Heart Clinic, Main Bazaar Road, City Center",3001234567,dr.asim@heartclinic.com,8:00 AM to 7:00 PM,,,What are Dr. Asim's qualifications?,"Dr. Asim has MBBS, MD Cardiology, Fellow of American College of Cardiology.",1327,ڈاکٹری_قابلیت_انکوائری
1328,Doctor_Qualification_Inquiry,formal,Aisha,Dr. Asim,Cardiologist,1500,"MBBS, MD Cardiology, Fellow of American College of Cardiology",15 years,"Asim Heart Clinic, Main Bazaar Road, City Center",3001234567,dr.asim@heartclinic.com,8:00 AM to 7:00 PM,,,What are Dr. Asim's qualifications?,"Dr. Asim has MBBS, MD Cardiology, Fellow of American College of Cardiology.",1328,ڈاکٹری_قابلیت_انکوائری
1329,Doctor_Qualification_Inquiry,formal,Wasim,Dr. Asim,Cardiologist,1500,"MBBS, MD Cardiology, Fellow of American College of Cardiology",15 years,"Asim Heart Clinic, Main Bazaar Road, City Center",3001234567,dr.asim@heartclinic.com,8:00 AM to 7:00 PM,,,What are Dr. Asim's qualifications?,"Dr. Asim has MBBS, MD Cardiology, Fellow of American College of Cardiology.",1329,ڈاکٹری_قابلیت_انکوائری
1330,Doctor_Qualification_Inquiry,formal,Farida,Dr. Asim,Cardiologist,1500,"MBBS, MD Cardiology, Fellow of American College of Cardiology",15 years,"Asim Heart Clinic, Main Bazaar Road, City Center",3001234567,dr.asim@heartclinic.com,8:00 AM to 7:00 PM,,,What are Dr. Asim's qualifications?,"Dr. Asim has MBBS, MD Cardiology, Fellow of American College of Cardiology.",1330,ڈاکٹری_قابلیت_انکوائری
1331,Doctor_Qualification_Inquiry,formal,Ayesha,Dr. Asim,Cardiologist,1500,"MBBS, MD Cardiology, Fellow of American College of Cardiology",15 years,"Asim Heart Clinic, Main Bazaar Road, City Center",3001234567,dr.asim@heartclinic.com,8:00 AM to 7:00 PM,,,What are Dr. Asim's qualifications?,"Dr. Asim has MBBS, MD Cardiology, Fellow of American College of Cardiology.",1331,ڈاکٹری_قابلیت_انکوائری
1332,Doctor_Qualification_Inquiry,formal,Farida,Dr. Asim,Cardiologist,1500,"MBBS, MD Cardiology, Fellow of American College of Cardiology",15 years,"Asim Heart Clinic, Main Bazaar Road, City Center",3001234567,dr.asim@heartclinic.com,8:00 AM to 7:00 PM,,,What are Dr. Asim's qualifications?,"Dr. Asim has MBBS, MD Cardiology, Fellow of American College of Cardiology.",1332,ڈاکٹری_قابلیت_انکوائری
1333,Doctor_Qualification_Inquiry,formal,Ayesha,Dr. Asim,Cardiologist,1500,"MBBS, MD Cardiology, Fellow of American College of Cardiology",15 years,"Asim Heart Clinic, Main Bazaar Road, City Center",3001234567,dr.asim@heartclinic.com,8:00 AM to 7:00 PM,,,What are Dr. Asim's qualifications?,"Dr. Asim has MBBS, MD Cardiology, Fellow of American College of Cardiology.",1333,ڈاکٹری_قابلیت_انکوائری
1334,Doctor_Qualification_Inquiry,formal,Malik,Dr. Asim,Cardiologist,1500,"MBBS, MD Cardiology, Fellow of American College of Cardiology",15 years,"Asim Heart Clinic, Main Bazaar Road, City Center",3001234567,dr.asim@heartclinic.com,8:00 AM to 7:00 PM,,,What are Dr. Asim's qualifications?,"Dr. Asim has MBBS, MD Cardiology, Fellow of American College of Cardiology.",1334,ڈاکٹری_قابلیت_انکوائری
1335,Doctor_Qualification_Inquiry,formal,Ahmed,Dr. Asim,Cardiologist,1500,"MBBS, MD Cardiology, Fellow of American College of Cardiology",15 years,"Asim Heart Clinic, Main Bazaar Road, City Center",3001234567,dr.asim@heartclinic.com,8:00 AM to 7:00 PM,,,What are Dr. Asim's qualifications?,"Dr. Asim has MBBS, MD Cardiology, Fellow of American College of Cardiology.",1335,ڈاکٹری_قابلیت_انکوائری
1336,Doctor_Qualification_Inquiry,formal,Sana,Dr. Asim,Cardiologist,1500,"MBBS, MD Cardiology, Fellow of American College of Cardiology",15 years,"Asim Heart Clinic, Main Bazaar Road, City Center",3001234567,dr.asim@heartclinic.com,8:00 AM to 7:00 PM,,,What are Dr. Asim's qualifications?,"Dr. Asim has MBBS, MD Cardiology, Fellow of American College of Cardiology.",1336,ڈاکٹری_قابلیت_انکوائری
1337,Doctor_Qualification_Inquiry,formal,Hira,Dr. Asim,Cardiologist,1500,"MBBS, MD Cardiology, Fellow of American College of Cardiology",15 years,"Asim Heart Clinic, Main Bazaar Road, City Center",3001234567,dr.asim@heartclinic.com,8:00 AM to 7:00 PM,,,What are Dr. Asim's qualifications?,"Dr. Asim has MBBS, MD Cardiology, Fellow of American College of Cardiology.",1337,ڈاکٹری_قابلیت_انکوائری
1338,Doctor_Qualification_Inquiry,formal,Wasim,Dr. Asim,Cardiologist,1500,"MBBS, MD Cardiology, Fellow of American College of Cardiology",15 years,"Asim Heart Clinic, Main Bazaar Road, City Center",3001234567,dr.asim@heartclinic.com,8:00 AM to 7:00 PM,,,What are Dr. Asim's qualifications?,"Dr. Asim has MBBS, MD Cardiology, Fellow of American College of Cardiology.",1338,ڈاکٹری_قابلیت_انکوائری
1339,Doctor_Qualification_Inquiry,formal,Rashid,Dr. Asim,Cardiologist,1500,"MBBS, MD Cardiology, Fellow of American College of Cardiology",15 years,"Asim Heart Clinic, Main Bazaar Road, City Center",3001234567,dr.asim@heartclinic.com,8:00 AM to 7:00 PM,,,What are Dr. Asim's qualifications?,"Dr. Asim has MBBS, MD Cardiology, Fellow of American College of Cardiology.",1339,ڈاکٹری_قابلیت_انکوائری
1340,Doctor_Qualification_Inquiry,formal,Usman,Dr. Asim,Cardiologist,1500,"MBBS, MD Cardiology, Fellow of American College of Cardiology",15 years,"Asim Heart Clinic, Main Bazaar Road, City Center",3001234567,dr.asim@heartclinic.com,8:00 AM to 7:00 PM,,,What is Dr. Asim's medical background?,"Dr. Asim is qualified with MBBS, MD Cardiology, Fellow of American College of Cardiology.",1340,ڈاکٹری_قابلیت_انکوائری
1341,Doctor_Qualification_Inquiry,formal,Wasim,Dr. Asim,Cardiologist,1500,"MBBS, MD Cardiology, Fellow of American College of Cardiology",15 years,"Asim Heart Clinic, Main Bazaar Road, City Center",3001234567,dr.asim@heartclinic.com,8:00 AM to 7:00 PM,,,What is Dr. Asim's medical background?,"Dr. Asim is qualified with MBBS, MD Cardiology, Fellow of American College of Cardiology.",1341,ڈاکٹری_قابلیت_انکوائری
1342,Doctor_Qualification_Inquiry,formal,Rukhsana,Dr. Asim,Cardiologist,1500,"MBBS, MD Cardiology, Fellow of American College of Cardiology",15 years,"Asim Heart Clinic, Main Bazaar Road, City Center",3001234567,dr.asim@heartclinic.com,8:00 AM to 7:00 PM,,,What is Dr. Asim's medical background?,"Dr. Asim is qualified with MBBS, MD Cardiology, Fellow of American College of Cardiology.",1342,ڈاکٹری_قابلیت_انکوائری
1343,Doctor_Qualification_Inquiry,formal,Zainab,Dr. Asim,Cardiologist,1500,"MBBS, MD Cardiology, Fellow of American College of Cardiology",15 years,"Asim Heart Clinic, Main Bazaar Road, City Center",3001234567,dr.asim@heartclinic.com,8:00 AM to 7:00 PM,,,What is Dr. Asim's medical background?,"Dr. Asim is qualified with MBBS, MD Cardiology, Fellow of American College of Cardiology.",1343,ڈاکٹری_قابلیت_انکوائری
1344,Doctor_Qualification_Inquiry,formal,Hassan,Dr. Asim,Cardiologist,1500,"MBBS, MD Cardiology, Fellow of American College of Cardiology",15 years,"Asim Heart Clinic, Main Bazaar Road, City Center",3001234567,dr.asim@heartclinic.com,8:00 AM to 7:00 PM,,,What is Dr. Asim's medical background?,"Dr. Asim is qualified with MBBS, MD Cardiology, Fellow of American College of Cardiology.",1344,ڈاکٹری_قابلیت_انکوائری
1345,Doctor_Qualification_Inquiry,formal,Layla,Dr. Asim,Cardiologist,1500,"MBBS, MD Cardiology, Fellow of American College of Cardiology",15 years,"Asim Heart Clinic, Main Bazaar Road, City Center",3001234567,dr.asim@heartclinic.com,8:00 AM to 7:00 PM,,,What is Dr. Asim's medical background?,"Dr. Asim is qualified with MBBS, MD Cardiology, Fellow of American College of Cardiology.",1345,ڈاکٹری_قابلیت_انکوائری
1346,Doctor_Qualification_Inquiry,formal,Samir,Dr. Asim,Cardiologist,1500,"MBBS, MD Cardiology, Fellow of American College of Cardiology",15 years,"Asim Heart Clinic, Main Bazaar Road, City Center",3001234567,dr.asim@heartclinic.com,8:00 AM to 7:00 PM,,,What is Dr. Asim's medical background?,"Dr. Asim is qualified with MBBS, MD Cardiology, Fellow of American College of Cardiology.",1346,ڈاکٹری_قابلیت_انکوائری
1347,Doctor_Qualification_Inquiry,formal,Nasrin,Dr. Asim,Cardiologist,1500,"MBBS, MD Cardiology, Fellow of American College of Cardiology",15 years,"Asim Heart Clinic, Main Bazaar Road, City Center",3001234567,dr.asim@heartclinic.com,8:00 AM to 7:00 PM,,,What is Dr. Asim's medical background?,"Dr. Asim is qualified with MBBS, MD Cardiology, Fellow of American College of Cardiology.",1347,ڈاکٹری_قابلیت_انکوائری
1348,Doctor_Qualification_Inquiry,formal,Ahmed,Dr. Asim,Cardiologist,1500,"MBBS, MD Cardiology, Fellow of American College of Cardiology",15 years,"Asim Heart Clinic, Main Bazaar Road, City Center",3001234567,dr.asim@heartclinic.com,8:00 AM to 7:00 PM,,,What is Dr. Asim's medical background?,"Dr. Asim is qualified with MBBS, MD Cardiology, Fellow of American College of Cardiology.",1348,ڈاکٹری_قابلیت_انکوائری
1349,Doctor_Qualification_Inquiry,formal,Fatima,Dr. Asim,Cardiologist,1500,"MBBS, MD Cardiology, Fellow of American College of Cardiology",15 years,"Asim Heart Clinic, Main Bazaar Road, City Center",3001234567,dr.asim@heartclinic.com,8:00 AM to 7:00 PM,,,What is Dr. Asim's medical background?,"Dr. Asim is qualified with MBBS, MD Cardiology, Fellow of American College of Cardiology.",1349,ڈاکٹری_قابلیت_انکوائری
1350,Doctor_Qualification_Inquiry,formal,Rukhsana,Dr. Asim,Cardiologist,1500,"MBBS, MD Cardiology, Fellow of American College of Cardiology",15 years,"Asim Heart Clinic, Main Bazaar Road, City Center",3001234567,dr.asim@heartclinic.com,8:00 AM to 7:00 PM,,,What is Dr. Asim's medical background?,"Dr. Asim is qualified with MBBS, MD Cardiology, Fellow of American College of Cardiology.",1350,ڈاکٹری_قابلیت_انکوائری
1351,Doctor_Qualification_Inquiry,formal,Faisal,Dr. Asim,Cardiologist,1500,"MBBS, MD Cardiology, Fellow of American College of Cardiology",15 years,"Asim Heart Clinic, Main Bazaar Road, City Center",3001234567,dr.asim@heartclinic.com,8:00 AM to 7:00 PM,,,What is Dr. Asim's medical background?,"Dr. Asim is qualified with MBBS, MD Cardiology, Fellow of American College of Cardiology.",1351,ڈاکٹری_قابلیت_انکوائری
1352,Doctor_Qualification_Inquiry,formal,Sana,Dr. Asim,Cardiologist,1500,"MBBS, MD Cardiology, Fellow of American College of Cardiology",15 years,"Asim Heart Clinic, Main Bazaar Road, City Center",3001234567,dr.asim@heartclinic.com,8:00 AM to 7:00 PM,,,What is Dr. Asim's medical background?,"Dr. Asim is qualified with MBBS, MD Cardiology, Fellow of American College of Cardiology.",1352,ڈاکٹری_قابلیت_انکوائری
1353,Doctor_Qualification_Inquiry,formal,Rukhsana,Dr. Asim,Cardiologist,1500,"MBBS, MD Cardiology, Fellow of American College of Cardiology",15 years,"Asim Heart Clinic, Main Bazaar Road, City Center",3001234567,dr.asim@heartclinic.com,8:00 AM to 7:00 PM,,,What is Dr. Asim's medical background?,"Dr. Asim is qualified with MBBS, MD Cardiology, Fellow of American College of Cardiology.",1353,ڈاکٹری_قابلیت_انکوائری
1354,Doctor_Qualification_Inquiry,formal,Hamza,Dr. Asim,Cardiologist,1500,"MBBS, MD Cardiology, Fellow of American College of Cardiology",15 years,"Asim Heart Clinic, Main Bazaar Road, City Center",3001234567,dr.asim@heartclinic.com,8:00 AM to 7:00 PM,,,What is Dr. Asim's medical background?,"Dr. Asim is qualified with MBBS, MD Cardiology, Fellow of American College of Cardiology.",1354,ڈاکٹری_قابلیت_انکوائری
1355,Doctor_Qualification_Inquiry,formal,Nida,Dr. Asim,Cardiologist,1500,"MBBS, MD Cardiology, Fellow of American College of Cardiology",15 years,"Asim Heart Clinic, Main Bazaar Road, City Center",3001234567,dr.asim@heartclinic.com,8:00 AM to 7:00 PM,,,Can you tell me Dr. Asim's credentials?,"Yes, Dr. Asim has MBBS, MD Cardiology, Fellow of American College of Cardiology.",1355,ڈاکٹری_قابلیت_انکوائری
1356,Doctor_Qualification_Inquiry,formal,Salim,Dr. Asim,Cardiologist,1500,"MBBS, MD Cardiology, Fellow of American College of Cardiology",15 years,"Asim Heart Clinic, Main Bazaar Road, City Center",3001234567,dr.asim@heartclinic.com,8:00 AM to 7:00 PM,,,Can you tell me Dr. Asim's credentials?,"Yes, Dr. Asim has MBBS, MD Cardiology, Fellow of American College of Cardiology.",1356,ڈاکٹری_قابلیت_انکوائری
1357,Doctor_Qualification_Inquiry,formal,Bilal,Dr. Asim,Cardiologist,1500,"MBBS, MD Cardiology, Fellow of American College of Cardiology",15 years,"Asim Heart Clinic, Main Bazaar Road, City Center",3001234567,dr.asim@heartclinic.com,8:00 AM to 7:00 PM,,,Can you tell me Dr. Asim's credentials?,"Yes, Dr. Asim has MBBS, MD Cardiology, Fellow of American College of Cardiology.",1357,ڈاکٹری_قابلیت_انکوائری
1358,Doctor_Qualification_Inquiry,formal,Karim,Dr. Asim,Cardiologist,1500,"MBBS, MD Cardiology, Fellow of American College of Cardiology",15 years,"Asim Heart Clinic, Main Bazaar Road, City Center",3001234567,dr.asim@heartclinic.com,8:00 AM to 7:00 PM,,,Can you tell me Dr. Asim's credentials?,"Yes, Dr. Asim has MBBS, MD Cardiology, Fellow of American College of Cardiology.",1358,ڈاکٹری_قابلیت_انکوائری
1359,Doctor_Qualification_Inquiry,formal,Zainab,Dr. Asim,Cardiologist,1500,"MBBS, MD Cardiology, Fellow of American College of Cardiology",15 years,"Asim Heart Clinic, Main Bazaar Road, City Center",3001234567,dr.asim@heartclinic.com,8:00 AM to 7:00 PM,,,Can you tell me Dr. Asim's credentials?,"Yes, Dr. Asim has MBBS, MD Cardiology, Fellow of American College of Cardiology.",1359,ڈاکٹری_قابلیت_انکوائری
1360,Doctor_Qualification_Inquiry,formal,Zainab,Dr. Asim,Cardiologist,1500,"MBBS, MD Cardiology, Fellow of American College of Cardiology",15 years,"Asim Heart Clinic, Main Bazaar Road, City Center",3001234567,dr.asim@heartclinic.com,8:00 AM to 7:00 PM,,,Can you tell me Dr. Asim's credentials?,"Yes, Dr. Asim has MBBS, MD Cardiology, Fellow of American College of Cardiology.",1360,ڈاکٹری_قابلیت_انکوائری
1361,Doctor_Qualification_Inquiry,formal,Mina,Dr. Asim,Cardiologist,1500,"MBBS, MD Cardiology, Fellow of American College of Cardiology",15 years,"Asim Heart Clinic, Main Bazaar Road, City Center",3001234567,dr.asim@heartclinic.com,8:00 AM to 7:00 PM,,,Can you tell me Dr. Asim's credentials?,"Yes, Dr. Asim has MBBS, MD Cardiology, Fellow of American College of Cardiology.",1361,ڈاکٹری_قابلیت_انکوائری
1362,Doctor_Qualification_Inquiry,formal,Faisal,Dr. Asim,Cardiologist,1500,"MBBS, MD Cardiology, Fellow of American College of Cardiology",15 years,"Asim Heart Clinic, Main Bazaar Road, City Center",3001234567,dr.asim@heartclinic.com,8:00 AM to 7:00 PM,,,Can you tell me Dr. Asim's credentials?,"Yes, Dr. Asim has MBBS, MD Cardiology, Fellow of American College of Cardiology.",1362,ڈاکٹری_قابلیت_انکوائری
1363,Doctor_Qualification_Inquiry,formal,Faisal,Dr. Asim,Cardiologist,1500,"MBBS, MD Cardiology, Fellow of American College of Cardiology",15 years,"Asim Heart Clinic, Main Bazaar Road, City Center",3001234567,dr.asim@heartclinic.com,8:00 AM to 7:00 PM,,,Can you tell me Dr. Asim's credentials?,"Yes, Dr. Asim has MBBS, MD Cardiology, Fellow of American College of Cardiology.",1363,ڈاکٹری_قابلیت_انکوائری
1364,Doctor_Qualification_Inquiry,formal,Hamza,Dr. Asim,Cardiologist,1500,"MBBS, MD Cardiology, Fellow of American College of Cardiology",15 years,"Asim Heart Clinic, Main Bazaar Road, City Center",3001234567,dr.asim@heartclinic.com,8:00 AM to 7:00 PM,,,Can you tell me Dr. Asim's credentials?,"Yes, Dr. Asim has MBBS, MD Cardiology, Fellow of American College of Cardiology.",1364,ڈاکٹری_قابلیت_انکوائری
1365,Doctor_Qualification_Inquiry,formal,Rukhsana,Dr. Asim,Cardiologist,1500,"MBBS, MD Cardiology, Fellow of American College of Cardiology",15 years,"Asim Heart Clinic, Main Bazaar Road, City Center",3001234567,dr.asim@heartclinic.com,8:00 AM to 7:00 PM,,,Can you tell me Dr. Asim's credentials?,"Yes, Dr. Asim has MBBS, MD Cardiology, Fellow of American College of Cardiology.",1365,ڈاکٹری_قابلیت_انکوائری
1366,Doctor_Qualification_Inquiry,formal,Salim,Dr. Asim,Cardiologist,1500,"MBBS, MD Cardiology, Fellow of American College of Cardiology",15 years,"Asim Heart Clinic, Main Bazaar Road, City Center",3001234567,dr.asim@heartclinic.com,8:00 AM to 7:00 PM,,,Can you tell me Dr. Asim's credentials?,"Yes, Dr. Asim has MBBS, MD Cardiology, Fellow of American College of Cardiology.",1366,ڈاکٹری_قابلیت_انکوائری
1367,Doctor_Qualification_Inquiry,formal,Fatima,Dr. Asim,Cardiologist,1500,"MBBS, MD Cardiology, Fellow of American College of Cardiology",15 years,"Asim Heart Clinic, Main Bazaar Road, City Center",3001234567,dr.asim@heartclinic.com,8:00 AM to 7:00 PM,,,Can you tell me Dr. Asim's credentials?,"Yes, Dr. Asim has MBBS, MD Cardiology, Fellow of American College of Cardiology.",1367,ڈاکٹری_قابلیت_انکوائری
1368,Doctor_Qualification_Inquiry,formal,Samir,Dr. Asim,Cardiologist,1500,"MBBS, MD Cardiology, Fellow of American College of Cardiology",15 years,"Asim Heart Clinic, Main Bazaar Road, City Center",3001234567,dr.asim@heartclinic.com,8:00 AM to 7:00 PM,,,Can you tell me Dr. Asim's credentials?,"Yes, Dr. Asim has MBBS, MD Cardiology, Fellow of American College of Cardiology.",1368,ڈاکٹری_قابلیت_انکوائری
1369,Doctor_Qualification_Inquiry,formal,Sana,Dr. Asim,Cardiologist,1500,"MBBS, MD Cardiology, Fellow of American College of Cardiology",15 years,"Asim Heart Clinic, Main Bazaar Road, City Center",3001234567,dr.asim@heartclinic.com,8:00 AM to 7:00 PM,,,Can you tell me Dr. Asim's credentials?,"Yes, Dr. Asim has MBBS, MD Cardiology, Fellow of American College of Cardiology.",1369,ڈاکٹری_قابلیت_انکوائری
1370,Doctor_Qualification_Inquiry,casual,Amina,Dr. Asim,Cardiologist,1500,"MBBS, MD Cardiology, Fellow of American College of Cardiology",15 years,"Asim Heart Clinic, Main Bazaar Road, City Center",3001234567,dr.asim@heartclinic.com,8:00 AM to 7:00 PM,,,Dr. Asim ki degree kya hai?,"MBBS, MD Cardiology, Fellow of American College of Cardiology hai.",1370,ڈاکٹری_قابلیت_انکوائری
1371,Doctor_Qualification_Inquiry,casual,Ali,Dr. Asim,Cardiologist,1500,"MBBS, MD Cardiology, Fellow of American College of Cardiology",15 years,"Asim Heart Clinic, Main Bazaar Road, City Center",3001234567,dr.asim@heartclinic.com,8:00 AM to 7:00 PM,,,Dr. Asim ki degree kya hai?,"MBBS, MD Cardiology, Fellow of American College of Cardiology hai.",1371,ڈاکٹری_قابلیت_انکوائری
1372,Doctor_Qualification_Inquiry,casual,Farida,Dr. Asim,Cardiologist,1500,"MBBS, MD Cardiology, Fellow of American College of Cardiology",15 years,"Asim Heart Clinic, Main Bazaar Road, City Center",3001234567,dr.asim@heartclinic.com,8:00 AM to 7:00 PM,,,Dr. Asim ki degree kya hai?,"MBBS, MD Cardiology, Fellow of American College of Cardiology hai.",1372,ڈاکٹری_قابلیت_انکوائری
1373,Doctor_Qualification_Inquiry,casual,Noor,Dr. Asim,Cardiologist,1500,"MBBS, MD Cardiology, Fellow of American College of Cardiology",15 years,"Asim Heart Clinic, Main Bazaar Road, City Center",3001234567,dr.asim@heartclinic.com,8:00 AM to 7:00 PM,,,Dr. Asim ki degree kya hai?,"MBBS, MD Cardiology, Fellow of American College of Cardiology hai.",1373,ڈاکٹری_قابلیت_انکوائری
1374,Doctor_Qualification_Inquiry,casual,Farida,Dr. Asim,Cardiologist,1500,"MBBS, MD Cardiology, Fellow of American College of Cardiology",15 years,"Asim Heart Clinic, Main Bazaar Road, City Center",3001234567,dr.asim@heartclinic.com,8:00 AM to 7:00 PM,,,Dr. Asim ki degree kya hai?,"MBBS, MD Cardiology, Fellow of American College of Cardiology hai.",1374,ڈاکٹری_قابلیت_انکوائری
1375,Doctor_Qualification_Inquiry,casual,Ayesha,Dr. Asim,Cardiologist,1500,"MBBS, MD Cardiology, Fellow of American College of Cardiology",15 years,"Asim Heart Clinic, Main Bazaar Road, City Center",3001234567,dr.asim@heartclinic.com,8:00 AM to 7:00 PM,,,Dr. Asim ki degree kya hai?,"MBBS, MD Cardiology, Fellow of American College of Cardiology hai.",1375,ڈاکٹری_قابلیت_انکوائری
1376,Doctor_Qualification_Inquiry,casual,Mina,Dr. Asim,Cardiologist,1500,"MBBS, MD Cardiology, Fellow of American College of Cardiology",15 years,"Asim Heart Clinic, Main Bazaar Road, City Center",3001234567,dr.asim@heartclinic.com,8:00 AM to 7:00 PM,,,Dr. Asim ki degree kya hai?,"MBBS, MD Cardiology, Fellow of American College of Cardiology hai.",1376,ڈاکٹری_قابلیت_انکوائری
1377,Doctor_Qualification_Inquiry,casual,Malik,Dr. Asim,Cardiologist,1500,"MBBS, MD Cardiology, Fellow of American College of Cardiology",15 years,"Asim Heart Clinic, Main Bazaar Road, City Center",3001234567,dr.asim@heartclinic.com,8:00 AM to 7:00 PM,,,Dr. Asim ki degree kya hai?,"MBBS, MD Cardiology, Fellow of American College of Cardiology hai.",1377,ڈاکٹری_قابلیت_انکوائری
1378,Doctor_Qualification_Inquiry,casual,Ali,Dr. Asim,Cardiologist,1500,"MBBS, MD Cardiology, Fellow of American College of Cardiology",15 years,"Asim Heart Clinic, Main Bazaar Road, City Center",3001234567,dr.asim@heartclinic.com,8:00 AM to 7:00 PM,,,Dr. Asim ki degree kya hai?,"MBBS, MD Cardiology, Fellow of American College of Cardiology hai.",1378,ڈاکٹری_قابلیت_انکوائری
1379,Doctor_Qualification_Inquiry,casual,Rashid,Dr. Asim,Cardiologist,1500,"MBBS, MD Cardiology, Fellow of American College of Cardiology",15 years,"Asim Heart Clinic, Main Bazaar Road, City Center",3001234567,dr.asim@heartclinic.com,8:00 AM to 7:00 PM,,,Dr. Asim ki degree kya hai?,"MBBS, MD Cardiology, Fellow of American College of Cardiology hai.",1379,ڈاکٹری_قابلیت_انکوائری
1380,Doctor_Qualification_Inquiry,casual,Nida,Dr. Asim,Cardiologist,1500,"MBBS, MD Cardiology, Fellow of American College of Cardiology",15 years,"Asim Heart Clinic, Main Bazaar Road, City Center",3001234567,dr.asim@heartclinic.com,8:00 AM to 7:00 PM,,,Dr. Asim ki degree kya hai?,"MBBS, MD Cardiology, Fellow of American College of Cardiology hai.",1380,ڈاکٹری_قابلیت_انکوائری
1381,Doctor_Qualification_Inquiry,casual,Salim,Dr. Asim,Cardiologist,1500,"MBBS, MD Cardiology, Fellow of American College of Cardiology",15 years,"Asim Heart Clinic, Main Bazaar Road, City Center",3001234567,dr.asim@heartclinic.com,8:00 AM to 7:00 PM,,,Dr. Asim ki degree kya hai?,"MBBS, MD Cardiology, Fellow of American College of Cardiology hai.",1381,ڈاکٹری_قابلیت_انکوائری
1382,Doctor_Qualification_Inquiry,casual,Ayesha,Dr. Asim,Cardiologist,1500,"MBBS, MD Cardiology, Fellow of American College of Cardiology",15 years,"Asim Heart Clinic, Main Bazaar Road, City Center",3001234567,dr.asim@heartclinic.com,8:00 AM to 7:00 PM,,,Dr. Asim ki degree kya hai?,"MBBS, MD Cardiology, Fellow of American College of Cardiology hai.",1382,ڈاکٹری_قابلیت_انکوائری
1383,Doctor_Qualification_Inquiry,casual,Malik,Dr. Asim,Cardiologist,1500,"MBBS, MD Cardiology, Fellow of American College of Cardiology",15 years,"Asim Heart Clinic, Main Bazaar Road, City Center",3001234567,dr.asim@heartclinic.com,8:00 AM to 7:00 PM,,,Dr. Asim ki degree kya hai?,"MBBS, MD Cardiology, Fellow of American College of Cardiology hai.",1383,ڈاکٹری_قابلیت_انکوائری
1384,Doctor_Qualification_Inquiry,casual,Samir,Dr. Asim,Cardiologist,1500,"MBBS, MD Cardiology, Fellow of American College of Cardiology",15 years,"Asim Heart Clinic, Main Bazaar Road, City Center",3001234567,dr.asim@heartclinic.com,8:00 AM to 7:00 PM,,,Dr. Asim ki degree kya hai?,"MBBS, MD Cardiology, Fellow of American College of Cardiology hai.",1384,ڈاکٹری_قابلیت_انکوائری
1385,Doctor_Qualification_Inquiry,casual,Ayesha,Dr. Asim,Cardiologist,1500,"MBBS, MD Cardiology, Fellow of American College of Cardiology",15 years,"Asim Heart Clinic, Main Bazaar Road, City Center",3001234567,dr.asim@heartclinic.com,8:00 AM to 7:00 PM,,,Dr. Asim kitne padhe likhe hain?,"MBBS, MD Cardiology, Fellow of American College of Cardiology qualified.",1385,ڈاکٹری_قابلیت_انکوائری
1386,Doctor_Qualification_Inquiry,casual,Rukhsana,Dr. Asim,Cardiologist,1500,"MBBS, MD Cardiology, Fellow of American College of Cardiology",15 years,"Asim Heart Clinic, Main Bazaar Road, City Center",3001234567,dr.asim@heartclinic.com,8:00 AM to 7:00 PM,,,Dr. Asim kitne padhe likhe hain?,"MBBS, MD Cardiology, Fellow of American College of Cardiology qualified.",1386,ڈاکٹری_قابلیت_انکوائری
1387,Doctor_Qualification_Inquiry,casual,Malik,Dr. Asim,Cardiologist,1500,"MBBS, MD Cardiology, Fellow of American College of Cardiology",15 years,"Asim Heart Clinic, Main Bazaar Road, City Center",3001234567,dr.asim@heartclinic.com,8:00 AM to 7:00 PM,,,Dr. Asim kitne padhe likhe hain?,"MBBS, MD Cardiology, Fellow of American College of Cardiology qualified.",1387,ڈاکٹری_قابلیت_انکوائری
1388,Doctor_Qualification_Inquiry,casual,Salim,Dr. Asim,Cardiologist,1500,"MBBS, MD Cardiology, Fellow of American College of Cardiology",15 years,"Asim Heart Clinic, Main Bazaar Road, City Center",3001234567,dr.asim@heartclinic.com,8:00 AM to 7:00 PM,,,Dr. Asim kitne padhe likhe hain?,"MBBS, MD Cardiology, Fellow of American College of Cardiology qualified.",1388,ڈاکٹری_قابلیت_انکوائری
1389,Doctor_Qualification_Inquiry,casual,Hamza,Dr. Asim,Cardiologist,1500,"MBBS, MD Cardiology, Fellow of American College of Cardiology",15 years,"Asim Heart Clinic, Main Bazaar Road, City Center",3001234567,dr.asim@heartclinic.com,8:00 AM to 7:00 PM,,,Dr. Asim kitne padhe likhe hain?,"MBBS, MD Cardiology, Fellow of American College of Cardiology qualified.",1389,ڈاکٹری_قابلیت_انکوائری
1390,Doctor_Qualification_Inquiry,casual,Tariq,Dr. Asim,Cardiologist,1500,"MBBS, MD Cardiology, Fellow of American College of Cardiology",15 years,"Asim Heart Clinic, Main Bazaar Road, City Center",3001234567,dr.asim@heartclinic.com,8:00 AM to 7:00 PM,,,Dr. Asim kitne padhe likhe hain?,"MBBS, MD Cardiology, Fellow of American College of Cardiology qualified.",1390,ڈاکٹری_قابلیت_انکوائری
1391,Doctor_Qualification_Inquiry,casual,Wasim,Dr. Asim,Cardiologist,1500,"MBBS, MD Cardiology, Fellow of American College of Cardiology",15 years,"Asim Heart Clinic, Main Bazaar Road, City Center",3001234567,dr.asim@heartclinic.com,8:00 AM to 7:00 PM,,,Dr. Asim kitne padhe likhe hain?,"MBBS, MD Cardiology, Fellow of American College of Cardiology qualified.",1391,ڈاکٹری_قابلیت_انکوائری
1392,Doctor_Qualification_Inquiry,casual,Sana,Dr. Asim,Cardiologist,1500,"MBBS, MD Cardiology, Fellow of American College of Cardiology",15 years,"Asim Heart Clinic, Main Bazaar Road, City Center",3001234567,dr.asim@heartclinic.com,8:00 AM to 7:00 PM,,,Dr. Asim kitne padhe likhe hain?,"MBBS, MD Cardiology, Fellow of American College of Cardiology qualified.",1392,ڈاکٹری_قابلیت_انکوائری
1393,Doctor_Qualification_Inquiry,casual,Salim,Dr. Asim,Cardiologist,1500,"MBBS, MD Cardiology, Fellow of American College of Cardiology",15 years,"Asim Heart Clinic, Main Bazaar Road, City Center",3001234567,dr.asim@heartclinic.com,8:00 AM to 7:00 PM,,,Dr. Asim kitne padhe likhe hain?,"MBBS, MD Cardiology, Fellow of American College of Cardiology qualified.",1393,ڈاکٹری_قابلیت_انکوائری
1394,Doctor_Qualification_Inquiry,casual,Noor,Dr. Asim,Cardiologist,1500,"MBBS, MD Cardiology, Fellow of American College of Cardiology",15 years,"Asim Heart Clinic, Main Bazaar Road, City Center",3001234567,dr.asim@heartclinic.com,8:00 AM to 7:00 PM,,,Dr. Asim kitne padhe likhe hain?,"MBBS, MD Cardiology, Fellow of American College of Cardiology qualified.",1394,ڈاکٹری_قابلیت_انکوائری
1395,Doctor_Qualification_Inquiry,casual,Farida,Dr. Asim,Cardiologist,1500,"MBBS, MD Cardiology, Fellow of American College of Cardiology",15 years,"Asim Heart Clinic, Main Bazaar Road, City Center",3001234567,dr.asim@heartclinic.com,8:00 AM to 7:00 PM,,,Dr. Asim kitne padhe likhe hain?,"MBBS, MD Cardiology, Fellow of American College of Cardiology qualified.",1395,ڈاکٹری_قابلیت_انکوائری
1396,Doctor_Qualification_Inquiry,casual,Mina,Dr. Asim,Cardiologist,1500,"MBBS, MD Cardiology, Fellow of American College of Cardiology",15 years,"Asim Heart Clinic, Main Bazaar Road, City Center",3001234567,dr.asim@heartclinic.com,8:00 AM to 7:00 PM,,,Dr. Asim kitne padhe likhe hain?,"MBBS, MD Cardiology, Fellow of American College of Cardiology qualified.",1396,ڈاکٹری_قابلیت_انکوائری
1397,Doctor_Qualification_Inquiry,casual,Wasim,Dr. Asim,Cardiologist,1500,"MBBS, MD Cardiology, Fellow of American College of Cardiology",15 years,"Asim Heart Clinic, Main Bazaar Road, City Center",3001234567,dr.asim@heartclinic.com,8:00 AM to 7:00 PM,,,Dr. Asim kitne padhe likhe hain?,"MBBS, MD Cardiology, Fellow of American College of Cardiology qualified.",1397,ڈاکٹری_قابلیت_انکوائری
1398,Doctor_Qualification_Inquiry,casual,Zainab,Dr. Asim,Cardiologist,1500,"MBBS, MD Cardiology, Fellow of American College of Cardiology",15 years,"Asim Heart Clinic, Main Bazaar Road, City Center",3001234567,dr.asim@heartclinic.com,8:00 AM to 7:00 PM,,,Dr. Asim kitne padhe likhe hain?,"MBBS, MD Cardiology, Fellow of American College of Cardiology qualified.",1398,ڈاکٹری_قابلیت_انکوائری
1399,Doctor_Qualification_Inquiry,casual,Faisal,Dr. Asim,Cardiologist,1500,"MBBS, MD Cardiology, Fellow of American College of Cardiology",15 years,"Asim Heart Clinic, Main Bazaar Road, City Center",3001234567,dr.asim@heartclinic.com,8:00 AM to 7:00 PM,,,Dr. Asim kitne padhe likhe hain?,"MBBS, MD Cardiology, Fellow of American College of Cardiology qualified.",1399,ڈاکٹری_قابلیت_انکوائری
1400,Clinic_Address_Inquiry,formal,Mina,Dr. Asim,Cardiologist,1500,"MBBS, MD Cardiology, Fellow of American College of Cardiology",15 years,"Asim Heart Clinic, Main Bazaar Road, City Center",3001234567,dr.asim@heartclinic.com,8:00 AM to 7:00 PM,,,Where is Dr. Asim's clinic located?,"The clinic is at Asim Heart Clinic, Main Bazaar Road, City Center.",1400,کلینک_ایڈریس_انکوائری
1401,Clinic_Address_Inquiry,formal,Aisha,Dr. Asim,Cardiologist,1500,"MBBS, MD Cardiology, Fellow of American College of Cardiology",15 years,"Asim Heart Clinic, Main Bazaar Road, City Center",3001234567,dr.asim@heartclinic.com,8:00 AM to 7:00 PM,,,Where is Dr. Asim's clinic located?,"The clinic is at Asim Heart Clinic, Main Bazaar Road, City Center.",1401,کلینک_ایڈریس_انکوائری
1402,Clinic_Address_Inquiry,formal,Bilal,Dr. Asim,Cardiologist,1500,"MBBS, MD Cardiology, Fellow of American College of Cardiology",15 years,"Asim Heart Clinic, Main Bazaar Road, City Center",3001234567,dr.asim@heartclinic.com,8:00 AM to 7:00 PM,,,Where is Dr. Asim's clinic located?,"The clinic is at Asim Heart Clinic, Main Bazaar Road, City Center.",1402,کلینک_ایڈریس_انکوائری
1403,Clinic_Address_Inquiry,formal,Sara,Dr. Asim,Cardiologist,1500,"MBBS, MD Cardiology, Fellow of American College of Cardiology",15 years,"Asim Heart Clinic, Main Bazaar Road, City Center",3001234567,dr.asim@heartclinic.com,8:00 AM to 7:00 PM,,,Where is Dr. Asim's clinic located?,"The clinic is at Asim Heart Clinic, Main Bazaar Road, City Center.",1403,کلینک_ایڈریس_انکوائری
1404,Clinic_Address_Inquiry,formal,Faisal,Dr. Asim,Cardiologist,1500,"MBBS, MD Cardiology, Fellow of American College of Cardiology",15 years,"Asim Heart Clinic, Main Bazaar Road, City Center",3001234567,dr.asim@heartclinic.com,8:00 AM to 7:00 PM,,,Where is Dr. Asim's clinic located?,"The clinic is at Asim Heart Clinic, Main Bazaar Road, City Center.",1404,کلینک_ایڈریس_انکوائری
1405,Clinic_Address_Inquiry,formal,Usman,Dr. Asim,Cardiologist,1500,"MBBS, MD Cardiology, Fellow of American College of Cardiology",15 years,"Asim Heart Clinic, Main Bazaar Road, City Center",3001234567,dr.asim@heartclinic.com,8:00 AM to 7:00 PM,,,Where is Dr. Asim's clinic located?,"The clinic is at Asim Heart Clinic, Main Bazaar Road, City Center.",1405,کلینک_ایڈریس_انکوائری
1406,Clinic_Address_Inquiry,formal,Hira,Dr. Asim,Cardiologist,1500,"MBBS, MD Cardiology, Fellow of American College of Cardiology",15 years,"Asim Heart Clinic, Main Bazaar Road, City Center",3001234567,dr.asim@heartclinic.com,8:00 AM to 7:00 PM,,,Where is Dr. Asim's clinic located?,"The clinic is at Asim Heart Clinic, Main Bazaar Road, City Center.",1406,کلینک_ایڈریس_انکوائری
1407,Clinic_Address_Inquiry,formal,Mina,Dr. Asim,Cardiologist,1500,"MBBS, MD Cardiology, Fellow of American College of Cardiology",15 years,"Asim Heart Clinic, Main Bazaar Road, City Center",3001234567,dr.asim@heartclinic.com,8:00 AM to 7:00 PM,,,Where is Dr. Asim's clinic located?,"The clinic is at Asim Heart Clinic, Main Bazaar Road, City Center.",1407,کلینک_ایڈریس_انکوائری
1408,Clinic_Address_Inquiry,formal,Karim,Dr. Asim,Cardiologist,1500,"MBBS, MD Cardiology, Fellow of American College of Cardiology",15 years,"Asim Heart Clinic, Main Bazaar Road, City Center",3001234567,dr.asim@heartclinic.com,8:00 AM to 7:00 PM,,,Where is Dr. Asim's clinic located?,"The clinic is at Asim Heart Clinic, Main Bazaar Road, City Center.",1408,کلینک_ایڈریس_انکوائری
1409,Clinic_Address_Inquiry,formal,Salim,Dr. Asim,Cardiologist,1500,"MBBS, MD Cardiology, Fellow of American College of Cardiology",15 years,"Asim Heart Clinic, Main Bazaar Road, City Center",3001234567,dr.asim@heartclinic.com,8:00 AM to 7:00 PM,,,Where is Dr. Asim's clinic located?,"The clinic is at Asim Heart Clinic, Main Bazaar Road, City Center.",1409,کلینک_ایڈریس_انکوائری
1410,Clinic_Address_Inquiry,formal,Aisha,Dr. Asim,Cardiologist,1500,"MBBS, MD Cardiology, Fellow of American College of Cardiology",15 years,"Asim Heart Clinic, Main Bazaar Road, City Center",3001234567,dr.asim@heartclinic.com,8:00 AM to 7:00 PM,,,Where is Dr. Asim's clinic located?,"The clinic is at Asim Heart Clinic, Main Bazaar Road, City Center.",1410,کلینک_ایڈریس_انکوائری
1411,Clinic_Address_Inquiry,formal,Malik,Dr. Asim,Cardiologist,1500,"MBBS, MD Cardiology, Fellow of American College of Cardiology",15 years,"Asim Heart Clinic, Main Bazaar Road, City Center",3001234567,dr.asim@heartclinic.com,8:00 AM to 7:00 PM,,,Where is Dr. Asim's clinic located?,"The clinic is at Asim Heart Clinic, Main Bazaar Road, City Center.",1411,کلینک_ایڈریس_انکوائری
1412,Clinic_Address_Inquiry,formal,Nasrin,Dr. Asim,Cardiologist,1500,"MBBS, MD Cardiology, Fellow of American College of Cardiology",15 years,"Asim Heart Clinic, Main Bazaar Road, City Center",3001234567,dr.asim@heartclinic.com,8:00 AM to 7:00 PM,,,Where is Dr. Asim's clinic located?,"The clinic is at Asim Heart Clinic, Main Bazaar Road, City Center.",1412,کلینک_ایڈریس_انکوائری
1413,Clinic_Address_Inquiry,formal,Rashid,Dr. Asim,Cardiologist,1500,"MBBS, MD Cardiology, Fellow of American College of Cardiology",15 years,"Asim Heart Clinic, Main Bazaar Road, City Center",3001234567,dr.asim@heartclinic.com,8:00 AM to 7:00 PM,,,Where is Dr. Asim's clinic located?,"The clinic is at Asim Heart Clinic, Main Bazaar Road, City Center.",1413,کلینک_ایڈریس_انکوائری
1414,Clinic_Address_Inquiry,formal,Ali,Dr. Asim,Cardiologist,1500,"MBBS, MD Cardiology, Fellow of American College of Cardiology",15 years,"Asim Heart Clinic, Main Bazaar Road, City Center",3001234567,dr.asim@heartclinic.com,8:00 AM to 7:00 PM,,,Where is Dr. Asim's clinic located?,"The clinic is at Asim Heart Clinic, Main Bazaar Road, City Center.",1414,کلینک_ایڈریس_انکوائری
1415,Clinic_Address_Inquiry,formal,Faisal,Dr. Asim,Cardiologist,1500,"MBBS, MD Cardiology, Fellow of American College of Cardiology",15 years,"Asim Heart Clinic, Main Bazaar Road, City Center",3001234567,dr.asim@heartclinic.com,8:00 AM to 7:00 PM,,,What is Dr. Asim's clinic address?,"We are located at Asim Heart Clinic, Main Bazaar Road, City Center.",1415,کلینک_ایڈریس_انکوائری
1416,Clinic_Address_Inquiry,formal,Samir,Dr. Asim,Cardiologist,1500,"MBBS, MD Cardiology, Fellow of American College of Cardiology",15 years,"Asim Heart Clinic, Main Bazaar Road, City Center",3001234567,dr.asim@heartclinic.com,8:00 AM to 7:00 PM,,,What is Dr. Asim's clinic address?,"We are located at Asim Heart Clinic, Main Bazaar Road, City Center.",1416,کلینک_ایڈریس_انکوائری
1417,Clinic_Address_Inquiry,formal,Faisal,Dr. Asim,Cardiologist,1500,"MBBS, MD Cardiology, Fellow of American College of Cardiology",15 years,"Asim Heart Clinic, Main Bazaar Road, City Center",3001234567,dr.asim@heartclinic.com,8:00 AM to 7:00 PM,,,What is Dr. Asim's clinic address?,"We are located at Asim Heart Clinic, Main Bazaar Road, City Center.",1417,کلینک_ایڈریس_انکوائری
1418,Clinic_Address_Inquiry,formal,Nasrin,Dr. Asim,Cardiologist,1500,"MBBS, MD Cardiology, Fellow of American College of Cardiology",15 years,"Asim Heart Clinic, Main Bazaar Road, City Center",3001234567,dr.asim@heartclinic.com,8:00 AM to 7:00 PM,,,What is Dr. Asim's clinic address?,"We are located at Asim Heart Clinic, Main Bazaar Road, City Center.",1418,کلینک_ایڈریس_انکوائری
1419,Clinic_Address_Inquiry,formal,Samir,Dr. Asim,Cardiologist,1500,"MBBS, MD Cardiology, Fellow of American College of Cardiology",15 years,"Asim Heart Clinic, Main Bazaar Road, City Center",3001234567,dr.asim@heartclinic.com,8:00 AM to 7:00 PM,,,What is Dr. Asim's clinic address?,"We are located at Asim Heart Clinic, Main Bazaar Road, City Center.",1419,کلینک_ایڈریس_انکوائری
1420,Clinic_Address_Inquiry,formal,Faisal,Dr. Asim,Cardiologist,1500,"MBBS, MD Cardiology, Fellow of American College of Cardiology",15 years,"Asim Heart Clinic, Main Bazaar Road, City Center",3001234567,dr.asim@heartclinic.com,8:00 AM to 7:00 PM,,,What is Dr. Asim's clinic address?,"We are located at Asim Heart Clinic, Main Bazaar Road, City Center.",1420,کلینک_ایڈریس_انکوائری
1421,Clinic_Address_Inquiry,formal,Nida,Dr. Asim,Cardiologist,1500,"MBBS, MD Cardiology, Fellow of American College of Cardiology",15 years,"Asim Heart Clinic, Main Bazaar Road, City Center",3001234567,dr.asim@heartclinic.com,8:00 AM to 7:00 PM,,,What is Dr. Asim's clinic address?,"We are located at Asim Heart Clinic, Main Bazaar Road, City Center.",1421,کلینک_ایڈریس_انکوائری
1422,Clinic_Address_Inquiry,formal,Faisal,Dr. Asim,Cardiologist,1500,"MBBS, MD Cardiology, Fellow of American College of Cardiology",15 years,"Asim Heart Clinic, Main Bazaar Road, City Center",3001234567,dr.asim@heartclinic.com,8:00 AM to 7:00 PM,,,What is Dr. Asim's clinic address?,"We are located at Asim Heart Clinic, Main Bazaar Road, City Center.",1422,کلینک_ایڈریس_انکوائری
1423,Clinic_Address_Inquiry,formal,Wasim,Dr. Asim,Cardiologist,1500,"MBBS, MD Cardiology, Fellow of American College of Cardiology",15 years,"Asim Heart Clinic, Main Bazaar Road, City Center",3001234567,dr.asim@heartclinic.com,8:00 AM to 7:00 PM,,,What is Dr. Asim's clinic address?,"We are located at Asim Heart Clinic, Main Bazaar Road, City Center.",1423,کلینک_ایڈریس_انکوائری
1424,Clinic_Address_Inquiry,formal,Aisha,Dr. Asim,Cardiologist,1500,"MBBS, MD Cardiology, Fellow of American College of Cardiology",15 years,"Asim Heart Clinic, Main Bazaar Road, City Center",3001234567,dr.asim@heartclinic.com,8:00 AM to 7:00 PM,,,What is Dr. Asim's clinic address?,"We are located at Asim Heart Clinic, Main Bazaar Road, City Center.",1424,کلینک_ایڈریس_انکوائری
1425,Clinic_Address_Inquiry,formal,Hassan,Dr. Asim,Cardiologist,1500,"MBBS, MD Cardiology, Fellow of American College of Cardiology",15 years,"Asim Heart Clinic, Main Bazaar Road, City Center",3001234567,dr.asim@heartclinic.com,8:00 AM to 7:00 PM,,,What is Dr. Asim's clinic address?,"We are located at Asim Heart Clinic, Main Bazaar Road, City Center.",1425,کلینک_ایڈریس_انکوائری
1426,Clinic_Address_Inquiry,formal,Fatima,Dr. Asim,Cardiologist,1500,"MBBS, MD Cardiology, Fellow of American College of Cardiology",15 years,"Asim Heart Clinic, Main Bazaar Road, City Center",3001234567,dr.asim@heartclinic.com,8:00 AM to 7:00 PM,,,What is Dr. Asim's clinic address?,"We are located at Asim Heart Clinic, Main Bazaar Road, City Center.",1426,کلینک_ایڈریس_انکوائری
1427,Clinic_Address_Inquiry,formal,Layla,Dr. Asim,Cardiologist,1500,"MBBS, MD Cardiology, Fellow of American College of Cardiology",15 years,"Asim Heart Clinic, Main Bazaar Road, City Center",3001234567,dr.asim@heartclinic.com,8:00 AM to 7:00 PM,,,What is Dr. Asim's clinic address?,"We are located at Asim Heart Clinic, Main Bazaar Road, City Center.",1427,کلینک_ایڈریس_انکوائری
1428,Clinic_Address_Inquiry,formal,Salim,Dr. Asim,Cardiologist,1500,"MBBS, MD Cardiology, Fellow of American College of Cardiology",15 years,"Asim Heart Clinic, Main Bazaar Road, City Center",3001234567,dr.asim@heartclinic.com,8:00 AM to 7:00 PM,,,What is Dr. Asim's clinic address?,"We are located at Asim Heart Clinic, Main Bazaar Road, City Center.",1428,کلینک_ایڈریس_انکوائری
1429,Clinic_Address_Inquiry,formal,Noor,Dr. Asim,Cardiologist,1500,"MBBS, MD Cardiology, Fellow of American College of Cardiology",15 years,"Asim Heart Clinic, Main Bazaar Road, City Center",3001234567,dr.asim@heartclinic.com,8:00 AM to 7:00 PM,,,What is Dr. Asim's clinic address?,"We are located at Asim Heart Clinic, Main Bazaar Road, City Center.",1429,کلینک_ایڈریس_انکوائری
1430,Clinic_Address_Inquiry,formal,Ayesha,Dr. Asim,Cardiologist,1500,"MBBS, MD Cardiology, Fellow of American College of Cardiology",15 years,"Asim Heart Clinic, Main Bazaar Road, City Center",3001234567,dr.asim@heartclinic.com,8:00 AM to 7:00 PM,,,Can you tell me how to reach Dr. Asim's clinic?,"Our clinic is at Asim Heart Clinic, Main Bazaar Road, City Center.",1430,کلینک_ایڈریس_انکوائری
1431,Clinic_Address_Inquiry,formal,Hassan,Dr. Asim,Cardiologist,1500,"MBBS, MD Cardiology, Fellow of American College of Cardiology",15 years,"Asim Heart Clinic, Main Bazaar Road, City Center",3001234567,dr.asim@heartclinic.com,8:00 AM to 7:00 PM,,,Can you tell me how to reach Dr. Asim's clinic?,"Our clinic is at Asim Heart Clinic, Main Bazaar Road, City Center.",1431,کلینک_ایڈریس_انکوائری
1432,Clinic_Address_Inquiry,formal,Ahmed,Dr. Asim,Cardiologist,1500,"MBBS, MD Cardiology, Fellow of American College of Cardiology",15 years,"Asim Heart Clinic, Main Bazaar Road, City Center",3001234567,dr.asim@heartclinic.com,8:00 AM to 7:00 PM,,,Can you tell me how to reach Dr. Asim's clinic?,"Our clinic is at Asim Heart Clinic, Main Bazaar Road, City Center.",1432,کلینک_ایڈریس_انکوائری
1433,Clinic_Address_Inquiry,formal,Noor,Dr. Asim,Cardiologist,1500,"MBBS, MD Cardiology, Fellow of American College of Cardiology",15 years,"Asim Heart Clinic, Main Bazaar Road, City Center",3001234567,dr.asim@heartclinic.com,8:00 AM to 7:00 PM,,,Can you tell me how to reach Dr. Asim's clinic?,"Our clinic is at Asim Heart Clinic, Main Bazaar Road, City Center.",1433,کلینک_ایڈریس_انکوائری
1434,Clinic_Address_Inquiry,formal,Ahmed,Dr. Asim,Cardiologist,1500,"MBBS, MD Cardiology, Fellow of American College of Cardiology",15 years,"Asim Heart Clinic, Main Bazaar Road, City Center",3001234567,dr.asim@heartclinic.com,8:00 AM to 7:00 PM,,,Can you tell me how to reach Dr. Asim's clinic?,"Our clinic is at Asim Heart Clinic, Main Bazaar Road, City Center.",1434,کلینک_ایڈریس_انکوائری
1435,Clinic_Address_Inquiry,formal,Bilal,Dr. Asim,Cardiologist,1500,"MBBS, MD Cardiology, Fellow of American College of Cardiology",15 years,"Asim Heart Clinic, Main Bazaar Road, City Center",3001234567,dr.asim@heartclinic.com,8:00 AM to 7:00 PM,,,Can you tell me how to reach Dr. Asim's clinic?,"Our clinic is at Asim Heart Clinic, Main Bazaar Road, City Center.",1435,کلینک_ایڈریس_انکوائری
1436,Clinic_Address_Inquiry,formal,Rukhsana,Dr. Asim,Cardiologist,1500,"MBBS, MD Cardiology, Fellow of American College of Cardiology",15 years,"Asim Heart Clinic, Main Bazaar Road, City Center",3001234567,dr.asim@heartclinic.com,8:00 AM to 7:00 PM,,,Can you tell me how to reach Dr. Asim's clinic?,"Our clinic is at Asim Heart Clinic, Main Bazaar Road, City Center.",1436,کلینک_ایڈریس_انکوائری
1437,Clinic_Address_Inquiry,formal,Malik,Dr. Asim,Cardiologist,1500,"MBBS, MD Cardiology, Fellow of American College of Cardiology",15 years,"Asim Heart Clinic, Main Bazaar Road, City Center",3001234567,dr.asim@heartclinic.com,8:00 AM to 7:00 PM,,,Can you tell me how to reach Dr. Asim's clinic?,"Our clinic is at Asim Heart Clinic, Main Bazaar Road, City Center.",1437,کلینک_ایڈریس_انکوائری
1438,Clinic_Address_Inquiry,formal,Hira,Dr. Asim,Cardiologist,1500,"MBBS, MD Cardiology, Fellow of American College of Cardiology",15 years,"Asim Heart Clinic, Main Bazaar Road, City Center",3001234567,dr.asim@heartclinic.com,8:00 AM to 7:00 PM,,,Can you tell me how to reach Dr. Asim's clinic?,"Our clinic is at Asim Heart Clinic, Main Bazaar Road, City Center.",1438,کلینک_ایڈریس_انکوائری
1439,Clinic_Address_Inquiry,formal,Faisal,Dr. Asim,Cardiologist,1500,"MBBS, MD Cardiology, Fellow of American College of Cardiology",15 years,"Asim Heart Clinic, Main Bazaar Road, City Center",3001234567,dr.asim@heartclinic.com,8:00 AM to 7:00 PM,,,Can you tell me how to reach Dr. Asim's clinic?,"Our clinic is at Asim Heart Clinic, Main Bazaar Road, City Center.",1439,کلینک_ایڈریس_انکوائری
1440,Clinic_Address_Inquiry,formal,Nida,Dr. Asim,Cardiologist,1500,"MBBS, MD Cardiology, Fellow of American College of Cardiology",15 years,"Asim Heart Clinic, Main Bazaar Road, City Center",3001234567,dr.asim@heartclinic.com,8:00 AM to 7:00 PM,,,Can you tell me how to reach Dr. Asim's clinic?,"Our clinic is at Asim Heart Clinic, Main Bazaar Road, City Center.",1440,کلینک_ایڈریس_انکوائری
1441,Clinic_Address_Inquiry,formal,Karim,Dr. Asim,Cardiologist,1500,"MBBS, MD Cardiology, Fellow of American College of Cardiology",15 years,"Asim Heart Clinic, Main Bazaar Road, City Center",3001234567,dr.asim@heartclinic.com,8:00 AM to 7:00 PM,,,Can you tell me how to reach Dr. Asim's clinic?,"Our clinic is at Asim Heart Clinic, Main Bazaar Road, City Center.",1441,کلینک_ایڈریس_انکوائری
1442,Clinic_Address_Inquiry,formal,Mina,Dr. Asim,Cardiologist,1500,"MBBS, MD Cardiology, Fellow of American College of Cardiology",15 years,"Asim Heart Clinic, Main Bazaar Road, City Center",3001234567,dr.asim@heartclinic.com,8:00 AM to 7:00 PM,,,Can you tell me how to reach Dr. Asim's clinic?,"Our clinic is at Asim Heart Clinic, Main Bazaar Road, City Center.",1442,کلینک_ایڈریس_انکوائری
1443,Clinic_Address_Inquiry,formal,Nida,Dr. Asim,Cardiologist,1500,"MBBS, MD Cardiology, Fellow of American College of Cardiology",15 years,"Asim Heart Clinic, Main Bazaar Road, City Center",3001234567,dr.asim@heartclinic.com,8:00 AM to 7:00 PM,,,Can you tell me how to reach Dr. Asim's clinic?,"Our clinic is at Asim Heart Clinic, Main Bazaar Road, City Center.",1443,کلینک_ایڈریس_انکوائری
1444,Clinic_Address_Inquiry,formal,Ahmed,Dr. Asim,Cardiologist,1500,"MBBS, MD Cardiology, Fellow of American College of Cardiology",15 years,"Asim Heart Clinic, Main Bazaar Road, City Center",3001234567,dr.asim@heartclinic.com,8:00 AM to 7:00 PM,,,Can you tell me how to reach Dr. Asim's clinic?,"Our clinic is at Asim Heart Clinic, Main Bazaar Road, City Center.",1444,کلینک_ایڈریس_انکوائری
1445,Clinic_Address_Inquiry,formal,Hamza,Dr. Asim,Cardiologist,1500,"MBBS, MD Cardiology, Fellow of American College of Cardiology",15 years,"Asim Heart Clinic, Main Bazaar Road, City Center",3001234567,dr.asim@heartclinic.com,8:00 AM to 7:00 PM,,,Where do I find Dr. Asim?,"Dr. Asim practices at Asim Heart Clinic, Main Bazaar Road, City Center.",1445,کلینک_ایڈریس_انکوائری
1446,Clinic_Address_Inquiry,formal,Farida,Dr. Asim,Cardiologist,1500,"MBBS, MD Cardiology, Fellow of American College of Cardiology",15 years,"Asim Heart Clinic, Main Bazaar Road, City Center",3001234567,dr.asim@heartclinic.com,8:00 AM to 7:00 PM,,,Where do I find Dr. Asim?,"Dr. Asim practices at Asim Heart Clinic, Main Bazaar Road, City Center.",1446,کلینک_ایڈریس_انکوائری
1447,Clinic_Address_Inquiry,formal,Hira,Dr. Asim,Cardiologist,1500,"MBBS, MD Cardiology, Fellow of American College of Cardiology",15 years,"Asim Heart Clinic, Main Bazaar Road, City Center",3001234567,dr.asim@heartclinic.com,8:00 AM to 7:00 PM,,,Where do I find Dr. Asim?,"Dr. Asim practices at Asim Heart Clinic, Main Bazaar Road, City Center.",1447,کلینک_ایڈریس_انکوائری
1448,Clinic_Address_Inquiry,formal,Bilal,Dr. Asim,Cardiologist,1500,"MBBS, MD Cardiology, Fellow of American College of Cardiology",15 years,"Asim Heart Clinic, Main Bazaar Road, City Center",3001234567,dr.asim@heartclinic.com,8:00 AM to 7:00 PM,,,Where do I find Dr. Asim?,"Dr. Asim practices at Asim Heart Clinic, Main Bazaar Road, City Center.",1448,کلینک_ایڈریس_انکوائری
1449,Clinic_Address_Inquiry,formal,Rukhsana,Dr. Asim,Cardiologist,1500,"MBBS, MD Cardiology, Fellow of American College of Cardiology",15 years,"Asim Heart Clinic, Main Bazaar Road, City Center",3001234567,dr.asim@heartclinic.com,8:00 AM to 7:00 PM,,,Where do I find Dr. Asim?,"Dr. Asim practices at Asim Heart Clinic, Main Bazaar Road, City Center.",1449,کلینک_ایڈریس_انکوائری
1450,Clinic_Address_Inquiry,formal,Farida,Dr. Asim,Cardiologist,1500,"MBBS, MD Cardiology, Fellow of American College of Cardiology",15 years,"Asim Heart Clinic, Main Bazaar Road, City Center",3001234567,dr.asim@heartclinic.com,8:00 AM to 7:00 PM,,,Where do I find Dr. Asim?,"Dr. Asim practices at Asim Heart Clinic, Main Bazaar Road, City Center.",1450,کلینک_ایڈریس_انکوائری
1451,Clinic_Address_Inquiry,formal,Fatima,Dr. Asim,Cardiologist,1500,"MBBS, MD Cardiology, Fellow of American College of Cardiology",15 years,"Asim Heart Clinic, Main Bazaar Road, City Center",3001234567,dr.asim@heartclinic.com,8:00 AM to 7:00 PM,,,Where do I find Dr. Asim?,"Dr. Asim practices at Asim Heart Clinic, Main Bazaar Road, City Center.",1451,کلینک_ایڈریس_انکوائری
1452,Clinic_Address_Inquiry,formal,Samir,Dr. Asim,Cardiologist,1500,"MBBS, MD Cardiology, Fellow of American College of Cardiology",15 years,"Asim Heart Clinic, Main Bazaar Road, City Center",3001234567,dr.asim@heartclinic.com,8:00 AM to 7:00 PM,,,Where do I find Dr. Asim?,"Dr. Asim practices at Asim Heart Clinic, Main Bazaar Road, City Center.",1452,کلینک_ایڈریس_انکوائری
1453,Clinic_Address_Inquiry,formal,Zainab,Dr. Asim,Cardiologist,1500,"MBBS, MD Cardiology, Fellow of American College of Cardiology",15 years,"Asim Heart Clinic, Main Bazaar Road, City Center",3001234567,dr.asim@heartclinic.com,8:00 AM to 7:00 PM,,,Where do I find Dr. Asim?,"Dr. Asim practices at Asim Heart Clinic, Main Bazaar Road, City Center.",1453,کلینک_ایڈریس_انکوائری
1454,Clinic_Address_Inquiry,formal,Sara,Dr. Asim,Cardiologist,1500,"MBBS, MD Cardiology, Fellow of American College of Cardiology",15 years,"Asim Heart Clinic, Main Bazaar Road, City Center",3001234567,dr.asim@heartclinic.com,8:00 AM to 7:00 PM,,,Where do I find Dr. Asim?,"Dr. Asim practices at Asim Heart Clinic, Main Bazaar Road, City Center.",1454,کلینک_ایڈریس_انکوائری
1455,Clinic_Address_Inquiry,formal,Ali,Dr. Asim,Cardiologist,1500,"MBBS, MD Cardiology, Fellow of American College of Cardiology",15 years,"Asim Heart Clinic, Main Bazaar Road, City Center",3001234567,dr.asim@heartclinic.com,8:00 AM to 7:00 PM,,,Where do I find Dr. Asim?,"Dr. Asim practices at Asim Heart Clinic, Main Bazaar Road, City Center.",1455,کلینک_ایڈریس_انکوائری
1456,Clinic_Address_Inquiry,formal,Hassan,Dr. Asim,Cardiologist,1500,"MBBS, MD Cardiology, Fellow of American College of Cardiology",15 years,"Asim Heart Clinic, Main Bazaar Road, City Center",3001234567,dr.asim@heartclinic.com,8:00 AM to 7:00 PM,,,Where do I find Dr. Asim?,"Dr. Asim practices at Asim Heart Clinic, Main Bazaar Road, City Center.",1456,کلینک_ایڈریس_انکوائری
1457,Clinic_Address_Inquiry,formal,Mina,Dr. Asim,Cardiologist,1500,"MBBS, MD Cardiology, Fellow of American College of Cardiology",15 years,"Asim Heart Clinic, Main Bazaar Road, City Center",3001234567,dr.asim@heartclinic.com,8:00 AM to 7:00 PM,,,Where do I find Dr. Asim?,"Dr. Asim practices at Asim Heart Clinic, Main Bazaar Road, City Center.",1457,کلینک_ایڈریس_انکوائری
1458,Clinic_Address_Inquiry,formal,Hira,Dr. Asim,Cardiologist,1500,"MBBS, MD Cardiology, Fellow of American College of Cardiology",15 years,"Asim Heart Clinic, Main Bazaar Road, City Center",3001234567,dr.asim@heartclinic.com,8:00 AM to 7:00 PM,,,Where do I find Dr. Asim?,"Dr. Asim practices at Asim Heart Clinic, Main Bazaar Road, City Center.",1458,کلینک_ایڈریس_انکوائری
1459,Clinic_Address_Inquiry,formal,Rukhsana,Dr. Asim,Cardiologist,1500,"MBBS, MD Cardiology, Fellow of American College of Cardiology",15 years,"Asim Heart Clinic, Main Bazaar Road, City Center",3001234567,dr.asim@heartclinic.com,8:00 AM to 7:00 PM,,,Where do I find Dr. Asim?,"Dr. Asim practices at Asim Heart Clinic, Main Bazaar Road, City Center.",1459,کلینک_ایڈریس_انکوائری
1460,Clinic_Address_Inquiry,casual,Hira,Dr. Asim,Cardiologist,1500,"MBBS, MD Cardiology, Fellow of American College of Cardiology",15 years,"Asim Heart Clinic, Main Bazaar Road, City Center",3001234567,dr.asim@heartclinic.com,8:00 AM to 7:00 PM,,,Dr. Asim ka clinic kahan hai?,"Asim Heart Clinic, Main Bazaar Road, City Center mein hai.",1460,کلینک_ایڈریس_انکوائری
1461,Clinic_Address_Inquiry,casual,Amina,Dr. Asim,Cardiologist,1500,"MBBS, MD Cardiology, Fellow of American College of Cardiology",15 years,"Asim Heart Clinic, Main Bazaar Road, City Center",3001234567,dr.asim@heartclinic.com,8:00 AM to 7:00 PM,,,Dr. Asim ka clinic kahan hai?,"Asim Heart Clinic, Main Bazaar Road, City Center mein hai.",1461,کلینک_ایڈریس_انکوائری
1462,Clinic_Address_Inquiry,casual,Karim,Dr. Asim,Cardiologist,1500,"MBBS, MD Cardiology, Fellow of American College of Cardiology",15 years,"Asim Heart Clinic, Main Bazaar Road, City Center",3001234567,dr.asim@heartclinic.com,8:00 AM to 7:00 PM,,,Dr. Asim ka clinic kahan hai?,"Asim Heart Clinic, Main Bazaar Road, City Center mein hai.",1462,کلینک_ایڈریس_انکوائری
1463,Clinic_Address_Inquiry,casual,Karim,Dr. Asim,Cardiologist,1500,"MBBS, MD Cardiology, Fellow of American College of Cardiology",15 years,"Asim Heart Clinic, Main Bazaar Road, City Center",3001234567,dr.asim@heartclinic.com,8:00 AM to 7:00 PM,,,Dr. Asim ka clinic kahan hai?,"Asim Heart Clinic, Main Bazaar Road, City Center mein hai.",1463,کلینک_ایڈریس_انکوائری
1464,Clinic_Address_Inquiry,casual,Rashid,Dr. Asim,Cardiologist,1500,"MBBS, MD Cardiology, Fellow of American College of Cardiology",15 years,"Asim Heart Clinic, Main Bazaar Road, City Center",3001234567,dr.asim@heartclinic.com,8:00 AM to 7:00 PM,,,Dr. Asim ka clinic kahan hai?,"Asim Heart Clinic, Main Bazaar Road, City Center mein hai.",1464,کلینک_ایڈریس_انکوائری
1465,Clinic_Address_Inquiry,casual,Nasrin,Dr. Asim,Cardiologist,1500,"MBBS, MD Cardiology, Fellow of American College of Cardiology",15 years,"Asim Heart Clinic, Main Bazaar Road, City Center",3001234567,dr.asim@heartclinic.com,8:00 AM to 7:00 PM,,,Dr. Asim ka clinic kahan hai?,"Asim Heart Clinic, Main Bazaar Road, City Center mein hai.",1465,کلینک_ایڈریس_انکوائری
1466,Clinic_Address_Inquiry,casual,Fatima,Dr. Asim,Cardiologist,1500,"MBBS, MD Cardiology, Fellow of American College of Cardiology",15 years,"Asim Heart Clinic, Main Bazaar Road, City Center",3001234567,dr.asim@heartclinic.com,8:00 AM to 7:00 PM,,,Dr. Asim ka clinic kahan hai?,"Asim Heart Clinic, Main Bazaar Road, City Center mein hai.",1466,کلینک_ایڈریس_انکوائری
1467,Clinic_Address_Inquiry,casual,Wasim,Dr. Asim,Cardiologist,1500,"MBBS, MD Cardiology, Fellow of American College of Cardiology",15 years,"Asim Heart Clinic, Main Bazaar Road, City Center",3001234567,dr.asim@heartclinic.com,8:00 AM to 7:00 PM,,,Dr. Asim ka clinic kahan hai?,"Asim Heart Clinic, Main Bazaar Road, City Center mein hai.",1467,کلینک_ایڈریس_انکوائری
1468,Clinic_Address_Inquiry,casual,Sana,Dr. Asim,Cardiologist,1500,"MBBS, MD Cardiology, Fellow of American College of Cardiology",15 years,"Asim Heart Clinic, Main Bazaar Road, City Center",3001234567,dr.asim@heartclinic.com,8:00 AM to 7:00 PM,,,Dr. Asim ka clinic kahan hai?,"Asim Heart Clinic, Main Bazaar Road, City Center mein hai.",1468,کلینک_ایڈریس_انکوائری
1469,Clinic_Address_Inquiry,casual,Salim,Dr. Asim,Cardiologist,1500,"MBBS, MD Cardiology, Fellow of American College of Cardiology",15 years,"Asim Heart Clinic, Main Bazaar Road, City Center",3001234567,dr.asim@heartclinic.com,8:00 AM to 7:00 PM,,,Dr. Asim ka clinic kahan hai?,"Asim Heart Clinic, Main Bazaar Road, City Center mein hai.",1469,کلینک_ایڈریس_انکوائری
1470,Clinic_Address_Inquiry,casual,Layla,Dr. Asim,Cardiologist,1500,"MBBS, MD Cardiology, Fellow of American College of Cardiology",15 years,"Asim Heart Clinic, Main Bazaar Road, City Center",3001234567,dr.asim@heartclinic.com,8:00 AM to 7:00 PM,,,Dr. Asim ka clinic kahan hai?,"Asim Heart Clinic, Main Bazaar Road, City Center mein hai.",1470,کلینک_ایڈریس_انکوائری
1471,Clinic_Address_Inquiry,casual,Rashid,Dr. Asim,Cardiologist,1500,"MBBS, MD Cardiology, Fellow of American College of Cardiology",15 years,"Asim Heart Clinic, Main Bazaar Road, City Center",3001234567,dr.asim@heartclinic.com,8:00 AM to 7:00 PM,,,Dr. Asim ka clinic kahan hai?,"Asim Heart Clinic, Main Bazaar Road, City Center mein hai.",1471,کلینک_ایڈریس_انکوائری
1472,Clinic_Address_Inquiry,casual,Karim,Dr. Asim,Cardiologist,1500,"MBBS, MD Cardiology, Fellow of American College of Cardiology",15 years,"Asim Heart Clinic, Main Bazaar Road, City Center",3001234567,dr.asim@heartclinic.com,8:00 AM to 7:00 PM,,,Dr. Asim ka clinic kahan hai?,"Asim Heart Clinic, Main Bazaar Road, City Center mein hai.",1472,کلینک_ایڈریس_انکوائری
1473,Clinic_Address_Inquiry,casual,Bilal,Dr. Asim,Cardiologist,1500,"MBBS, MD Cardiology, Fellow of American College of Cardiology",15 years,"Asim Heart Clinic, Main Bazaar Road, City Center",3001234567,dr.asim@heartclinic.com,8:00 AM to 7:00 PM,,,Dr. Asim ka clinic kahan hai?,"Asim Heart Clinic, Main Bazaar Road, City Center mein hai.",1473,کلینک_ایڈریس_انکوائری
1474,Clinic_Address_Inquiry,casual,Sara,Dr. Asim,Cardiologist,1500,"MBBS, MD Cardiology, Fellow of American College of Cardiology",15 years,"Asim Heart Clinic, Main Bazaar Road, City Center",3001234567,dr.asim@heartclinic.com,8:00 AM to 7:00 PM,,,Dr. Asim ka clinic kahan hai?,"Asim Heart Clinic, Main Bazaar Road, City Center mein hai.",1474,کلینک_ایڈریس_انکوائری
1475,Clinic_Address_Inquiry,casual,Nasrin,Dr. Asim,Cardiologist,1500,"MBBS, MD Cardiology, Fellow of American College of Cardiology",15 years,"Asim Heart Clinic, Main Bazaar Road, City Center",3001234567,dr.asim@heartclinic.com,8:00 AM to 7:00 PM,,,Clinic ka pata kya hai?,"Asim Heart Clinic, Main Bazaar Road, City Center.",1475,کلینک_ایڈریس_انکوائری
1476,Clinic_Address_Inquiry,casual,Fatima,Dr. Asim,Cardiologist,1500,"MBBS, MD Cardiology, Fellow of American College of Cardiology",15 years,"Asim Heart Clinic, Main Bazaar Road, City Center",3001234567,dr.asim@heartclinic.com,8:00 AM to 7:00 PM,,,Clinic ka pata kya hai?,"Asim Heart Clinic, Main Bazaar Road, City Center.",1476,کلینک_ایڈریس_انکوائری
1477,Clinic_Address_Inquiry,casual,Samir,Dr. Asim,Cardiologist,1500,"MBBS, MD Cardiology, Fellow of American College of Cardiology",15 years,"Asim Heart Clinic, Main Bazaar Road, City Center",3001234567,dr.asim@heartclinic.com,8:00 AM to 7:00 PM,,,Clinic ka pata kya hai?,"Asim Heart Clinic, Main Bazaar Road, City Center.",1477,کلینک_ایڈریس_انکوائری
1478,Clinic_Address_Inquiry,casual,Sana,Dr. Asim,Cardiologist,1500,"MBBS, MD Cardiology, Fellow of American College of Cardiology",15 years,"Asim Heart Clinic, Main Bazaar Road, City Center",3001234567,dr.asim@heartclinic.com,8:00 AM to 7:00 PM,,,Clinic ka pata kya hai?,"Asim Heart Clinic, Main Bazaar Road, City Center.",1478,کلینک_ایڈریس_انکوائری
1479,Clinic_Address_Inquiry,casual,Nasrin,Dr. Asim,Cardiologist,1500,"MBBS, MD Cardiology, Fellow of American College of Cardiology",15 years,"Asim Heart Clinic, Main Bazaar Road, City Center",3001234567,dr.asim@heartclinic.com,8:00 AM to 7:00 PM,,,Clinic ka pata kya hai?,"Asim Heart Clinic, Main Bazaar Road, City Center.",1479,کلینک_ایڈریس_انکوائری
1480,Clinic_Address_Inquiry,casual,Faisal,Dr. Asim,Cardiologist,1500,"MBBS, MD Cardiology, Fellow of American College of Cardiology",15 years,"Asim Heart Clinic, Main Bazaar Road, City Center",3001234567,dr.asim@heartclinic.com,8:00 AM to 7:00 PM,,,Clinic ka pata kya hai?,"Asim Heart Clinic, Main Bazaar Road, City Center.",1480,کلینک_ایڈریس_انکوائری
1481,Clinic_Address_Inquiry,casual,Nida,Dr. Asim,Cardiologist,1500,"MBBS, MD Cardiology, Fellow of American College of Cardiology",15 years,"Asim Heart Clinic, Main Bazaar Road, City Center",3001234567,dr.asim@heartclinic.com,8:00 AM to 7:00 PM,,,Clinic ka pata kya hai?,"Asim Heart Clinic, Main Bazaar Road, City Center.",1481,کلینک_ایڈریس_انکوائری
1482,Clinic_Address_Inquiry,casual,Noor,Dr. Asim,Cardiologist,1500,"MBBS, MD Cardiology, Fellow of American College of Cardiology",15 years,"Asim Heart Clinic, Main Bazaar Road, City Center",3001234567,dr.asim@heartclinic.com,8:00 AM to 7:00 PM,,,Clinic ka pata kya hai?,"Asim Heart Clinic, Main Bazaar Road, City Center.",1482,کلینک_ایڈریس_انکوائری
1483,Clinic_Address_Inquiry,casual,Malik,Dr. Asim,Cardiologist,1500,"MBBS, MD Cardiology, Fellow of American College of Cardiology",15 years,"Asim Heart Clinic, Main Bazaar Road, City Center",3001234567,dr.asim@heartclinic.com,8:00 AM to 7:00 PM,,,Clinic ka pata kya hai?,"Asim Heart Clinic, Main Bazaar Road, City Center.",1483,کلینک_ایڈریس_انکوائری
1484,Clinic_Address_Inquiry,casual,Hassan,Dr. Asim,Cardiologist,1500,"MBBS, MD Cardiology, Fellow of American College of Cardiology",15 years,"Asim Heart Clinic, Main Bazaar Road, City Center",3001234567,dr.asim@heartclinic.com,8:00 AM to 7:00 PM,,,Clinic ka pata kya hai?,"Asim Heart Clinic, Main Bazaar Road, City Center.",1484,کلینک_ایڈریس_انکوائری
1485,Clinic_Address_Inquiry,casual,Ali,Dr. Asim,Cardiologist,1500,"MBBS, MD Cardiology, Fellow of American College of Cardiology",15 years,"Asim Heart Clinic, Main Bazaar Road, City Center",3001234567,dr.asim@heartclinic.com,8:00 AM to 7:00 PM,,,Clinic ka pata kya hai?,"Asim Heart Clinic, Main Bazaar Road, City Center.",1485,کلینک_ایڈریس_انکوائری
1486,Clinic_Address_Inquiry,casual,Tariq,Dr. Asim,Cardiologist,1500,"MBBS, MD Cardiology, Fellow of American College of Cardiology",15 years,"Asim Heart Clinic, Main Bazaar Road, City Center",3001234567,dr.asim@heartclinic.com,8:00 AM to 7:00 PM,,,Clinic ka pata kya hai?,"Asim Heart Clinic, Main Bazaar Road, City Center.",1486,کلینک_ایڈریس_انکوائری
1487,Clinic_Address_Inquiry,casual,Usman,Dr. Asim,Cardiologist,1500,"MBBS, MD Cardiology, Fellow of American College of Cardiology",15 years,"Asim Heart Clinic, Main Bazaar Road, City Center",3001234567,dr.asim@heartclinic.com,8:00 AM to 7:00 PM,,,Clinic ka pata kya hai?,"Asim Heart Clinic, Main Bazaar Road, City Center.",1487,کلینک_ایڈریس_انکوائری
1488,Clinic_Address_Inquiry,casual,Tariq,Dr. Asim,Cardiologist,1500,"MBBS, MD Cardiology, Fellow of American College of Cardiology",15 years,"Asim Heart Clinic, Main Bazaar Road, City Center",3001234567,dr.asim@heartclinic.com,8:00 AM to 7:00 PM,,,Clinic ka pata kya hai?,"Asim Heart Clinic, Main Bazaar Road, City Center.",1488,کلینک_ایڈریس_انکوائری
1489,Clinic_Address_Inquiry,casual,Hassan,Dr. Asim,Cardiologist,1500,"MBBS, MD Cardiology, Fellow of American College of Cardiology",15 years,"Asim Heart Clinic, Main Bazaar Road, City Center",3001234567,dr.asim@heartclinic.com,8:00 AM to 7:00 PM,,,Clinic ka pata kya hai?,"Asim Heart Clinic, Main Bazaar Road, City Center.",1489,کلینک_ایڈریس_انکوائری
1490,Clinic_Address_Inquiry,casual,Tariq,Dr. Asim,Cardiologist,1500,"MBBS, MD Cardiology, Fellow of American College of Cardiology",15 years,"Asim Heart Clinic, Main Bazaar Road, City Center",3001234567,dr.asim@heartclinic.com,8:00 AM to 7:00 PM,,,Dr. Asim ke clinic ka address?,"Asim Heart Clinic, Main Bazaar Road, City Center.",1490,کلینک_ایڈریس_انکوائری
1491,Clinic_Address_Inquiry,casual,Hassan,Dr. Asim,Cardiologist,1500,"MBBS, MD Cardiology, Fellow of American College of Cardiology",15 years,"Asim Heart Clinic, Main Bazaar Road, City Center",3001234567,dr.asim@heartclinic.com,8:00 AM to 7:00 PM,,,Dr. Asim ke clinic ka address?,"Asim Heart Clinic, Main Bazaar Road, City Center.",1491,کلینک_ایڈریس_انکوائری
1492,Clinic_Address_Inquiry,casual,Nida,Dr. Asim,Cardiologist,1500,"MBBS, MD Cardiology, Fellow of American College of Cardiology",15 years,"Asim Heart Clinic, Main Bazaar Road, City Center",3001234567,dr.asim@heartclinic.com,8:00 AM to 7:00 PM,,,Dr. Asim ke clinic ka address?,"Asim Heart Clinic, Main Bazaar Road, City Center.",1492,کلینک_ایڈریس_انکوائری
1493,Clinic_Address_Inquiry,casual,Sana,Dr. Asim,Cardiologist,1500,"MBBS, MD Cardiology, Fellow of American College of Cardiology",15 years,"Asim Heart Clinic, Main Bazaar Road, City Center",3001234567,dr.asim@heartclinic.com,8:00 AM to 7:00 PM,,,Dr. Asim ke clinic ka address?,"Asim Heart Clinic, Main Bazaar Road, City Center.",1493,کلینک_ایڈریس_انکوائری
1494,Clinic_Address_Inquiry,casual,Tariq,Dr. Asim,Cardiologist,1500,"MBBS, MD Cardiology, Fellow of American College of Cardiology",15 years,"Asim Heart Clinic, Main Bazaar Road, City Center",3001234567,dr.asim@heartclinic.com,8:00 AM to 7:00 PM,,,Dr. Asim ke clinic ka address?,"Asim Heart Clinic, Main Bazaar Road, City Center.",1494,کلینک_ایڈریس_انکوائری
1495,Clinic_Address_Inquiry,casual,Sara,Dr. Asim,Cardiologist,1500,"MBBS, MD Cardiology, Fellow of American College of Cardiology",15 years,"Asim Heart Clinic, Main Bazaar Road, City Center",3001234567,dr.asim@heartclinic.com,8:00 AM to 7:00 PM,,,Dr. Asim ke clinic ka address?,"Asim Heart Clinic, Main Bazaar Road, City Center.",1495,کلینک_ایڈریس_انکوائری
1496,Clinic_Address_Inquiry,casual,Nida,Dr. Asim,Cardiologist,1500,"MBBS, MD Cardiology, Fellow of American College of Cardiology",15 years,"Asim Heart Clinic, Main Bazaar Road, City Center",3001234567,dr.asim@heartclinic.com,8:00 AM to 7:00 PM,,,Dr. Asim ke clinic ka address?,"Asim Heart Clinic, Main Bazaar Road, City Center.",1496,کلینک_ایڈریس_انکوائری
1497,Clinic_Address_Inquiry,casual,Hamza,Dr. Asim,Cardiologist,1500,"MBBS, MD Cardiology, Fellow of American College of Cardiology",15 years,"Asim Heart Clinic, Main Bazaar Road, City Center",3001234567,dr.asim@heartclinic.com,8:00 AM to 7:00 PM,,,Dr. Asim ke clinic ka address?,"Asim Heart Clinic, Main Bazaar Road, City Center.",1497,کلینک_ایڈریس_انکوائری
1498,Clinic_Address_Inquiry,casual,Hassan,Dr. Asim,Cardiologist,1500,"MBBS, MD Cardiology, Fellow of American College of Cardiology",15 years,"Asim Heart Clinic, Main Bazaar Road, City Center",3001234567,dr.asim@heartclinic.com,8:00 AM to 7:00 PM,,,Dr. Asim ke clinic ka address?,"Asim Heart Clinic, Main Bazaar Road, City Center.",1498,کلینک_ایڈریس_انکوائری
1499,Clinic_Address_Inquiry,casual,Tariq,Dr. Asim,Cardiologist,1500,"MBBS, MD Cardiology, Fellow of American College of Cardiology",15 years,"Asim Heart Clinic, Main Bazaar Road, City Center",3001234567,dr.asim@heartclinic.com,8:00 AM to 7:00 PM,,,Dr. Asim ke clinic ka address?,"Asim Heart Clinic, Main Bazaar Road, City Center.",1499,کلینک_ایڈریس_انکوائری
1500,Clinic_Address_Inquiry,casual,Salim,Dr. Asim,Cardiologist,1500,"MBBS, MD Cardiology, Fellow of American College of Cardiology",15 years,"Asim Heart Clinic, Main Bazaar Road, City Center",3001234567,dr.asim@heartclinic.com,8:00 AM to 7:00 PM,,,Dr. Asim ke clinic ka address?,"Asim Heart Clinic, Main Bazaar Road, City Center.",1500,کلینک_ایڈریس_انکوائری
1501,Clinic_Address_Inquiry,casual,Tariq,Dr. Asim,Cardiologist,1500,"MBBS, MD Cardiology, Fellow of American College of Cardiology",15 years,"Asim Heart Clinic, Main Bazaar Road, City Center",3001234567,dr.asim@heartclinic.com,8:00 AM to 7:00 PM,,,Dr. Asim ke clinic ka address?,"Asim Heart Clinic, Main Bazaar Road, City Center.",1501,کلینک_ایڈریس_انکوائری
1502,Clinic_Address_Inquiry,casual,Rukhsana,Dr. Asim,Cardiologist,1500,"MBBS, MD Cardiology, Fellow of American College of Cardiology",15 years,"Asim Heart Clinic, Main Bazaar Road, City Center",3001234567,dr.asim@heartclinic.com,8:00 AM to 7:00 PM,,,Dr. Asim ke clinic ka address?,"Asim Heart Clinic, Main Bazaar Road, City Center.",1502,کلینک_ایڈریس_انکوائری
1503,Clinic_Address_Inquiry,casual,Usman,Dr. Asim,Cardiologist,1500,"MBBS, MD Cardiology, Fellow of American College of Cardiology",15 years,"Asim Heart Clinic, Main Bazaar Road, City Center",3001234567,dr.asim@heartclinic.com,8:00 AM to 7:00 PM,,,Dr. Asim ke clinic ka address?,"Asim Heart Clinic, Main Bazaar Road, City Center.",1503,کلینک_ایڈریس_انکوائری
1504,Clinic_Address_Inquiry,casual,Farida,Dr. Asim,Cardiologist,1500,"MBBS, MD Cardiology, Fellow of American College of Cardiology",15 years,"Asim Heart Clinic, Main Bazaar Road, City Center",3001234567,dr.asim@heartclinic.com,8:00 AM to 7:00 PM,,,Dr. Asim ke clinic ka address?,"Asim Heart Clinic, Main Bazaar Road, City Center.",1504,کلینک_ایڈریس_انکوائری
1505,Clinic_Address_Inquiry,urdu,Amina,Dr. Asim,Cardiologist,1500,"MBBS, MD Cardiology, Fellow of American College of Cardiology",15 years,"Asim Heart Clinic, Main Bazaar Road, City Center",3001234567,dr.asim@heartclinic.com,8:00 AM to 7:00 PM,,,Doctor ke clinic ka pata batao.,"Asim Heart Clinic, Main Bazaar Road, City Center par.",1505,کلینک_ایڈریس_انکوائری
1506,Clinic_Address_Inquiry,urdu,Salim,Dr. Asim,Cardiologist,1500,"MBBS, MD Cardiology, Fellow of American College of Cardiology",15 years,"Asim Heart Clinic, Main Bazaar Road, City Center",3001234567,dr.asim@heartclinic.com,8:00 AM to 7:00 PM,,,Doctor ke clinic ka pata batao.,"Asim Heart Clinic, Main Bazaar Road, City Center par.",1506,کلینک_ایڈریس_انکوائری
1507,Clinic_Address_Inquiry,urdu,Tariq,Dr. Asim,Cardiologist,1500,"MBBS, MD Cardiology, Fellow of American College of Cardiology",15 years,"Asim Heart Clinic, Main Bazaar Road, City Center",3001234567,dr.asim@heartclinic.com,8:00 AM to 7:00 PM,,,Doctor ke clinic ka pata batao.,"Asim Heart Clinic, Main Bazaar Road, City Center par.",1507,کلینک_ایڈریس_انکوائری
1508,Clinic_Address_Inquiry,urdu,Samir,Dr. Asim,Cardiologist,1500,"MBBS, MD Cardiology, Fellow of American College of Cardiology",15 years,"Asim Heart Clinic, Main Bazaar Road, City Center",3001234567,dr.asim@heartclinic.com,8:00 AM to 7:00 PM,,,Doctor ke clinic ka pata batao.,"Asim Heart Clinic, Main Bazaar Road, City Center par.",1508,کلینک_ایڈریس_انکوائری
1509,Clinic_Address_Inquiry,urdu,Faisal,Dr. Asim,Cardiologist,1500,"MBBS, MD Cardiology, Fellow of American College of Cardiology",15 years,"Asim Heart Clinic, Main Bazaar Road, City Center",3001234567,dr.asim@heartclinic.com,8:00 AM to 7:00 PM,,,Doctor ke clinic ka pata batao.,"Asim Heart Clinic, Main Bazaar Road, City Center par.",1509,کلینک_ایڈریس_انکوائری
1510,Clinic_Address_Inquiry,urdu,Nasrin,Dr. Asim,Cardiologist,1500,"MBBS, MD Cardiology, Fellow of American College of Cardiology",15 years,"Asim Heart Clinic, Main Bazaar Road, City Center",3001234567,dr.asim@heartclinic.com,8:00 AM to 7:00 PM,,,Doctor ke clinic ka pata batao.,"Asim Heart Clinic, Main Bazaar Road, City Center par.",1510,کلینک_ایڈریس_انکوائری
1511,Clinic_Address_Inquiry,urdu,Hamza,Dr. Asim,Cardiologist,1500,"MBBS, MD Cardiology, Fellow of American College of Cardiology",15 years,"Asim Heart Clinic, Main Bazaar Road, City Center",3001234567,dr.asim@heartclinic.com,8:00 AM to 7:00 PM,,,Doctor ke clinic ka pata batao.,"Asim Heart Clinic, Main Bazaar Road, City Center par.",1511,کلینک_ایڈریس_انکوائری
1512,Clinic_Address_Inquiry,urdu,Amina,Dr. Asim,Cardiologist,1500,"MBBS, MD Cardiology, Fellow of American College of Cardiology",15 years,"Asim Heart Clinic, Main Bazaar Road, City Center",3001234567,dr.asim@heartclinic.com,8:00 AM to 7:00 PM,,,Doctor ke clinic ka pata batao.,"Asim Heart Clinic, Main Bazaar Road, City Center par.",1512,کلینک_ایڈریس_انکوائری
1513,Clinic_Address_Inquiry,urdu,Hassan,Dr. Asim,Cardiologist,1500,"MBBS, MD Cardiology, Fellow of American College of Cardiology",15 years,"Asim Heart Clinic, Main Bazaar Road, City Center",3001234567,dr.asim@heartclinic.com,8:00 AM to 7:00 PM,,,Doctor ke clinic ka pata batao.,"Asim Heart Clinic, Main Bazaar Road, City Center par.",1513,کلینک_ایڈریس_انکوائری
1514,Clinic_Address_Inquiry,urdu,Rukhsana,Dr. Asim,Cardiologist,1500,"MBBS, MD Cardiology, Fellow of American College of Cardiology",15 years,"Asim Heart Clinic, Main Bazaar Road, City Center",3001234567,dr.asim@heartclinic.com,8:00 AM to 7:00 PM,,,Doctor ke clinic ka pata batao.,"Asim Heart Clinic, Main Bazaar Road, City Center par.",1514,کلینک_ایڈریس_انکوائری
1515,Clinic_Address_Inquiry,urdu,Nida,Dr. Asim,Cardiologist,1500,"MBBS, MD Cardiology, Fellow of American College of Cardiology",15 years,"Asim Heart Clinic, Main Bazaar Road, City Center",3001234567,dr.asim@heartclinic.com,8:00 AM to 7:00 PM,,,Doctor ke clinic ka pata batao.,"Asim Heart Clinic, Main Bazaar Road, City Center par.",1515,کلینک_ایڈریس_انکوائری
1516,Clinic_Address_Inquiry,urdu,Rukhsana,Dr. Asim,Cardiologist,1500,"MBBS, MD Cardiology, Fellow of American College of Cardiology",15 years,"Asim Heart Clinic, Main Bazaar Road, City Center",3001234567,dr.asim@heartclinic.com,8:00 AM to 7:00 PM,,,Doctor ke clinic ka pata batao.,"Asim Heart Clinic, Main Bazaar Road, City Center par.",1516,کلینک_ایڈریس_انکوائری
1517,Clinic_Address_Inquiry,urdu,Mina,Dr. Asim,Cardiologist,1500,"MBBS, MD Cardiology, Fellow of American College of Cardiology",15 years,"Asim Heart Clinic, Main Bazaar Road, City Center",3001234567,dr.asim@heartclinic.com,8:00 AM to 7:00 PM,,,Doctor ke clinic ka pata batao.,"Asim Heart Clinic, Main Bazaar Road, City Center par.",1517,کلینک_ایڈریس_انکوائری
1518,Clinic_Address_Inquiry,urdu,Hamza,Dr. Asim,Cardiologist,1500,"MBBS, MD Cardiology, Fellow of American College of Cardiology",15 years,"Asim Heart Clinic, Main Bazaar Road, City Center",3001234567,dr.asim@heartclinic.com,8:00 AM to 7:00 PM,,,Doctor ke clinic ka pata batao.,"Asim Heart Clinic, Main Bazaar Road, City Center par.",1518,کلینک_ایڈریس_انکوائری
1519,Clinic_Address_Inquiry,urdu,Rashid,Dr. Asim,Cardiologist,1500,"MBBS, MD Cardiology, Fellow of American College of Cardiology",15 years,"Asim Heart Clinic, Main Bazaar Road, City Center",3001234567,dr.asim@heartclinic.com,8:00 AM to 7:00 PM,,,Doctor ke clinic ka pata batao.,"Asim Heart Clinic, Main Bazaar Road, City Center par.",1519,کلینک_ایڈریس_انکوائری
1520,Clinic_Hours_Inquiry,formal,Rukhsana,Dr. Asim,Cardiologist,1500,"MBBS, MD Cardiology, Fellow of American College of Cardiology",15 years,"Asim Heart Clinic, Main Bazaar Road, City Center",3001234567,dr.asim@heartclinic.com,8:00 AM to 7:00 PM,,,What are Dr. Asim's clinic hours?,Dr. Asim's clinic is open 8:00 AM to 7:00 PM.,1520,کلینک_گھنٹے_انکوائری
1521,Clinic_Hours_Inquiry,formal,Rashid,Dr. Asim,Cardiologist,1500,"MBBS, MD Cardiology, Fellow of American College of Cardiology",15 years,"Asim Heart Clinic, Main Bazaar Road, City Center",3001234567,dr.asim@heartclinic.com,8:00 AM to 7:00 PM,,,What are Dr. Asim's clinic hours?,Dr. Asim's clinic is open 8:00 AM to 7:00 PM.,1521,کلینک_گھنٹے_انکوائری
1522,Clinic_Hours_Inquiry,formal,Salim,Dr. Asim,Cardiologist,1500,"MBBS, MD Cardiology, Fellow of American College of Cardiology",15 years,"Asim Heart Clinic, Main Bazaar Road, City Center",3001234567,dr.asim@heartclinic.com,8:00 AM to 7:00 PM,,,What are Dr. Asim's clinic hours?,Dr. Asim's clinic is open 8:00 AM to 7:00 PM.,1522,کلینک_گھنٹے_انکوائری
1523,Clinic_Hours_Inquiry,formal,Salim,Dr. Asim,Cardiologist,1500,"MBBS, MD Cardiology, Fellow of American College of Cardiology",15 years,"Asim Heart Clinic, Main Bazaar Road, City Center",3001234567,dr.asim@heartclinic.com,8:00 AM to 7:00 PM,,,What are Dr. Asim's clinic hours?,Dr. Asim's clinic is open 8:00 AM to 7:00 PM.,1523,کلینک_گھنٹے_انکوائری
1524,Clinic_Hours_Inquiry,formal,Amina,Dr. Asim,Cardiologist,1500,"MBBS, MD Cardiology, Fellow of American College of Cardiology",15 years,"Asim Heart Clinic, Main Bazaar Road, City Center",3001234567,dr.asim@heartclinic.com,8:00 AM to 7:00 PM,,,What are Dr. Asim's clinic hours?,Dr. Asim's clinic is open 8:00 AM to 7:00 PM.,1524,کلینک_گھنٹے_انکوائری
1525,Clinic_Hours_Inquiry,formal,Hassan,Dr. Asim,Cardiologist,1500,"MBBS, MD Cardiology, Fellow of American College of Cardiology",15 years,"Asim Heart Clinic, Main Bazaar Road, City Center",3001234567,dr.asim@heartclinic.com,8:00 AM to 7:00 PM,,,What are Dr. Asim's clinic hours?,Dr. Asim's clinic is open 8:00 AM to 7:00 PM.,1525,کلینک_گھنٹے_انکوائری
1526,Clinic_Hours_Inquiry,formal,Tariq,Dr. Asim,Cardiologist,1500,"MBBS, MD Cardiology, Fellow of American College of Cardiology",15 years,"Asim Heart Clinic, Main Bazaar Road, City Center",3001234567,dr.asim@heartclinic.com,8:00 AM to 7:00 PM,,,What are Dr. Asim's clinic hours?,Dr. Asim's clinic is open 8:00 AM to 7:00 PM.,1526,کلینک_گھنٹے_انکوائری
1527,Clinic_Hours_Inquiry,formal,Sana,Dr. Asim,Cardiologist,1500,"MBBS, MD Cardiology, Fellow of American College of Cardiology",15 years,"Asim Heart Clinic, Main Bazaar Road, City Center",3001234567,dr.asim@heartclinic.com,8:00 AM to 7:00 PM,,,What are Dr. Asim's clinic hours?,Dr. Asim's clinic is open 8:00 AM to 7:00 PM.,1527,کلینک_گھنٹے_انکوائری
1528,Clinic_Hours_Inquiry,formal,Sara,Dr. Asim,Cardiologist,1500,"MBBS, MD Cardiology, Fellow of American College of Cardiology",15 years,"Asim Heart Clinic, Main Bazaar Road, City Center",3001234567,dr.asim@heartclinic.com,8:00 AM to 7:00 PM,,,What are Dr. Asim's clinic hours?,Dr. Asim's clinic is open 8:00 AM to 7:00 PM.,1528,کلینک_گھنٹے_انکوائری
1529,Clinic_Hours_Inquiry,formal,Rashid,Dr. Asim,Cardiologist,1500,"MBBS, MD Cardiology, Fellow of American College of Cardiology",15 years,"Asim Heart Clinic, Main Bazaar Road, City Center",3001234567,dr.asim@heartclinic.com,8:00 AM to 7:00 PM,,,What are Dr. Asim's clinic hours?,Dr. Asim's clinic is open 8:00 AM to 7:00 PM.,1529,کلینک_گھنٹے_انکوائری
1530,Clinic_Hours_Inquiry,formal,Usman,Dr. Asim,Cardiologist,1500,"MBBS, MD Cardiology, Fellow of American College of Cardiology",15 years,"Asim Heart Clinic, Main Bazaar Road, City Center",3001234567,dr.asim@heartclinic.com,8:00 AM to 7:00 PM,,,What are Dr. Asim's clinic hours?,Dr. Asim's clinic is open 8:00 AM to 7:00 PM.,1530,کلینک_گھنٹے_انکوائری
1531,Clinic_Hours_Inquiry,formal,Hassan,Dr. Asim,Cardiologist,1500,"MBBS, MD Cardiology, Fellow of American College of Cardiology",15 years,"Asim Heart Clinic, Main Bazaar Road, City Center",3001234567,dr.asim@heartclinic.com,8:00 AM to 7:00 PM,,,What are Dr. Asim's clinic hours?,Dr. Asim's clinic is open 8:00 AM to 7:00 PM.,1531,کلینک_گھنٹے_انکوائری
1532,Clinic_Hours_Inquiry,formal,Rashid,Dr. Asim,Cardiologist,1500,"MBBS, MD Cardiology, Fellow of American College of Cardiology",15 years,"Asim Heart Clinic, Main Bazaar Road, City Center",3001234567,dr.asim@heartclinic.com,8:00 AM to 7:00 PM,,,What are Dr. Asim's clinic hours?,Dr. Asim's clinic is open 8:00 AM to 7:00 PM.,1532,کلینک_گھنٹے_انکوائری
1533,Clinic_Hours_Inquiry,formal,Ahmed,Dr. Asim,Cardiologist,1500,"MBBS, MD Cardiology, Fellow of American College of Cardiology",15 years,"Asim Heart Clinic, Main Bazaar Road, City Center",3001234567,dr.asim@heartclinic.com,8:00 AM to 7:00 PM,,,What are Dr. Asim's clinic hours?,Dr. Asim's clinic is open 8:00 AM to 7:00 PM.,1533,کلینک_گھنٹے_انکوائری
1534,Clinic_Hours_Inquiry,formal,Ayesha,Dr. Asim,Cardiologist,1500,"MBBS, MD Cardiology, Fellow of American College of Cardiology",15 years,"Asim Heart Clinic, Main Bazaar Road, City Center",3001234567,dr.asim@heartclinic.com,8:00 AM to 7:00 PM,,,What are Dr. Asim's clinic hours?,Dr. Asim's clinic is open 8:00 AM to 7:00 PM.,1534,کلینک_گھنٹے_انکوائری
1535,Clinic_Hours_Inquiry,formal,Rashid,Dr. Asim,Cardiologist,1500,"MBBS, MD Cardiology, Fellow of American College of Cardiology",15 years,"Asim Heart Clinic, Main Bazaar Road, City Center",3001234567,dr.asim@heartclinic.com,8:00 AM to 7:00 PM,,,When is Dr. Asim's clinic open?,Our hours are 8:00 AM to 7:00 PM.,1535,کلینک_گھنٹے_انکوائری
1536,Clinic_Hours_Inquiry,formal,Hassan,Dr. Asim,Cardiologist,1500,"MBBS, MD Cardiology, Fellow of American College of Cardiology",15 years,"Asim Heart Clinic, Main Bazaar Road, City Center",3001234567,dr.asim@heartclinic.com,8:00 AM to 7:00 PM,,,When is Dr. Asim's clinic open?,Our hours are 8:00 AM to 7:00 PM.,1536,کلینک_گھنٹے_انکوائری
1537,Clinic_Hours_Inquiry,formal,Sara,Dr. Asim,Cardiologist,1500,"MBBS, MD Cardiology, Fellow of American College of Cardiology",15 years,"Asim Heart Clinic, Main Bazaar Road, City Center",3001234567,dr.asim@heartclinic.com,8:00 AM to 7:00 PM,,,When is Dr. Asim's clinic open?,Our hours are 8:00 AM to 7:00 PM.,1537,کلینک_گھنٹے_انکوائری
1538,Clinic_Hours_Inquiry,formal,Karim,Dr. Asim,Cardiologist,1500,"MBBS, MD Cardiology, Fellow of American College of Cardiology",15 years,"Asim Heart Clinic, Main Bazaar Road, City Center",3001234567,dr.asim@heartclinic.com,8:00 AM to 7:00 PM,,,When is Dr. Asim's clinic open?,Our hours are 8:00 AM to 7:00 PM.,1538,کلینک_گھنٹے_انکوائری
1539,Clinic_Hours_Inquiry,formal,Sara,Dr. Asim,Cardiologist,1500,"MBBS, MD Cardiology, Fellow of American College of Cardiology",15 years,"Asim Heart Clinic, Main Bazaar Road, City Center",3001234567,dr.asim@heartclinic.com,8:00 AM to 7:00 PM,,,When is Dr. Asim's clinic open?,Our hours are 8:00 AM to 7:00 PM.,1539,کلینک_گھنٹے_انکوائری
1540,Clinic_Hours_Inquiry,formal,Noor,Dr. Asim,Cardiologist,1500,"MBBS, MD Cardiology, Fellow of American College of Cardiology",15 years,"Asim Heart Clinic, Main Bazaar Road, City Center",3001234567,dr.asim@heartclinic.com,8:00 AM to 7:00 PM,,,When is Dr. Asim's clinic open?,Our hours are 8:00 AM to 7:00 PM.,1540,کلینک_گھنٹے_انکوائری
1541,Clinic_Hours_Inquiry,formal,Noor,Dr. Asim,Cardiologist,1500,"MBBS, MD Cardiology, Fellow of American College of Cardiology",15 years,"Asim Heart Clinic, Main Bazaar Road, City Center",3001234567,dr.asim@heartclinic.com,8:00 AM to 7:00 PM,,,When is Dr. Asim's clinic open?,Our hours are 8:00 AM to 7:00 PM.,1541,کلینک_گھنٹے_انکوائری
1542,Clinic_Hours_Inquiry,formal,Tariq,Dr. Asim,Cardiologist,1500,"MBBS, MD Cardiology, Fellow of American College of Cardiology",15 years,"Asim Heart Clinic, Main Bazaar Road, City Center",3001234567,dr.asim@heartclinic.com,8:00 AM to 7:00 PM,,,When is Dr. Asim's clinic open?,Our hours are 8:00 AM to 7:00 PM.,1542,کلینک_گھنٹے_انکوائری
1543,Clinic_Hours_Inquiry,formal,Rukhsana,Dr. Asim,Cardiologist,1500,"MBBS, MD Cardiology, Fellow of American College of Cardiology",15 years,"Asim Heart Clinic, Main Bazaar Road, City Center",3001234567,dr.asim@heartclinic.com,8:00 AM to 7:00 PM,,,When is Dr. Asim's clinic open?,Our hours are 8:00 AM to 7:00 PM.,1543,کلینک_گھنٹے_انکوائری
1544,Clinic_Hours_Inquiry,formal,Farida,Dr. Asim,Cardiologist,1500,"MBBS, MD Cardiology, Fellow of American College of Cardiology",15 years,"Asim Heart Clinic, Main Bazaar Road, City Center",3001234567,dr.asim@heartclinic.com,8:00 AM to 7:00 PM,,,When is Dr. Asim's clinic open?,Our hours are 8:00 AM to 7:00 PM.,1544,کلینک_گھنٹے_انکوائری
1545,Clinic_Hours_Inquiry,formal,Rukhsana,Dr. Asim,Cardiologist,1500,"MBBS, MD Cardiology, Fellow of American College of Cardiology",15 years,"Asim Heart Clinic, Main Bazaar Road, City Center",3001234567,dr.asim@heartclinic.com,8:00 AM to 7:00 PM,,,When is Dr. Asim's clinic open?,Our hours are 8:00 AM to 7:00 PM.,1545,کلینک_گھنٹے_انکوائری
1546,Clinic_Hours_Inquiry,formal,Salim,Dr. Asim,Cardiologist,1500,"MBBS, MD Cardiology, Fellow of American College of Cardiology",15 years,"Asim Heart Clinic, Main Bazaar Road, City Center",3001234567,dr.asim@heartclinic.com,8:00 AM to 7:00 PM,,,When is Dr. Asim's clinic open?,Our hours are 8:00 AM to 7:00 PM.,1546,کلینک_گھنٹے_انکوائری
1547,Clinic_Hours_Inquiry,formal,Nida,Dr. Asim,Cardiologist,1500,"MBBS, MD Cardiology, Fellow of American College of Cardiology",15 years,"Asim Heart Clinic, Main Bazaar Road, City Center",3001234567,dr.asim@heartclinic.com,8:00 AM to 7:00 PM,,,When is Dr. Asim's clinic open?,Our hours are 8:00 AM to 7:00 PM.,1547,کلینک_گھنٹے_انکوائری
1548,Clinic_Hours_Inquiry,formal,Sara,Dr. Asim,Cardiologist,1500,"MBBS, MD Cardiology, Fellow of American College of Cardiology",15 years,"Asim Heart Clinic, Main Bazaar Road, City Center",3001234567,dr.asim@heartclinic.com,8:00 AM to 7:00 PM,,,When is Dr. Asim's clinic open?,Our hours are 8:00 AM to 7:00 PM.,1548,کلینک_گھنٹے_انکوائری
1549,Clinic_Hours_Inquiry,formal,Hassan,Dr. Asim,Cardiologist,1500,"MBBS, MD Cardiology, Fellow of American College of Cardiology",15 years,"Asim Heart Clinic, Main Bazaar Road, City Center",3001234567,dr.asim@heartclinic.com,8:00 AM to 7:00 PM,,,When is Dr. Asim's clinic open?,Our hours are 8:00 AM to 7:00 PM.,1549,کلینک_گھنٹے_انکوائری
1550,Clinic_Hours_Inquiry,formal,Rukhsana,Dr. Asim,Cardiologist,1500,"MBBS, MD Cardiology, Fellow of American College of Cardiology",15 years,"Asim Heart Clinic, Main Bazaar Road, City Center",3001234567,dr.asim@heartclinic.com,8:00 AM to 7:00 PM,,,Do you have morning appointments with Dr. Asim?,"Yes, we have morning slots from 8 AM to 1 PM.",1550,کلینک_گھنٹے_انکوائری
1551,Clinic_Hours_Inquiry,formal,Nasrin,Dr. Asim,Cardiologist,1500,"MBBS, MD Cardiology, Fellow of American College of Cardiology",15 years,"Asim Heart Clinic, Main Bazaar Road, City Center",3001234567,dr.asim@heartclinic.com,8:00 AM to 7:00 PM,,,Do you have morning appointments with Dr. Asim?,"Yes, we have morning slots from 8 AM to 1 PM.",1551,کلینک_گھنٹے_انکوائری
1552,Clinic_Hours_Inquiry,formal,Faisal,Dr. Asim,Cardiologist,1500,"MBBS, MD Cardiology, Fellow of American College of Cardiology",15 years,"Asim Heart Clinic, Main Bazaar Road, City Center",3001234567,dr.asim@heartclinic.com,8:00 AM to 7:00 PM,,,Do you have morning appointments with Dr. Asim?,"Yes, we have morning slots from 8 AM to 1 PM.",1552,کلینک_گھنٹے_انکوائری
1553,Clinic_Hours_Inquiry,formal,Sara,Dr. Asim,Cardiologist,1500,"MBBS, MD Cardiology, Fellow of American College of Cardiology",15 years,"Asim Heart Clinic, Main Bazaar Road, City Center",3001234567,dr.asim@heartclinic.com,8:00 AM to 7:00 PM,,,Do you have morning appointments with Dr. Asim?,"Yes, we have morning slots from 8 AM to 1 PM.",1553,کلینک_گھنٹے_انکوائری
1554,Clinic_Hours_Inquiry,formal,Sara,Dr. Asim,Cardiologist,1500,"MBBS, MD Cardiology, Fellow of American College of Cardiology",15 years,"Asim Heart Clinic, Main Bazaar Road, City Center",3001234567,dr.asim@heartclinic.com,8:00 AM to 7:00 PM,,,Do you have morning appointments with Dr. Asim?,"Yes, we have morning slots from 8 AM to 1 PM.",1554,کلینک_گھنٹے_انکوائری
1555,Clinic_Hours_Inquiry,formal,Wasim,Dr. Asim,Cardiologist,1500,"MBBS, MD Cardiology, Fellow of American College of Cardiology",15 years,"Asim Heart Clinic, Main Bazaar Road, City Center",3001234567,dr.asim@heartclinic.com,8:00 AM to 7:00 PM,,,Do you have morning appointments with Dr. Asim?,"Yes, we have morning slots from 8 AM to 1 PM.",1555,کلینک_گھنٹے_انکوائری
1556,Clinic_Hours_Inquiry,formal,Nida,Dr. Asim,Cardiologist,1500,"MBBS, MD Cardiology, Fellow of American College of Cardiology",15 years,"Asim Heart Clinic, Main Bazaar Road, City Center",3001234567,dr.asim@heartclinic.com,8:00 AM to 7:00 PM,,,Do you have morning appointments with Dr. Asim?,"Yes, we have morning slots from 8 AM to 1 PM.",1556,کلینک_گھنٹے_انکوائری
1557,Clinic_Hours_Inquiry,formal,Layla,Dr. Asim,Cardiologist,1500,"MBBS, MD Cardiology, Fellow of American College of Cardiology",15 years,"Asim Heart Clinic, Main Bazaar Road, City Center",3001234567,dr.asim@heartclinic.com,8:00 AM to 7:00 PM,,,Do you have morning appointments with Dr. Asim?,"Yes, we have morning slots from 8 AM to 1 PM.",1557,کلینک_گھنٹے_انکوائری
1558,Clinic_Hours_Inquiry,formal,Sara,Dr. Asim,Cardiologist,1500,"MBBS, MD Cardiology, Fellow of American College of Cardiology",15 years,"Asim Heart Clinic, Main Bazaar Road, City Center",3001234567,dr.asim@heartclinic.com,8:00 AM to 7:00 PM,,,Do you have morning appointments with Dr. Asim?,"Yes, we have morning slots from 8 AM to 1 PM.",1558,کلینک_گھنٹے_انکوائری
1559,Clinic_Hours_Inquiry,formal,Rukhsana,Dr. Asim,Cardiologist,1500,"MBBS, MD Cardiology, Fellow of American College of Cardiology",15 years,"Asim Heart Clinic, Main Bazaar Road, City Center",3001234567,dr.asim@heartclinic.com,8:00 AM to 7:00 PM,,,Do you have morning appointments with Dr. Asim?,"Yes, we have morning slots from 8 AM to 1 PM.",1559,کلینک_گھنٹے_انکوائری
1560,Clinic_Hours_Inquiry,formal,Sana,Dr. Asim,Cardiologist,1500,"MBBS, MD Cardiology, Fellow of American College of Cardiology",15 years,"Asim Heart Clinic, Main Bazaar Road, City Center",3001234567,dr.asim@heartclinic.com,8:00 AM to 7:00 PM,,,Do you have morning appointments with Dr. Asim?,"Yes, we have morning slots from 8 AM to 1 PM.",1560,کلینک_گھنٹے_انکوائری
1561,Clinic_Hours_Inquiry,formal,Ahmed,Dr. Asim,Cardiologist,1500,"MBBS, MD Cardiology, Fellow of American College of Cardiology",15 years,"Asim Heart Clinic, Main Bazaar Road, City Center",3001234567,dr.asim@heartclinic.com,8:00 AM to 7:00 PM,,,Do you have morning appointments with Dr. Asim?,"Yes, we have morning slots from 8 AM to 1 PM.",1561,کلینک_گھنٹے_انکوائری
1562,Clinic_Hours_Inquiry,formal,Noor,Dr. Asim,Cardiologist,1500,"MBBS, MD Cardiology, Fellow of American College of Cardiology",15 years,"Asim Heart Clinic, Main Bazaar Road, City Center",3001234567,dr.asim@heartclinic.com,8:00 AM to 7:00 PM,,,Do you have morning appointments with Dr. Asim?,"Yes, we have morning slots from 8 AM to 1 PM.",1562,کلینک_گھنٹے_انکوائری
1563,Clinic_Hours_Inquiry,formal,Tariq,Dr. Asim,Cardiologist,1500,"MBBS, MD Cardiology, Fellow of American College of Cardiology",15 years,"Asim Heart Clinic, Main Bazaar Road, City Center",3001234567,dr.asim@heartclinic.com,8:00 AM to 7:00 PM,,,Do you have morning appointments with Dr. Asim?,"Yes, we have morning slots from 8 AM to 1 PM.",1563,کلینک_گھنٹے_انکوائری
1564,Clinic_Hours_Inquiry,formal,Malik,Dr. Asim,Cardiologist,1500,"MBBS, MD Cardiology, Fellow of American College of Cardiology",15 years,"Asim Heart Clinic, Main Bazaar Road, City Center",3001234567,dr.asim@heartclinic.com,8:00 AM to 7:00 PM,,,Do you have morning appointments with Dr. Asim?,"Yes, we have morning slots from 8 AM to 1 PM.",1564,کلینک_گھنٹے_انکوائری
1565,Clinic_Hours_Inquiry,formal,Faisal,Dr. Asim,Cardiologist,1500,"MBBS, MD Cardiology, Fellow of American College of Cardiology",15 years,"Asim Heart Clinic, Main Bazaar Road, City Center",3001234567,dr.asim@heartclinic.com,8:00 AM to 7:00 PM,,,Are there evening appointments with Dr. Asim?,"Yes, we also have 2 PM to 5 PM slots.",1565,کلینک_گھنٹے_انکوائری
1566,Clinic_Hours_Inquiry,formal,Rukhsana,Dr. Asim,Cardiologist,1500,"MBBS, MD Cardiology, Fellow of American College of Cardiology",15 years,"Asim Heart Clinic, Main Bazaar Road, City Center",3001234567,dr.asim@heartclinic.com,8:00 AM to 7:00 PM,,,Are there evening appointments with Dr. Asim?,"Yes, we also have 2 PM to 5 PM slots.",1566,کلینک_گھنٹے_انکوائری
1567,Clinic_Hours_Inquiry,formal,Salim,Dr. Asim,Cardiologist,1500,"MBBS, MD Cardiology, Fellow of American College of Cardiology",15 years,"Asim Heart Clinic, Main Bazaar Road, City Center",3001234567,dr.asim@heartclinic.com,8:00 AM to 7:00 PM,,,Are there evening appointments with Dr. Asim?,"Yes, we also have 2 PM to 5 PM slots.",1567,کلینک_گھنٹے_انکوائری
1568,Clinic_Hours_Inquiry,formal,Farida,Dr. Asim,Cardiologist,1500,"MBBS, MD Cardiology, Fellow of American College of Cardiology",15 years,"Asim Heart Clinic, Main Bazaar Road, City Center",3001234567,dr.asim@heartclinic.com,8:00 AM to 7:00 PM,,,Are there evening appointments with Dr. Asim?,"Yes, we also have 2 PM to 5 PM slots.",1568,کلینک_گھنٹے_انکوائری
1569,Clinic_Hours_Inquiry,formal,Amina,Dr. Asim,Cardiologist,1500,"MBBS, MD Cardiology, Fellow of American College of Cardiology",15 years,"Asim Heart Clinic, Main Bazaar Road, City Center",3001234567,dr.asim@heartclinic.com,8:00 AM to 7:00 PM,,,Are there evening appointments with Dr. Asim?,"Yes, we also have 2 PM to 5 PM slots.",1569,کلینک_گھنٹے_انکوائری
1570,Clinic_Hours_Inquiry,formal,Amina,Dr. Asim,Cardiologist,1500,"MBBS, MD Cardiology, Fellow of American College of Cardiology",15 years,"Asim Heart Clinic, Main Bazaar Road, City Center",3001234567,dr.asim@heartclinic.com,8:00 AM to 7:00 PM,,,Are there evening appointments with Dr. Asim?,"Yes, we also have 2 PM to 5 PM slots.",1570,کلینک_گھنٹے_انکوائری
1571,Clinic_Hours_Inquiry,formal,Fatima,Dr. Asim,Cardiologist,1500,"MBBS, MD Cardiology, Fellow of American College of Cardiology",15 years,"Asim Heart Clinic, Main Bazaar Road, City Center",3001234567,dr.asim@heartclinic.com,8:00 AM to 7:00 PM,,,Are there evening appointments with Dr. Asim?,"Yes, we also have 2 PM to 5 PM slots.",1571,کلینک_گھنٹے_انکوائری
1572,Clinic_Hours_Inquiry,formal,Karim,Dr. Asim,Cardiologist,1500,"MBBS, MD Cardiology, Fellow of American College of Cardiology",15 years,"Asim Heart Clinic, Main Bazaar Road, City Center",3001234567,dr.asim@heartclinic.com,8:00 AM to 7:00 PM,,,Are there evening appointments with Dr. Asim?,"Yes, we also have 2 PM to 5 PM slots.",1572,کلینک_گھنٹے_انکوائری
1573,Clinic_Hours_Inquiry,formal,Rukhsana,Dr. Asim,Cardiologist,1500,"MBBS, MD Cardiology, Fellow of American College of Cardiology",15 years,"Asim Heart Clinic, Main Bazaar Road, City Center",3001234567,dr.asim@heartclinic.com,8:00 AM to 7:00 PM,,,Are there evening appointments with Dr. Asim?,"Yes, we also have 2 PM to 5 PM slots.",1573,کلینک_گھنٹے_انکوائری
1574,Clinic_Hours_Inquiry,formal,Sara,Dr. Asim,Cardiologist,1500,"MBBS, MD Cardiology, Fellow of American College of Cardiology",15 years,"Asim Heart Clinic, Main Bazaar Road, City Center",3001234567,dr.asim@heartclinic.com,8:00 AM to 7:00 PM,,,Are there evening appointments with Dr. Asim?,"Yes, we also have 2 PM to 5 PM slots.",1574,کلینک_گھنٹے_انکوائری
1575,Clinic_Hours_Inquiry,formal,Farida,Dr. Asim,Cardiologist,1500,"MBBS, MD Cardiology, Fellow of American College of Cardiology",15 years,"Asim Heart Clinic, Main Bazaar Road, City Center",3001234567,dr.asim@heartclinic.com,8:00 AM to 7:00 PM,,,Are there evening appointments with Dr. Asim?,"Yes, we also have 2 PM to 5 PM slots.",1575,کلینک_گھنٹے_انکوائری
1576,Clinic_Hours_Inquiry,formal,Bilal,Dr. Asim,Cardiologist,1500,"MBBS, MD Cardiology, Fellow of American College of Cardiology",15 years,"Asim Heart Clinic, Main Bazaar Road, City Center",3001234567,dr.asim@heartclinic.com,8:00 AM to 7:00 PM,,,Are there evening appointments with Dr. Asim?,"Yes, we also have 2 PM to 5 PM slots.",1576,کلینک_گھنٹے_انکوائری
1577,Clinic_Hours_Inquiry,formal,Ahmed,Dr. Asim,Cardiologist,1500,"MBBS, MD Cardiology, Fellow of American College of Cardiology",15 years,"Asim Heart Clinic, Main Bazaar Road, City Center",3001234567,dr.asim@heartclinic.com,8:00 AM to 7:00 PM,,,Are there evening appointments with Dr. Asim?,"Yes, we also have 2 PM to 5 PM slots.",1577,کلینک_گھنٹے_انکوائری
1578,Clinic_Hours_Inquiry,formal,Hassan,Dr. Asim,Cardiologist,1500,"MBBS, MD Cardiology, Fellow of American College of Cardiology",15 years,"Asim Heart Clinic, Main Bazaar Road, City Center",3001234567,dr.asim@heartclinic.com,8:00 AM to 7:00 PM,,,Are there evening appointments with Dr. Asim?,"Yes, we also have 2 PM to 5 PM slots.",1578,کلینک_گھنٹے_انکوائری
1579,Clinic_Hours_Inquiry,formal,Hamza,Dr. Asim,Cardiologist,1500,"MBBS, MD Cardiology, Fellow of American College of Cardiology",15 years,"Asim Heart Clinic, Main Bazaar Road, City Center",3001234567,dr.asim@heartclinic.com,8:00 AM to 7:00 PM,,,Are there evening appointments with Dr. Asim?,"Yes, we also have 2 PM to 5 PM slots.",1579,کلینک_گھنٹے_انکوائری
1580,Clinic_Hours_Inquiry,casual,Rukhsana,Dr. Asim,Cardiologist,1500,"MBBS, MD Cardiology, Fellow of American College of Cardiology",15 years,"Asim Heart Clinic, Main Bazaar Road, City Center",3001234567,dr.asim@heartclinic.com,8:00 AM to 7:00 PM,,,Dr. Asim ka clinic kab khulta hai?,8:00 AM to 7:00 PM khula rehta hai.,1580,کلینک_گھنٹے_انکوائری
1581,Clinic_Hours_Inquiry,casual,Rukhsana,Dr. Asim,Cardiologist,1500,"MBBS, MD Cardiology, Fellow of American College of Cardiology",15 years,"Asim Heart Clinic, Main Bazaar Road, City Center",3001234567,dr.asim@heartclinic.com,8:00 AM to 7:00 PM,,,Dr. Asim ka clinic kab khulta hai?,8:00 AM to 7:00 PM khula rehta hai.,1581,کلینک_گھنٹے_انکوائری
1582,Clinic_Hours_Inquiry,casual,Hassan,Dr. Asim,Cardiologist,1500,"MBBS, MD Cardiology, Fellow of American College of Cardiology",15 years,"Asim Heart Clinic, Main Bazaar Road, City Center",3001234567,dr.asim@heartclinic.com,8:00 AM to 7:00 PM,,,Dr. Asim ka clinic kab khulta hai?,8:00 AM to 7:00 PM khula rehta hai.,1582,کلینک_گھنٹے_انکوائری
1583,Clinic_Hours_Inquiry,casual,Farida,Dr. Asim,Cardiologist,1500,"MBBS, MD Cardiology, Fellow of American College of Cardiology",15 years,"Asim Heart Clinic, Main Bazaar Road, City Center",3001234567,dr.asim@heartclinic.com,8:00 AM to 7:00 PM,,,Dr. Asim ka clinic kab khulta hai?,8:00 AM to 7:00 PM khula rehta hai.,1583,کلینک_گھنٹے_انکوائری
1584,Clinic_Hours_Inquiry,casual,Ahmed,Dr. Asim,Cardiologist,1500,"MBBS, MD Cardiology, Fellow of American College of Cardiology",15 years,"Asim Heart Clinic, Main Bazaar Road, City Center",3001234567,dr.asim@heartclinic.com,8:00 AM to 7:00 PM,,,Dr. Asim ka clinic kab khulta hai?,8:00 AM to 7:00 PM khula rehta hai.,1584,کلینک_گھنٹے_انکوائری
1585,Clinic_Hours_Inquiry,casual,Bilal,Dr. Asim,Cardiologist,1500,"MBBS, MD Cardiology, Fellow of American College of Cardiology",15 years,"Asim Heart Clinic, Main Bazaar Road, City Center",3001234567,dr.asim@heartclinic.com,8:00 AM to 7:00 PM,,,Dr. Asim ka clinic kab khulta hai?,8:00 AM to 7:00 PM khula rehta hai.,1585,کلینک_گھنٹے_انکوائری
1586,Clinic_Hours_Inquiry,casual,Ali,Dr. Asim,Cardiologist,1500,"MBBS, MD Cardiology, Fellow of American College of Cardiology",15 years,"Asim Heart Clinic, Main Bazaar Road, City Center",3001234567,dr.asim@heartclinic.com,8:00 AM to 7:00 PM,,,Dr. Asim ka clinic kab khulta hai?,8:00 AM to 7:00 PM khula rehta hai.,1586,کلینک_گھنٹے_انکوائری
1587,Clinic_Hours_Inquiry,casual,Layla,Dr. Asim,Cardiologist,1500,"MBBS, MD Cardiology, Fellow of American College of Cardiology",15 years,"Asim Heart Clinic, Main Bazaar Road, City Center",3001234567,dr.asim@heartclinic.com,8:00 AM to 7:00 PM,,,Dr. Asim ka clinic kab khulta hai?,8:00 AM to 7:00 PM khula rehta hai.,1587,کلینک_گھنٹے_انکوائری
1588,Clinic_Hours_Inquiry,casual,Bilal,Dr. Asim,Cardiologist,1500,"MBBS, MD Cardiology, Fellow of American College of Cardiology",15 years,"Asim Heart Clinic, Main Bazaar Road, City Center",3001234567,dr.asim@heartclinic.com,8:00 AM to 7:00 PM,,,Dr. Asim ka clinic kab khulta hai?,8:00 AM to 7:00 PM khula rehta hai.,1588,کلینک_گھنٹے_انکوائری
1589,Clinic_Hours_Inquiry,casual,Zainab,Dr. Asim,Cardiologist,1500,"MBBS, MD Cardiology, Fellow of American College of Cardiology",15 years,"Asim Heart Clinic, Main Bazaar Road, City Center",3001234567,dr.asim@heartclinic.com,8:00 AM to 7:00 PM,,,Dr. Asim ka clinic kab khulta hai?,8:00 AM to 7:00 PM khula rehta hai.,1589,کلینک_گھنٹے_انکوائری
1590,Clinic_Hours_Inquiry,casual,Wasim,Dr. Asim,Cardiologist,1500,"MBBS, MD Cardiology, Fellow of American College of Cardiology",15 years,"Asim Heart Clinic, Main Bazaar Road, City Center",3001234567,dr.asim@heartclinic.com,8:00 AM to 7:00 PM,,,Dr. Asim ka clinic kab khulta hai?,8:00 AM to 7:00 PM khula rehta hai.,1590,کلینک_گھنٹے_انکوائری
1591,Clinic_Hours_Inquiry,casual,Faisal,Dr. Asim,Cardiologist,1500,"MBBS, MD Cardiology, Fellow of American College of Cardiology",15 years,"Asim Heart Clinic, Main Bazaar Road, City Center",3001234567,dr.asim@heartclinic.com,8:00 AM to 7:00 PM,,,Dr. Asim ka clinic kab khulta hai?,8:00 AM to 7:00 PM khula rehta hai.,1591,کلینک_گھنٹے_انکوائری
1592,Clinic_Hours_Inquiry,casual,Malik,Dr. Asim,Cardiologist,1500,"MBBS, MD Cardiology, Fellow of American College of Cardiology",15 years,"Asim Heart Clinic, Main Bazaar Road, City Center",3001234567,dr.asim@heartclinic.com,8:00 AM to 7:00 PM,,,Dr. Asim ka clinic kab khulta hai?,8:00 AM to 7:00 PM khula rehta hai.,1592,کلینک_گھنٹے_انکوائری
1593,Clinic_Hours_Inquiry,casual,Samir,Dr. Asim,Cardiologist,1500,"MBBS, MD Cardiology, Fellow of American College of Cardiology",15 years,"Asim Heart Clinic, Main Bazaar Road, City Center",3001234567,dr.asim@heartclinic.com,8:00 AM to 7:00 PM,,,Dr. Asim ka clinic kab khulta hai?,8:00 AM to 7:00 PM khula rehta hai.,1593,کلینک_گھنٹے_انکوائری
1594,Clinic_Hours_Inquiry,casual,Tariq,Dr. Asim,Cardiologist,1500,"MBBS, MD Cardiology, Fellow of American College of Cardiology",15 years,"Asim Heart Clinic, Main Bazaar Road, City Center",3001234567,dr.asim@heartclinic.com,8:00 AM to 7:00 PM,,,Dr. Asim ka clinic kab khulta hai?,8:00 AM to 7:00 PM khula rehta hai.,1594,کلینک_گھنٹے_انکوائری
1595,Clinic_Hours_Inquiry,casual,Malik,Dr. Asim,Cardiologist,1500,"MBBS, MD Cardiology, Fellow of American College of Cardiology",15 years,"Asim Heart Clinic, Main Bazaar Road, City Center",3001234567,dr.asim@heartclinic.com,8:00 AM to 7:00 PM,,,Morning mein Dr. Asim milta hai?,"Bilkul, 8 se 1 tak.",1595,کلینک_گھنٹے_انکوائری
1596,Clinic_Hours_Inquiry,casual,Ali,Dr. Asim,Cardiologist,1500,"MBBS, MD Cardiology, Fellow of American College of Cardiology",15 years,"Asim Heart Clinic, Main Bazaar Road, City Center",3001234567,dr.asim@heartclinic.com,8:00 AM to 7:00 PM,,,Morning mein Dr. Asim milta hai?,"Bilkul, 8 se 1 tak.",1596,کلینک_گھنٹے_انکوائری
1597,Clinic_Hours_Inquiry,casual,Malik,Dr. Asim,Cardiologist,1500,"MBBS, MD Cardiology, Fellow of American College of Cardiology",15 years,"Asim Heart Clinic, Main Bazaar Road, City Center",3001234567,dr.asim@heartclinic.com,8:00 AM to 7:00 PM,,,Morning mein Dr. Asim milta hai?,"Bilkul, 8 se 1 tak.",1597,کلینک_گھنٹے_انکوائری
1598,Clinic_Hours_Inquiry,casual,Sana,Dr. Asim,Cardiologist,1500,"MBBS, MD Cardiology, Fellow of American College of Cardiology",15 years,"Asim Heart Clinic, Main Bazaar Road, City Center",3001234567,dr.asim@heartclinic.com,8:00 AM to 7:00 PM,,,Morning mein Dr. Asim milta hai?,"Bilkul, 8 se 1 tak.",1598,کلینک_گھنٹے_انکوائری
1599,Clinic_Hours_Inquiry,casual,Salim,Dr. Asim,Cardiologist,1500,"MBBS, MD Cardiology, Fellow of American College of Cardiology",15 years,"Asim Heart Clinic, Main Bazaar Road, City Center",3001234567,dr.asim@heartclinic.com,8:00 AM to 7:00 PM,,,Morning mein Dr. Asim milta hai?,"Bilkul, 8 se 1 tak.",1599,کلینک_گھنٹے_انکوائری
1600,Clinic_Hours_Inquiry,casual,Malik,Dr. Asim,Cardiologist,1500,"MBBS, MD Cardiology, Fellow of American College of Cardiology",15 years,"Asim Heart Clinic, Main Bazaar Road, City Center",3001234567,dr.asim@heartclinic.com,8:00 AM to 7:00 PM,,,Morning mein Dr. Asim milta hai?,"Bilkul, 8 se 1 tak.",1600,کلینک_گھنٹے_انکوائری
1601,Clinic_Hours_Inquiry,casual,Bilal,Dr. Asim,Cardiologist,1500,"MBBS, MD Cardiology, Fellow of American College of Cardiology",15 years,"Asim Heart Clinic, Main Bazaar Road, City Center",3001234567,dr.asim@heartclinic.com,8:00 AM to 7:00 PM,,,Morning mein Dr. Asim milta hai?,"Bilkul, 8 se 1 tak.",1601,کلینک_گھنٹے_انکوائری
1602,Clinic_Hours_Inquiry,casual,Malik,Dr. Asim,Cardiologist,1500,"MBBS, MD Cardiology, Fellow of American College of Cardiology",15 years,"Asim Heart Clinic, Main Bazaar Road, City Center",3001234567,dr.asim@heartclinic.com,8:00 AM to 7:00 PM,,,Morning mein Dr. Asim milta hai?,"Bilkul, 8 se 1 tak.",1602,کلینک_گھنٹے_انکوائری
1603,Clinic_Hours_Inquiry,casual,Hira,Dr. Asim,Cardiologist,1500,"MBBS, MD Cardiology, Fellow of American College of Cardiology",15 years,"Asim Heart Clinic, Main Bazaar Road, City Center",3001234567,dr.asim@heartclinic.com,8:00 AM to 7:00 PM,,,Morning mein Dr. Asim milta hai?,"Bilkul, 8 se 1 tak.",1603,کلینک_گھنٹے_انکوائری
1604,Clinic_Hours_Inquiry,casual,Hassan,Dr. Asim,Cardiologist,1500,"MBBS, MD Cardiology, Fellow of American College of Cardiology",15 years,"Asim Heart Clinic, Main Bazaar Road, City Center",3001234567,dr.asim@heartclinic.com,8:00 AM to 7:00 PM,,,Morning mein Dr. Asim milta hai?,"Bilkul, 8 se 1 tak.",1604,کلینک_گھنٹے_انکوائری
1605,Clinic_Hours_Inquiry,casual,Wasim,Dr. Asim,Cardiologist,1500,"MBBS, MD Cardiology, Fellow of American College of Cardiology",15 years,"Asim Heart Clinic, Main Bazaar Road, City Center",3001234567,dr.asim@heartclinic.com,8:00 AM to 7:00 PM,,,Morning mein Dr. Asim milta hai?,"Bilkul, 8 se 1 tak.",1605,کلینک_گھنٹے_انکوائری
1606,Clinic_Hours_Inquiry,casual,Hassan,Dr. Asim,Cardiologist,1500,"MBBS, MD Cardiology, Fellow of American College of Cardiology",15 years,"Asim Heart Clinic, Main Bazaar Road, City Center",3001234567,dr.asim@heartclinic.com,8:00 AM to 7:00 PM,,,Morning mein Dr. Asim milta hai?,"Bilkul, 8 se 1 tak.",1606,کلینک_گھنٹے_انکوائری
1607,Clinic_Hours_Inquiry,casual,Bilal,Dr. Asim,Cardiologist,1500,"MBBS, MD Cardiology, Fellow of American College of Cardiology",15 years,"Asim Heart Clinic, Main Bazaar Road, City Center",3001234567,dr.asim@heartclinic.com,8:00 AM to 7:00 PM,,,Morning mein Dr. Asim milta hai?,"Bilkul, 8 se 1 tak.",1607,کلینک_گھنٹے_انکوائری
1608,Clinic_Hours_Inquiry,casual,Bilal,Dr. Asim,Cardiologist,1500,"MBBS, MD Cardiology, Fellow of American College of Cardiology",15 years,"Asim Heart Clinic, Main Bazaar Road, City Center",3001234567,dr.asim@heartclinic.com,8:00 AM to 7:00 PM,,,Morning mein Dr. Asim milta hai?,"Bilkul, 8 se 1 tak.",1608,کلینک_گھنٹے_انکوائری
1609,Clinic_Hours_Inquiry,casual,Faisal,Dr. Asim,Cardiologist,1500,"MBBS, MD Cardiology, Fellow of American College of Cardiology",15 years,"Asim Heart Clinic, Main Bazaar Road, City Center",3001234567,dr.asim@heartclinic.com,8:00 AM to 7:00 PM,,,Morning mein Dr. Asim milta hai?,"Bilkul, 8 se 1 tak.",1609,کلینک_گھنٹے_انکوائری
1610,Clinic_Hours_Inquiry,casual,Usman,Dr. Asim,Cardiologist,1500,"MBBS, MD Cardiology, Fellow of American College of Cardiology",15 years,"Asim Heart Clinic, Main Bazaar Road, City Center",3001234567,dr.asim@heartclinic.com,8:00 AM to 7:00 PM,,,Evening mein clinic khula hai?,"Haan, 2 se 5 tak.",1610,کلینک_گھنٹے_انکوائری
1611,Clinic_Hours_Inquiry,casual,Sara,Dr. Asim,Cardiologist,1500,"MBBS, MD Cardiology, Fellow of American College of Cardiology",15 years,"Asim Heart Clinic, Main Bazaar Road, City Center",3001234567,dr.asim@heartclinic.com,8:00 AM to 7:00 PM,,,Evening mein clinic khula hai?,"Haan, 2 se 5 tak.",1611,کلینک_گھنٹے_انکوائری
1612,Clinic_Hours_Inquiry,casual,Samir,Dr. Asim,Cardiologist,1500,"MBBS, MD Cardiology, Fellow of American College of Cardiology",15 years,"Asim Heart Clinic, Main Bazaar Road, City Center",3001234567,dr.asim@heartclinic.com,8:00 AM to 7:00 PM,,,Evening mein clinic khula hai?,"Haan, 2 se 5 tak.",1612,کلینک_گھنٹے_انکوائری
1613,Clinic_Hours_Inquiry,casual,Sana,Dr. Asim,Cardiologist,1500,"MBBS, MD Cardiology, Fellow of American College of Cardiology",15 years,"Asim Heart Clinic, Main Bazaar Road, City Center",3001234567,dr.asim@heartclinic.com,8:00 AM to 7:00 PM,,,Evening mein clinic khula hai?,"Haan, 2 se 5 tak.",1613,کلینک_گھنٹے_انکوائری
1614,Clinic_Hours_Inquiry,casual,Tariq,Dr. Asim,Cardiologist,1500,"MBBS, MD Cardiology, Fellow of American College of Cardiology",15 years,"Asim Heart Clinic, Main Bazaar Road, City Center",3001234567,dr.asim@heartclinic.com,8:00 AM to 7:00 PM,,,Evening mein clinic khula hai?,"Haan, 2 se 5 tak.",1614,کلینک_گھنٹے_انکوائری
1615,Clinic_Hours_Inquiry,casual,Bilal,Dr. Asim,Cardiologist,1500,"MBBS, MD Cardiology, Fellow of American College of Cardiology",15 years,"Asim Heart Clinic, Main Bazaar Road, City Center",3001234567,dr.asim@heartclinic.com,8:00 AM to 7:00 PM,,,Evening mein clinic khula hai?,"Haan, 2 se 5 tak.",1615,کلینک_گھنٹے_انکوائری
1616,Clinic_Hours_Inquiry,casual,Hamza,Dr. Asim,Cardiologist,1500,"MBBS, MD Cardiology, Fellow of American College of Cardiology",15 years,"Asim Heart Clinic, Main Bazaar Road, City Center",3001234567,dr.asim@heartclinic.com,8:00 AM to 7:00 PM,,,Evening mein clinic khula hai?,"Haan, 2 se 5 tak.",1616,کلینک_گھنٹے_انکوائری
1617,Clinic_Hours_Inquiry,casual,Malik,Dr. Asim,Cardiologist,1500,"MBBS, MD Cardiology, Fellow of American College of Cardiology",15 years,"Asim Heart Clinic, Main Bazaar Road, City Center",3001234567,dr.asim@heartclinic.com,8:00 AM to 7:00 PM,,,Evening mein clinic khula hai?,"Haan, 2 se 5 tak.",1617,کلینک_گھنٹے_انکوائری
1618,Clinic_Hours_Inquiry,casual,Noor,Dr. Asim,Cardiologist,1500,"MBBS, MD Cardiology, Fellow of American College of Cardiology",15 years,"Asim Heart Clinic, Main Bazaar Road, City Center",3001234567,dr.asim@heartclinic.com,8:00 AM to 7:00 PM,,,Evening mein clinic khula hai?,"Haan, 2 se 5 tak.",1618,کلینک_گھنٹے_انکوائری
1619,Clinic_Hours_Inquiry,casual,Hamza,Dr. Asim,Cardiologist,1500,"MBBS, MD Cardiology, Fellow of American College of Cardiology",15 years,"Asim Heart Clinic, Main Bazaar Road, City Center",3001234567,dr.asim@heartclinic.com,8:00 AM to 7:00 PM,,,Evening mein clinic khula hai?,"Haan, 2 se 5 tak.",1619,کلینک_گھنٹے_انکوائری
1620,Clinic_Hours_Inquiry,casual,Layla,Dr. Asim,Cardiologist,1500,"MBBS, MD Cardiology, Fellow of American College of Cardiology",15 years,"Asim Heart Clinic, Main Bazaar Road, City Center",3001234567,dr.asim@heartclinic.com,8:00 AM to 7:00 PM,,,Evening mein clinic khula hai?,"Haan, 2 se 5 tak.",1620,کلینک_گھنٹے_انکوائری
1621,Clinic_Hours_Inquiry,casual,Mina,Dr. Asim,Cardiologist,1500,"MBBS, MD Cardiology, Fellow of American College of Cardiology",15 years,"Asim Heart Clinic, Main Bazaar Road, City Center",3001234567,dr.asim@heartclinic.com,8:00 AM to 7:00 PM,,,Evening mein clinic khula hai?,"Haan, 2 se 5 tak.",1621,کلینک_گھنٹے_انکوائری
1622,Clinic_Hours_Inquiry,casual,Rashid,Dr. Asim,Cardiologist,1500,"MBBS, MD Cardiology, Fellow of American College of Cardiology",15 years,"Asim Heart Clinic, Main Bazaar Road, City Center",3001234567,dr.asim@heartclinic.com,8:00 AM to 7:00 PM,,,Evening mein clinic khula hai?,"Haan, 2 se 5 tak.",1622,کلینک_گھنٹے_انکوائری
1623,Clinic_Hours_Inquiry,casual,Nasrin,Dr. Asim,Cardiologist,1500,"MBBS, MD Cardiology, Fellow of American College of Cardiology",15 years,"Asim Heart Clinic, Main Bazaar Road, City Center",3001234567,dr.asim@heartclinic.com,8:00 AM to 7:00 PM,,,Evening mein clinic khula hai?,"Haan, 2 se 5 tak.",1623,کلینک_گھنٹے_انکوائری
1624,Clinic_Hours_Inquiry,casual,Usman,Dr. Asim,Cardiologist,1500,"MBBS, MD Cardiology, Fellow of American College of Cardiology",15 years,"Asim Heart Clinic, Main Bazaar Road, City Center",3001234567,dr.asim@heartclinic.com,8:00 AM to 7:00 PM,,,Evening mein clinic khula hai?,"Haan, 2 se 5 tak.",1624,کلینک_گھنٹے_انکوائری
1625,Emergency,severe,Ahmed,Dr. Asim,Cardiologist,1500,"MBBS, MD Cardiology, Fellow of American College of Cardiology",15 years,"Asim Heart Clinic, Main Bazaar Road, City Center",3001234567,dr.asim@heartclinic.com,24 Hours Emergency Available,EMERGENCY,ASAP,Emergency! I need Dr. Asim NOW!,We have emergency slots. Come immediately!,1625,ایمرجنسی
1626,Emergency,severe,Amina,Dr. Asim,Cardiologist,1500,"MBBS, MD Cardiology, Fellow of American College of Cardiology",15 years,"Asim Heart Clinic, Main Bazaar Road, City Center",3001234567,dr.asim@heartclinic.com,24 Hours Emergency Available,EMERGENCY,ASAP,Emergency! I need Dr. Asim NOW!,We have emergency slots. Come immediately!,1626,ایمرجنسی
1627,Emergency,severe,Zainab,Dr. Asim,Cardiologist,1500,"MBBS, MD Cardiology, Fellow of American College of Cardiology",15 years,"Asim Heart Clinic, Main Bazaar Road, City Center",3001234567,dr.asim@heartclinic.com,24 Hours Emergency Available,EMERGENCY,ASAP,Emergency! I need Dr. Asim NOW!,We have emergency slots. Come immediately!,1627,ایمرجنسی
1628,Emergency,severe,Aisha,Dr. Asim,Cardiologist,1500,"MBBS, MD Cardiology, Fellow of American College of Cardiology",15 years,"Asim Heart Clinic, Main Bazaar Road, City Center",3001234567,dr.asim@heartclinic.com,24 Hours Emergency Available,EMERGENCY,ASAP,Emergency! I need Dr. Asim NOW!,We have emergency slots. Come immediately!,1628,ایمرجنسی
1629,Emergency,severe,Malik,Dr. Asim,Cardiologist,1500,"MBBS, MD Cardiology, Fellow of American College of Cardiology",15 years,"Asim Heart Clinic, Main Bazaar Road, City Center",3001234567,dr.asim@heartclinic.com,24 Hours Emergency Available,EMERGENCY,ASAP,Emergency! I need Dr. Asim NOW!,We have emergency slots. Come immediately!,1629,ایمرجنسی
1630,Emergency,severe,Noor,Dr. Asim,Cardiologist,1500,"MBBS, MD Cardiology, Fellow of American College of Cardiology",15 years,"Asim Heart Clinic, Main Bazaar Road, City Center",3001234567,dr.asim@heartclinic.com,24 Hours Emergency Available,EMERGENCY,ASAP,Emergency! I need Dr. Asim NOW!,We have emergency slots. Come immediately!,1630,ایمرجنسی
1631,Emergency,severe,Farida,Dr. Asim,Cardiologist,1500,"MBBS, MD Cardiology, Fellow of American College of Cardiology",15 years,"Asim Heart Clinic, Main Bazaar Road, City Center",3001234567,dr.asim@heartclinic.com,24 Hours Emergency Available,EMERGENCY,ASAP,Emergency! I need Dr. Asim NOW!,We have emergency slots. Come immediately!,1631,ایمرجنسی
1632,Emergency,severe,Wasim,Dr. Asim,Cardiologist,1500,"MBBS, MD Cardiology, Fellow of American College of Cardiology",15 years,"Asim Heart Clinic, Main Bazaar Road, City Center",3001234567,dr.asim@heartclinic.com,24 Hours Emergency Available,EMERGENCY,ASAP,Emergency! I need Dr. Asim NOW!,We have emergency slots. Come immediately!,1632,ایمرجنسی
1633,Emergency,severe,Ali,Dr. Asim,Cardiologist,1500,"MBBS, MD Cardiology, Fellow of American College of Cardiology",15 years,"Asim Heart Clinic, Main Bazaar Road, City Center",3001234567,dr.asim@heartclinic.com,24 Hours Emergency Available,EMERGENCY,ASAP,Emergency! I need Dr. Asim NOW!,We have emergency slots. Come immediately!,1633,ایمرجنسی
1634,Emergency,severe,Bilal,Dr. Asim,Cardiologist,1500,"MBBS, MD Cardiology, Fellow of American College of Cardiology",15 years,"Asim Heart Clinic, Main Bazaar Road, City Center",3001234567,dr.asim@heartclinic.com,24 Hours Emergency Available,EMERGENCY,ASAP,Emergency! I need Dr. Asim NOW!,We have emergency slots. Come immediately!,1634,ایمرجنسی
1635,Emergency,severe,Faisal,Dr. Asim,Cardiologist,1500,"MBBS, MD Cardiology, Fellow of American College of Cardiology",15 years,"Asim Heart Clinic, Main Bazaar Road, City Center",3001234567,dr.asim@heartclinic.com,24 Hours Emergency Available,EMERGENCY,ASAP,Emergency! I need Dr. Asim NOW!,We have emergency slots. Come immediately!,1635,ایمرجنسی
1636,Emergency,severe,Sara,Dr. Asim,Cardiologist,1500,"MBBS, MD Cardiology, Fellow of American College of Cardiology",15 years,"Asim Heart Clinic, Main Bazaar Road, City Center",3001234567,dr.asim@heartclinic.com,24 Hours Emergency Available,EMERGENCY,ASAP,Emergency! I need Dr. Asim NOW!,We have emergency slots. Come immediately!,1636,ایمرجنسی
1637,Emergency,severe,Fatima,Dr. Asim,Cardiologist,1500,"MBBS, MD Cardiology, Fellow of American College of Cardiology",15 years,"Asim Heart Clinic, Main Bazaar Road, City Center",3001234567,dr.asim@heartclinic.com,24 Hours Emergency Available,EMERGENCY,ASAP,Emergency! I need Dr. Asim NOW!,We have emergency slots. Come immediately!,1637,ایمرجنسی
1638,Emergency,severe,Salim,Dr. Asim,Cardiologist,1500,"MBBS, MD Cardiology, Fellow of American College of Cardiology",15 years,"Asim Heart Clinic, Main Bazaar Road, City Center",3001234567,dr.asim@heartclinic.com,24 Hours Emergency Available,EMERGENCY,ASAP,Emergency! I need Dr. Asim NOW!,We have emergency slots. Come immediately!,1638,ایمرجنسی
1639,Emergency,severe,Zainab,Dr. Asim,Cardiologist,1500,"MBBS, MD Cardiology, Fellow of American College of Cardiology",15 years,"Asim Heart Clinic, Main Bazaar Road, City Center",3001234567,dr.asim@heartclinic.com,24 Hours Emergency Available,EMERGENCY,ASAP,Emergency! I need Dr. Asim NOW!,We have emergency slots. Come immediately!,1639,ایمرجنسی
1640,Emergency,severe,Salim,Dr. Asim,Cardiologist,1500,"MBBS, MD Cardiology, Fellow of American College of Cardiology",15 years,"Asim Heart Clinic, Main Bazaar Road, City Center",3001234567,dr.asim@heartclinic.com,24 Hours Emergency Available,EMERGENCY,ASAP,Emergency! I need Dr. Asim NOW!,We have emergency slots. Come immediately!,1640,ایمرجنسی
1641,Emergency,severe,Bilal,Dr. Asim,Cardiologist,1500,"MBBS, MD Cardiology, Fellow of American College of Cardiology",15 years,"Asim Heart Clinic, Main Bazaar Road, City Center",3001234567,dr.asim@heartclinic.com,24 Hours Emergency Available,EMERGENCY,ASAP,Emergency! I need Dr. Asim NOW!,We have emergency slots. Come immediately!,1641,ایمرجنسی
1642,Emergency,severe,Ahmed,Dr. Asim,Cardiologist,1500,"MBBS, MD Cardiology, Fellow of American College of Cardiology",15 years,"Asim Heart Clinic, Main Bazaar Road, City Center",3001234567,dr.asim@heartclinic.com,24 Hours Emergency Available,EMERGENCY,ASAP,Emergency! I need Dr. Asim NOW!,We have emergency slots. Come immediately!,1642,ایمرجنسی
1643,Emergency,severe,Aisha,Dr. Asim,Cardiologist,1500,"MBBS, MD Cardiology, Fellow of American College of Cardiology",15 years,"Asim Heart Clinic, Main Bazaar Road, City Center",3001234567,dr.asim@heartclinic.com,24 Hours Emergency Available,EMERGENCY,ASAP,Emergency! I need Dr. Asim NOW!,We have emergency slots. Come immediately!,1643,ایمرجنسی
1644,Emergency,severe,Layla,Dr. Asim,Cardiologist,1500,"MBBS, MD Cardiology, Fellow of American College of Cardiology",15 years,"Asim Heart Clinic, Main Bazaar Road, City Center",3001234567,dr.asim@heartclinic.com,24 Hours Emergency Available,EMERGENCY,ASAP,Emergency! I need Dr. Asim NOW!,We have emergency slots. Come immediately!,1644,ایمرجنسی
1645,Emergency,severe,Rashid,Dr. Asim,Cardiologist,1500,"MBBS, MD Cardiology, Fellow of American College of Cardiology",15 years,"Asim Heart Clinic, Main Bazaar Road, City Center",3001234567,dr.asim@heartclinic.com,24 Hours Emergency Available,EMERGENCY,ASAP,This is an emergency! Dr. Asim urgently!,What's happening? We'll arrange emergency slot!,1645,ایمرجنسی
1646,Emergency,severe,Aisha,Dr. Asim,Cardiologist,1500,"MBBS, MD Cardiology, Fellow of American College of Cardiology",15 years,"Asim Heart Clinic, Main Bazaar Road, City Center",3001234567,dr.asim@heartclinic.com,24 Hours Emergency Available,EMERGENCY,ASAP,This is an emergency! Dr. Asim urgently!,What's happening? We'll arrange emergency slot!,1646,ایمرجنسی
1647,Emergency,severe,Salim,Dr. Asim,Cardiologist,1500,"MBBS, MD Cardiology, Fellow of American College of Cardiology",15 years,"Asim Heart Clinic, Main Bazaar Road, City Center",3001234567,dr.asim@heartclinic.com,24 Hours Emergency Available,EMERGENCY,ASAP,This is an emergency! Dr. Asim urgently!,What's happening? We'll arrange emergency slot!,1647,ایمرجنسی
1648,Emergency,severe,Nasrin,Dr. Asim,Cardiologist,1500,"MBBS, MD Cardiology, Fellow of American College of Cardiology",15 years,"Asim Heart Clinic, Main Bazaar Road, City Center",3001234567,dr.asim@heartclinic.com,24 Hours Emergency Available,EMERGENCY,ASAP,This is an emergency! Dr. Asim urgently!,What's happening? We'll arrange emergency slot!,1648,ایمرجنسی
1649,Emergency,severe,Farida,Dr. Asim,Cardiologist,1500,"MBBS, MD Cardiology, Fellow of American College of Cardiology",15 years,"Asim Heart Clinic, Main Bazaar Road, City Center",3001234567,dr.asim@heartclinic.com,24 Hours Emergency Available,EMERGENCY,ASAP,This is an emergency! Dr. Asim urgently!,What's happening? We'll arrange emergency slot!,1649,ایمرجنسی
1650,Emergency,severe,Ayesha,Dr. Asim,Cardiologist,1500,"MBBS, MD Cardiology, Fellow of American College of Cardiology",15 years,"Asim Heart Clinic, Main Bazaar Road, City Center",3001234567,dr.asim@heartclinic.com,24 Hours Emergency Available,EMERGENCY,ASAP,This is an emergency! Dr. Asim urgently!,What's happening? We'll arrange emergency slot!,1650,ایمرجنسی
1651,Emergency,severe,Rukhsana,Dr. Asim,Cardiologist,1500,"MBBS, MD Cardiology, Fellow of American College of Cardiology",15 years,"Asim Heart Clinic, Main Bazaar Road, City Center",3001234567,dr.asim@heartclinic.com,24 Hours Emergency Available,EMERGENCY,ASAP,This is an emergency! Dr. Asim urgently!,What's happening? We'll arrange emergency slot!,1651,ایمرجنسی
1652,Emergency,severe,Rukhsana,Dr. Asim,Cardiologist,1500,"MBBS, MD Cardiology, Fellow of American College of Cardiology",15 years,"Asim Heart Clinic, Main Bazaar Road, City Center",3001234567,dr.asim@heartclinic.com,24 Hours Emergency Available,EMERGENCY,ASAP,This is an emergency! Dr. Asim urgently!,What's happening? We'll arrange emergency slot!,1652,ایمرجنسی
1653,Emergency,severe,Hira,Dr. Asim,Cardiologist,1500,"MBBS, MD Cardiology, Fellow of American College of Cardiology",15 years,"Asim Heart Clinic, Main Bazaar Road, City Center",3001234567,dr.asim@heartclinic.com,24 Hours Emergency Available,EMERGENCY,ASAP,This is an emergency! Dr. Asim urgently!,What's happening? We'll arrange emergency slot!,1653,ایمرجنسی
1654,Emergency,severe,Karim,Dr. Asim,Cardiologist,1500,"MBBS, MD Cardiology, Fellow of American College of Cardiology",15 years,"Asim Heart Clinic, Main Bazaar Road, City Center",3001234567,dr.asim@heartclinic.com,24 Hours Emergency Available,EMERGENCY,ASAP,This is an emergency! Dr. Asim urgently!,What's happening? We'll arrange emergency slot!,1654,ایمرجنسی
1655,Emergency,severe,Nasrin,Dr. Asim,Cardiologist,1500,"MBBS, MD Cardiology, Fellow of American College of Cardiology",15 years,"Asim Heart Clinic, Main Bazaar Road, City Center",3001234567,dr.asim@heartclinic.com,24 Hours Emergency Available,EMERGENCY,ASAP,This is an emergency! Dr. Asim urgently!,What's happening? We'll arrange emergency slot!,1655,ایمرجنسی
1656,Emergency,severe,Farida,Dr. Asim,Cardiologist,1500,"MBBS, MD Cardiology, Fellow of American College of Cardiology",15 years,"Asim Heart Clinic, Main Bazaar Road, City Center",3001234567,dr.asim@heartclinic.com,24 Hours Emergency Available,EMERGENCY,ASAP,This is an emergency! Dr. Asim urgently!,What's happening? We'll arrange emergency slot!,1656,ایمرجنسی
1657,Emergency,severe,Rashid,Dr. Asim,Cardiologist,1500,"MBBS, MD Cardiology, Fellow of American College of Cardiology",15 years,"Asim Heart Clinic, Main Bazaar Road, City Center",3001234567,dr.asim@heartclinic.com,24 Hours Emergency Available,EMERGENCY,ASAP,This is an emergency! Dr. Asim urgently!,What's happening? We'll arrange emergency slot!,1657,ایمرجنسی
1658,Emergency,severe,Tariq,Dr. Asim,Cardiologist,1500,"MBBS, MD Cardiology, Fellow of American College of Cardiology",15 years,"Asim Heart Clinic, Main Bazaar Road, City Center",3001234567,dr.asim@heartclinic.com,24 Hours Emergency Available,EMERGENCY,ASAP,This is an emergency! Dr. Asim urgently!,What's happening? We'll arrange emergency slot!,1658,ایمرجنسی
1659,Emergency,severe,Hassan,Dr. Asim,Cardiologist,1500,"MBBS, MD Cardiology, Fellow of American College of Cardiology",15 years,"Asim Heart Clinic, Main Bazaar Road, City Center",3001234567,dr.asim@heartclinic.com,24 Hours Emergency Available,EMERGENCY,ASAP,This is an emergency! Dr. Asim urgently!,What's happening? We'll arrange emergency slot!,1659,ایمرجنسی
1660,Emergency,severe,Nida,Dr. Asim,Cardiologist,1500,"MBBS, MD Cardiology, Fellow of American College of Cardiology",15 years,"Asim Heart Clinic, Main Bazaar Road, City Center",3001234567,dr.asim@heartclinic.com,24 Hours Emergency Available,EMERGENCY,ASAP,This is an emergency! Dr. Asim urgently!,What's happening? We'll arrange emergency slot!,1660,ایمرجنسی
1661,Emergency,severe,Rukhsana,Dr. Asim,Cardiologist,1500,"MBBS, MD Cardiology, Fellow of American College of Cardiology",15 years,"Asim Heart Clinic, Main Bazaar Road, City Center",3001234567,dr.asim@heartclinic.com,24 Hours Emergency Available,EMERGENCY,ASAP,This is an emergency! Dr. Asim urgently!,What's happening? We'll arrange emergency slot!,1661,ایمرجنسی
1662,Emergency,severe,Rashid,Dr. Asim,Cardiologist,1500,"MBBS, MD Cardiology, Fellow of American College of Cardiology",15 years,"Asim Heart Clinic, Main Bazaar Road, City Center",3001234567,dr.asim@heartclinic.com,24 Hours Emergency Available,EMERGENCY,ASAP,This is an emergency! Dr. Asim urgently!,What's happening? We'll arrange emergency slot!,1662,ایمرجنسی
1663,Emergency,severe,Wasim,Dr. Asim,Cardiologist,1500,"MBBS, MD Cardiology, Fellow of American College of Cardiology",15 years,"Asim Heart Clinic, Main Bazaar Road, City Center",3001234567,dr.asim@heartclinic.com,24 Hours Emergency Available,EMERGENCY,ASAP,This is an emergency! Dr. Asim urgently!,What's happening? We'll arrange emergency slot!,1663,ایمرجنسی
1664,Emergency,severe,Nasrin,Dr. Asim,Cardiologist,1500,"MBBS, MD Cardiology, Fellow of American College of Cardiology",15 years,"Asim Heart Clinic, Main Bazaar Road, City Center",3001234567,dr.asim@heartclinic.com,24 Hours Emergency Available,EMERGENCY,ASAP,This is an emergency! Dr. Asim urgently!,What's happening? We'll arrange emergency slot!,1664,ایمرجنسی
1665,Emergency,severe,Karim,Dr. Asim,Cardiologist,1500,"MBBS, MD Cardiology, Fellow of American College of Cardiology",15 years,"Asim Heart Clinic, Main Bazaar Road, City Center",3001234567,dr.asim@heartclinic.com,24 Hours Emergency Available,EMERGENCY,ASAP,EMERGENCY CALL! Need Dr. Asim immediately!,Stay calm. We'll arrange immediate care!,1665,ایمرجنسی
1666,Emergency,severe,Tariq,Dr. Asim,Cardiologist,1500,"MBBS, MD Cardiology, Fellow of American College of Cardiology",15 years,"Asim Heart Clinic, Main Bazaar Road, City Center",3001234567,dr.asim@heartclinic.com,24 Hours Emergency Available,EMERGENCY,ASAP,EMERGENCY CALL! Need Dr. Asim immediately!,Stay calm. We'll arrange immediate care!,1666,ایمرجنسی
1667,Emergency,severe,Nida,Dr. Asim,Cardiologist,1500,"MBBS, MD Cardiology, Fellow of American College of Cardiology",15 years,"Asim Heart Clinic, Main Bazaar Road, City Center",3001234567,dr.asim@heartclinic.com,24 Hours Emergency Available,EMERGENCY,ASAP,EMERGENCY CALL! Need Dr. Asim immediately!,Stay calm. We'll arrange immediate care!,1667,ایمرجنسی
1668,Emergency,severe,Samir,Dr. Asim,Cardiologist,1500,"MBBS, MD Cardiology, Fellow of American College of Cardiology",15 years,"Asim Heart Clinic, Main Bazaar Road, City Center",3001234567,dr.asim@heartclinic.com,24 Hours Emergency Available,EMERGENCY,ASAP,EMERGENCY CALL! Need Dr. Asim immediately!,Stay calm. We'll arrange immediate care!,1668,ایمرجنسی
1669,Emergency,severe,Faisal,Dr. Asim,Cardiologist,1500,"MBBS, MD Cardiology, Fellow of American College of Cardiology",15 years,"Asim Heart Clinic, Main Bazaar Road, City Center",3001234567,dr.asim@heartclinic.com,24 Hours Emergency Available,EMERGENCY,ASAP,EMERGENCY CALL! Need Dr. Asim immediately!,Stay calm. We'll arrange immediate care!,1669,ایمرجنسی
1670,Emergency,severe,Sara,Dr. Asim,Cardiologist,1500,"MBBS, MD Cardiology, Fellow of American College of Cardiology",15 years,"Asim Heart Clinic, Main Bazaar Road, City Center",3001234567,dr.asim@heartclinic.com,24 Hours Emergency Available,EMERGENCY,ASAP,EMERGENCY CALL! Need Dr. Asim immediately!,Stay calm. We'll arrange immediate care!,1670,ایمرجنسی
1671,Emergency,severe,Sara,Dr. Asim,Cardiologist,1500,"MBBS, MD Cardiology, Fellow of American College of Cardiology",15 years,"Asim Heart Clinic, Main Bazaar Road, City Center",3001234567,dr.asim@heartclinic.com,24 Hours Emergency Available,EMERGENCY,ASAP,EMERGENCY CALL! Need Dr. Asim immediately!,Stay calm. We'll arrange immediate care!,1671,ایمرجنسی
1672,Emergency,severe,Faisal,Dr. Asim,Cardiologist,1500,"MBBS, MD Cardiology, Fellow of American College of Cardiology",15 years,"Asim Heart Clinic, Main Bazaar Road, City Center",3001234567,dr.asim@heartclinic.com,24 Hours Emergency Available,EMERGENCY,ASAP,EMERGENCY CALL! Need Dr. Asim immediately!,Stay calm. We'll arrange immediate care!,1672,ایمرجنسی
1673,Emergency,severe,Nasrin,Dr. Asim,Cardiologist,1500,"MBBS, MD Cardiology, Fellow of American College of Cardiology",15 years,"Asim Heart Clinic, Main Bazaar Road, City Center",3001234567,dr.asim@heartclinic.com,24 Hours Emergency Available,EMERGENCY,ASAP,EMERGENCY CALL! Need Dr. Asim immediately!,Stay calm. We'll arrange immediate care!,1673,ایمرجنسی
1674,Emergency,severe,Faisal,Dr. Asim,Cardiologist,1500,"MBBS, MD Cardiology, Fellow of American College of Cardiology",15 years,"Asim Heart Clinic, Main Bazaar Road, City Center",3001234567,dr.asim@heartclinic.com,24 Hours Emergency Available,EMERGENCY,ASAP,EMERGENCY CALL! Need Dr. Asim immediately!,Stay calm. We'll arrange immediate care!,1674,ایمرجنسی
1675,Emergency,severe,Farida,Dr. Asim,Cardiologist,1500,"MBBS, MD Cardiology, Fellow of American College of Cardiology",15 years,"Asim Heart Clinic, Main Bazaar Road, City Center",3001234567,dr.asim@heartclinic.com,24 Hours Emergency Available,EMERGENCY,ASAP,EMERGENCY CALL! Need Dr. Asim immediately!,Stay calm. We'll arrange immediate care!,1675,ایمرجنسی
1676,Emergency,severe,Nida,Dr. Asim,Cardiologist,1500,"MBBS, MD Cardiology, Fellow of American College of Cardiology",15 years,"Asim Heart Clinic, Main Bazaar Road, City Center",3001234567,dr.asim@heartclinic.com,24 Hours Emergency Available,EMERGENCY,ASAP,EMERGENCY CALL! Need Dr. Asim immediately!,Stay calm. We'll arrange immediate care!,1676,ایمرجنسی
1677,Emergency,severe,Usman,Dr. Asim,Cardiologist,1500,"MBBS, MD Cardiology, Fellow of American College of Cardiology",15 years,"Asim Heart Clinic, Main Bazaar Road, City Center",3001234567,dr.asim@heartclinic.com,24 Hours Emergency Available,EMERGENCY,ASAP,EMERGENCY CALL! Need Dr. Asim immediately!,Stay calm. We'll arrange immediate care!,1677,ایمرجنسی
1678,Emergency,severe,Ayesha,Dr. Asim,Cardiologist,1500,"MBBS, MD Cardiology, Fellow of American College of Cardiology",15 years,"Asim Heart Clinic, Main Bazaar Road, City Center",3001234567,dr.asim@heartclinic.com,24 Hours Emergency Available,EMERGENCY,ASAP,EMERGENCY CALL! Need Dr. Asim immediately!,Stay calm. We'll arrange immediate care!,1678,ایمرجنسی
1679,Emergency,severe,Ayesha,Dr. Asim,Cardiologist,1500,"MBBS, MD Cardiology, Fellow of American College of Cardiology",15 years,"Asim Heart Clinic, Main Bazaar Road, City Center",3001234567,dr.asim@heartclinic.com,24 Hours Emergency Available,EMERGENCY,ASAP,EMERGENCY CALL! Need Dr. Asim immediately!,Stay calm. We'll arrange immediate care!,1679,ایمرجنسی
1680,Emergency,severe,Malik,Dr. Asim,Cardiologist,1500,"MBBS, MD Cardiology, Fellow of American College of Cardiology",15 years,"Asim Heart Clinic, Main Bazaar Road, City Center",3001234567,dr.asim@heartclinic.com,24 Hours Emergency Available,EMERGENCY,ASAP,EMERGENCY CALL! Need Dr. Asim immediately!,Stay calm. We'll arrange immediate care!,1680,ایمرجنسی
1681,Emergency,severe,Wasim,Dr. Asim,Cardiologist,1500,"MBBS, MD Cardiology, Fellow of American College of Cardiology",15 years,"Asim Heart Clinic, Main Bazaar Road, City Center",3001234567,dr.asim@heartclinic.com,24 Hours Emergency Available,EMERGENCY,ASAP,EMERGENCY CALL! Need Dr. Asim immediately!,Stay calm. We'll arrange immediate care!,1681,ایمرجنسی
1682,Emergency,severe,Noor,Dr. Asim,Cardiologist,1500,"MBBS, MD Cardiology, Fellow of American College of Cardiology",15 years,"Asim Heart Clinic, Main Bazaar Road, City Center",3001234567,dr.asim@heartclinic.com,24 Hours Emergency Available,EMERGENCY,ASAP,EMERGENCY CALL! Need Dr. Asim immediately!,Stay calm. We'll arrange immediate care!,1682,ایمرجنسی
1683,Emergency,severe,Rashid,Dr. Asim,Cardiologist,1500,"MBBS, MD Cardiology, Fellow of American College of Cardiology",15 years,"Asim Heart Clinic, Main Bazaar Road, City Center",3001234567,dr.asim@heartclinic.com,24 Hours Emergency Available,EMERGENCY,ASAP,EMERGENCY CALL! Need Dr. Asim immediately!,Stay calm. We'll arrange immediate care!,1683,ایمرجنسی
1684,Emergency,severe,Salim,Dr. Asim,Cardiologist,1500,"MBBS, MD Cardiology, Fellow of American College of Cardiology",15 years,"Asim Heart Clinic, Main Bazaar Road, City Center",3001234567,dr.asim@heartclinic.com,24 Hours Emergency Available,EMERGENCY,ASAP,EMERGENCY CALL! Need Dr. Asim immediately!,Stay calm. We'll arrange immediate care!,1684,ایمرجنسی
1685,Emergency,severe,Hassan,Dr. Asim,Cardiologist,1500,"MBBS, MD Cardiology, Fellow of American College of Cardiology",15 years,"Asim Heart Clinic, Main Bazaar Road, City Center",3001234567,dr.asim@heartclinic.com,24 Hours Emergency Available,EMERGENCY,ASAP,Chest pain! Need Dr. Asim RIGHT NOW!,EMERGENCY! Come immediately or call ambulance!,1685,ایمرجنسی
1686,Emergency,severe,Layla,Dr. Asim,Cardiologist,1500,"MBBS, MD Cardiology, Fellow of American College of Cardiology",15 years,"Asim Heart Clinic, Main Bazaar Road, City Center",3001234567,dr.asim@heartclinic.com,24 Hours Emergency Available,EMERGENCY,ASAP,Chest pain! Need Dr. Asim RIGHT NOW!,EMERGENCY! Come immediately or call ambulance!,1686,ایمرجنسی
1687,Emergency,severe,Rukhsana,Dr. Asim,Cardiologist,1500,"MBBS, MD Cardiology, Fellow of American College of Cardiology",15 years,"Asim Heart Clinic, Main Bazaar Road, City Center",3001234567,dr.asim@heartclinic.com,24 Hours Emergency Available,EMERGENCY,ASAP,Chest pain! Need Dr. Asim RIGHT NOW!,EMERGENCY! Come immediately or call ambulance!,1687,ایمرجنسی
1688,Emergency,severe,Noor,Dr. Asim,Cardiologist,1500,"MBBS, MD Cardiology, Fellow of American College of Cardiology",15 years,"Asim Heart Clinic, Main Bazaar Road, City Center",3001234567,dr.asim@heartclinic.com,24 Hours Emergency Available,EMERGENCY,ASAP,Chest pain! Need Dr. Asim RIGHT NOW!,EMERGENCY! Come immediately or call ambulance!,1688,ایمرجنسی
1689,Emergency,severe,Farida,Dr. Asim,Cardiologist,1500,"MBBS, MD Cardiology, Fellow of American College of Cardiology",15 years,"Asim Heart Clinic, Main Bazaar Road, City Center",3001234567,dr.asim@heartclinic.com,24 Hours Emergency Available,EMERGENCY,ASAP,Chest pain! Need Dr. Asim RIGHT NOW!,EMERGENCY! Come immediately or call ambulance!,1689,ایمرجنسی
1690,Emergency,severe,Aisha,Dr. Asim,Cardiologist,1500,"MBBS, MD Cardiology, Fellow of American College of Cardiology",15 years,"Asim Heart Clinic, Main Bazaar Road, City Center",3001234567,dr.asim@heartclinic.com,24 Hours Emergency Available,EMERGENCY,ASAP,Chest pain! Need Dr. Asim RIGHT NOW!,EMERGENCY! Come immediately or call ambulance!,1690,ایمرجنسی
1691,Emergency,severe,Wasim,Dr. Asim,Cardiologist,1500,"MBBS, MD Cardiology, Fellow of American College of Cardiology",15 years,"Asim Heart Clinic, Main Bazaar Road, City Center",3001234567,dr.asim@heartclinic.com,24 Hours Emergency Available,EMERGENCY,ASAP,Chest pain! Need Dr. Asim RIGHT NOW!,EMERGENCY! Come immediately or call ambulance!,1691,ایمرجنسی
1692,Emergency,severe,Mina,Dr. Asim,Cardiologist,1500,"MBBS, MD Cardiology, Fellow of American College of Cardiology",15 years,"Asim Heart Clinic, Main Bazaar Road, City Center",3001234567,dr.asim@heartclinic.com,24 Hours Emergency Available,EMERGENCY,ASAP,Chest pain! Need Dr. Asim RIGHT NOW!,EMERGENCY! Come immediately or call ambulance!,1692,ایمرجنسی
1693,Emergency,severe,Sana,Dr. Asim,Cardiologist,1500,"MBBS, MD Cardiology, Fellow of American College of Cardiology",15 years,"Asim Heart Clinic, Main Bazaar Road, City Center",3001234567,dr.asim@heartclinic.com,24 Hours Emergency Available,EMERGENCY,ASAP,Chest pain! Need Dr. Asim RIGHT NOW!,EMERGENCY! Come immediately or call ambulance!,1693,ایمرجنسی
1694,Emergency,severe,Aisha,Dr. Asim,Cardiologist,1500,"MBBS, MD Cardiology, Fellow of American College of Cardiology",15 years,"Asim Heart Clinic, Main Bazaar Road, City Center",3001234567,dr.asim@heartclinic.com,24 Hours Emergency Available,EMERGENCY,ASAP,Chest pain! Need Dr. Asim RIGHT NOW!,EMERGENCY! Come immediately or call ambulance!,1694,ایمرجنسی
1695,Emergency,severe,Karim,Dr. Asim,Cardiologist,1500,"MBBS, MD Cardiology, Fellow of American College of Cardiology",15 years,"Asim Heart Clinic, Main Bazaar Road, City Center",3001234567,dr.asim@heartclinic.com,24 Hours Emergency Available,EMERGENCY,ASAP,Chest pain! Need Dr. Asim RIGHT NOW!,EMERGENCY! Come immediately or call ambulance!,1695,ایمرجنسی
1696,Emergency,severe,Hassan,Dr. Asim,Cardiologist,1500,"MBBS, MD Cardiology, Fellow of American College of Cardiology",15 years,"Asim Heart Clinic, Main Bazaar Road, City Center",3001234567,dr.asim@heartclinic.com,24 Hours Emergency Available,EMERGENCY,ASAP,Chest pain! Need Dr. Asim RIGHT NOW!,EMERGENCY! Come immediately or call ambulance!,1696,ایمرجنسی
1697,Emergency,severe,Tariq,Dr. Asim,Cardiologist,1500,"MBBS, MD Cardiology, Fellow of American College of Cardiology",15 years,"Asim Heart Clinic, Main Bazaar Road, City Center",3001234567,dr.asim@heartclinic.com,24 Hours Emergency Available,EMERGENCY,ASAP,Chest pain! Need Dr. Asim RIGHT NOW!,EMERGENCY! Come immediately or call ambulance!,1697,ایمرجنسی
1698,Emergency,severe,Malik,Dr. Asim,Cardiologist,1500,"MBBS, MD Cardiology, Fellow of American College of Cardiology",15 years,"Asim Heart Clinic, Main Bazaar Road, City Center",3001234567,dr.asim@heartclinic.com,24 Hours Emergency Available,EMERGENCY,ASAP,Chest pain! Need Dr. Asim RIGHT NOW!,EMERGENCY! Come immediately or call ambulance!,1698,ایمرجنسی
1699,Emergency,severe,Mina,Dr. Asim,Cardiologist,1500,"MBBS, MD Cardiology, Fellow of American College of Cardiology",15 years,"Asim Heart Clinic, Main Bazaar Road, City Center",3001234567,dr.asim@heartclinic.com,24 Hours Emergency Available,EMERGENCY,ASAP,Chest pain! Need Dr. Asim RIGHT NOW!,EMERGENCY! Come immediately or call ambulance!,1699,ایمرجنسی
1700,Emergency,severe,Hamza,Dr. Asim,Cardiologist,1500,"MBBS, MD Cardiology, Fellow of American College of Cardiology",15 years,"Asim Heart Clinic, Main Bazaar Road, City Center",3001234567,dr.asim@heartclinic.com,24 Hours Emergency Available,EMERGENCY,ASAP,Chest pain! Need Dr. Asim RIGHT NOW!,EMERGENCY! Come immediately or call ambulance!,1700,ایمرجنسی
1701,Emergency,severe,Usman,Dr. Asim,Cardiologist,1500,"MBBS, MD Cardiology, Fellow of American College of Cardiology",15 years,"Asim Heart Clinic, Main Bazaar Road, City Center",3001234567,dr.asim@heartclinic.com,24 Hours Emergency Available,EMERGENCY,ASAP,Chest pain! Need Dr. Asim RIGHT NOW!,EMERGENCY! Come immediately or call ambulance!,1701,ایمرجنسی
1702,Emergency,severe,Zainab,Dr. Asim,Cardiologist,1500,"MBBS, MD Cardiology, Fellow of American College of Cardiology",15 years,"Asim Heart Clinic, Main Bazaar Road, City Center",3001234567,dr.asim@heartclinic.com,24 Hours Emergency Available,EMERGENCY,ASAP,Chest pain! Need Dr. Asim RIGHT NOW!,EMERGENCY! Come immediately or call ambulance!,1702,ایمرجنسی
1703,Emergency,severe,Layla,Dr. Asim,Cardiologist,1500,"MBBS, MD Cardiology, Fellow of American College of Cardiology",15 years,"Asim Heart Clinic, Main Bazaar Road, City Center",3001234567,dr.asim@heartclinic.com,24 Hours Emergency Available,EMERGENCY,ASAP,Chest pain! Need Dr. Asim RIGHT NOW!,EMERGENCY! Come immediately or call ambulance!,1703,ایمرجنسی
1704,Emergency,severe,Ahmed,Dr. Asim,Cardiologist,1500,"MBBS, MD Cardiology, Fellow of American College of Cardiology",15 years,"Asim Heart Clinic, Main Bazaar Road, City Center",3001234567,dr.asim@heartclinic.com,24 Hours Emergency Available,EMERGENCY,ASAP,Chest pain! Need Dr. Asim RIGHT NOW!,EMERGENCY! Come immediately or call ambulance!,1704,ایمرجنسی
1705,Emergency,severe,Ayesha,Dr. Asim,Cardiologist,1500,"MBBS, MD Cardiology, Fellow of American College of Cardiology",15 years,"Asim Heart Clinic, Main Bazaar Road, City Center",3001234567,dr.asim@heartclinic.com,24 Hours Emergency Available,EMERGENCY,ASAP,Critical! Dr. Asim needed ASAP!,This is critical. Come immediately!,1705,ایمرجنسی
1706,Emergency,severe,Farida,Dr. Asim,Cardiologist,1500,"MBBS, MD Cardiology, Fellow of American College of Cardiology",15 years,"Asim Heart Clinic, Main Bazaar Road, City Center",3001234567,dr.asim@heartclinic.com,24 Hours Emergency Available,EMERGENCY,ASAP,Critical! Dr. Asim needed ASAP!,This is critical. Come immediately!,1706,ایمرجنسی
1707,Emergency,severe,Hira,Dr. Asim,Cardiologist,1500,"MBBS, MD Cardiology, Fellow of American College of Cardiology",15 years,"Asim Heart Clinic, Main Bazaar Road, City Center",3001234567,dr.asim@heartclinic.com,24 Hours Emergency Available,EMERGENCY,ASAP,Critical! Dr. Asim needed ASAP!,This is critical. Come immediately!,1707,ایمرجنسی
1708,Emergency,severe,Ali,Dr. Asim,Cardiologist,1500,"MBBS, MD Cardiology, Fellow of American College of Cardiology",15 years,"Asim Heart Clinic, Main Bazaar Road, City Center",3001234567,dr.asim@heartclinic.com,24 Hours Emergency Available,EMERGENCY,ASAP,Critical! Dr. Asim needed ASAP!,This is critical. Come immediately!,1708,ایمرجنسی
1709,Emergency,severe,Sana,Dr. Asim,Cardiologist,1500,"MBBS, MD Cardiology, Fellow of American College of Cardiology",15 years,"Asim Heart Clinic, Main Bazaar Road, City Center",3001234567,dr.asim@heartclinic.com,24 Hours Emergency Available,EMERGENCY,ASAP,Critical! Dr. Asim needed ASAP!,This is critical. Come immediately!,1709,ایمرجنسی
1710,Emergency,severe,Hassan,Dr. Asim,Cardiologist,1500,"MBBS, MD Cardiology, Fellow of American College of Cardiology",15 years,"Asim Heart Clinic, Main Bazaar Road, City Center",3001234567,dr.asim@heartclinic.com,24 Hours Emergency Available,EMERGENCY,ASAP,Critical! Dr. Asim needed ASAP!,This is critical. Come immediately!,1710,ایمرجنسی
1711,Emergency,severe,Salim,Dr. Asim,Cardiologist,1500,"MBBS, MD Cardiology, Fellow of American College of Cardiology",15 years,"Asim Heart Clinic, Main Bazaar Road, City Center",3001234567,dr.asim@heartclinic.com,24 Hours Emergency Available,EMERGENCY,ASAP,Critical! Dr. Asim needed ASAP!,This is critical. Come immediately!,1711,ایمرجنسی
1712,Emergency,severe,Samir,Dr. Asim,Cardiologist,1500,"MBBS, MD Cardiology, Fellow of American College of Cardiology",15 years,"Asim Heart Clinic, Main Bazaar Road, City Center",3001234567,dr.asim@heartclinic.com,24 Hours Emergency Available,EMERGENCY,ASAP,Critical! Dr. Asim needed ASAP!,This is critical. Come immediately!,1712,ایمرجنسی
1713,Emergency,severe,Sana,Dr. Asim,Cardiologist,1500,"MBBS, MD Cardiology, Fellow of American College of Cardiology",15 years,"Asim Heart Clinic, Main Bazaar Road, City Center",3001234567,dr.asim@heartclinic.com,24 Hours Emergency Available,EMERGENCY,ASAP,Critical! Dr. Asim needed ASAP!,This is critical. Come immediately!,1713,ایمرجنسی
1714,Emergency,severe,Amina,Dr. Asim,Cardiologist,1500,"MBBS, MD Cardiology, Fellow of American College of Cardiology",15 years,"Asim Heart Clinic, Main Bazaar Road, City Center",3001234567,dr.asim@heartclinic.com,24 Hours Emergency Available,EMERGENCY,ASAP,Critical! Dr. Asim needed ASAP!,This is critical. Come immediately!,1714,ایمرجنسی
1715,Emergency,severe,Sana,Dr. Asim,Cardiologist,1500,"MBBS, MD Cardiology, Fellow of American College of Cardiology",15 years,"Asim Heart Clinic, Main Bazaar Road, City Center",3001234567,dr.asim@heartclinic.com,24 Hours Emergency Available,EMERGENCY,ASAP,Critical! Dr. Asim needed ASAP!,This is critical. Come immediately!,1715,ایمرجنسی
1716,Emergency,severe,Samir,Dr. Asim,Cardiologist,1500,"MBBS, MD Cardiology, Fellow of American College of Cardiology",15 years,"Asim Heart Clinic, Main Bazaar Road, City Center",3001234567,dr.asim@heartclinic.com,24 Hours Emergency Available,EMERGENCY,ASAP,Critical! Dr. Asim needed ASAP!,This is critical. Come immediately!,1716,ایمرجنسی
1717,Emergency,severe,Amina,Dr. Asim,Cardiologist,1500,"MBBS, MD Cardiology, Fellow of American College of Cardiology",15 years,"Asim Heart Clinic, Main Bazaar Road, City Center",3001234567,dr.asim@heartclinic.com,24 Hours Emergency Available,EMERGENCY,ASAP,Critical! Dr. Asim needed ASAP!,This is critical. Come immediately!,1717,ایمرجنسی
1718,Emergency,severe,Mina,Dr. Asim,Cardiologist,1500,"MBBS, MD Cardiology, Fellow of American College of Cardiology",15 years,"Asim Heart Clinic, Main Bazaar Road, City Center",3001234567,dr.asim@heartclinic.com,24 Hours Emergency Available,EMERGENCY,ASAP,Critical! Dr. Asim needed ASAP!,This is critical. Come immediately!,1718,ایمرجنسی
1719,Emergency,severe,Wasim,Dr. Asim,Cardiologist,1500,"MBBS, MD Cardiology, Fellow of American College of Cardiology",15 years,"Asim Heart Clinic, Main Bazaar Road, City Center",3001234567,dr.asim@heartclinic.com,24 Hours Emergency Available,EMERGENCY,ASAP,Critical! Dr. Asim needed ASAP!,This is critical. Come immediately!,1719,ایمرجنسی
1720,Emergency,severe,Hassan,Dr. Asim,Cardiologist,1500,"MBBS, MD Cardiology, Fellow of American College of Cardiology",15 years,"Asim Heart Clinic, Main Bazaar Road, City Center",3001234567,dr.asim@heartclinic.com,24 Hours Emergency Available,EMERGENCY,ASAP,Critical! Dr. Asim needed ASAP!,This is critical. Come immediately!,1720,ایمرجنسی
1721,Emergency,severe,Ayesha,Dr. Asim,Cardiologist,1500,"MBBS, MD Cardiology, Fellow of American College of Cardiology",15 years,"Asim Heart Clinic, Main Bazaar Road, City Center",3001234567,dr.asim@heartclinic.com,24 Hours Emergency Available,EMERGENCY,ASAP,Critical! Dr. Asim needed ASAP!,This is critical. Come immediately!,1721,ایمرجنسی
1722,Emergency,severe,Bilal,Dr. Asim,Cardiologist,1500,"MBBS, MD Cardiology, Fellow of American College of Cardiology",15 years,"Asim Heart Clinic, Main Bazaar Road, City Center",3001234567,dr.asim@heartclinic.com,24 Hours Emergency Available,EMERGENCY,ASAP,Critical! Dr. Asim needed ASAP!,This is critical. Come immediately!,1722,ایمرجنسی
1723,Emergency,severe,Karim,Dr. Asim,Cardiologist,1500,"MBBS, MD Cardiology, Fellow of American College of Cardiology",15 years,"Asim Heart Clinic, Main Bazaar Road, City Center",3001234567,dr.asim@heartclinic.com,24 Hours Emergency Available,EMERGENCY,ASAP,Critical! Dr. Asim needed ASAP!,This is critical. Come immediately!,1723,ایمرجنسی
1724,Emergency,severe,Salim,Dr. Asim,Cardiologist,1500,"MBBS, MD Cardiology, Fellow of American College of Cardiology",15 years,"Asim Heart Clinic, Main Bazaar Road, City Center",3001234567,dr.asim@heartclinic.com,24 Hours Emergency Available,EMERGENCY,ASAP,Critical! Dr. Asim needed ASAP!,This is critical. Come immediately!,1724,ایمرجنسی
1725,Emergency,serious,Hamza,Dr. Asim,Cardiologist,1500,"MBBS, MD Cardiology, Fellow of American College of Cardiology",15 years,"Asim Heart Clinic, Main Bazaar Road, City Center",3001234567,dr.asim@heartclinic.com,24 Hours Emergency Available,EMERGENCY,ASAP,Very serious situation. Need Dr. Asim urgently.,Come immediately. Dr. Asim available now.,1725,ایمرجنسی
1726,Emergency,serious,Samir,Dr. Asim,Cardiologist,1500,"MBBS, MD Cardiology, Fellow of American College of Cardiology",15 years,"Asim Heart Clinic, Main Bazaar Road, City Center",3001234567,dr.asim@heartclinic.com,24 Hours Emergency Available,EMERGENCY,ASAP,Very serious situation. Need Dr. Asim urgently.,Come immediately. Dr. Asim available now.,1726,ایمرجنسی
1727,Emergency,serious,Farida,Dr. Asim,Cardiologist,1500,"MBBS, MD Cardiology, Fellow of American College of Cardiology",15 years,"Asim Heart Clinic, Main Bazaar Road, City Center",3001234567,dr.asim@heartclinic.com,24 Hours Emergency Available,EMERGENCY,ASAP,Very serious situation. Need Dr. Asim urgently.,Come immediately. Dr. Asim available now.,1727,ایمرجنسی
1728,Emergency,serious,Rukhsana,Dr. Asim,Cardiologist,1500,"MBBS, MD Cardiology, Fellow of American College of Cardiology",15 years,"Asim Heart Clinic, Main Bazaar Road, City Center",3001234567,dr.asim@heartclinic.com,24 Hours Emergency Available,EMERGENCY,ASAP,Very serious situation. Need Dr. Asim urgently.,Come immediately. Dr. Asim available now.,1728,ایمرجنسی
1729,Emergency,serious,Karim,Dr. Asim,Cardiologist,1500,"MBBS, MD Cardiology, Fellow of American College of Cardiology",15 years,"Asim Heart Clinic, Main Bazaar Road, City Center",3001234567,dr.asim@heartclinic.com,24 Hours Emergency Available,EMERGENCY,ASAP,Very serious situation. Need Dr. Asim urgently.,Come immediately. Dr. Asim available now.,1729,ایمرجنسی
1730,Emergency,serious,Rukhsana,Dr. Asim,Cardiologist,1500,"MBBS, MD Cardiology, Fellow of American College of Cardiology",15 years,"Asim Heart Clinic, Main Bazaar Road, City Center",3001234567,dr.asim@heartclinic.com,24 Hours Emergency Available,EMERGENCY,ASAP,Very serious situation. Need Dr. Asim urgently.,Come immediately. Dr. Asim available now.,1730,ایمرجنسی
1731,Emergency,serious,Ahmed,Dr. Asim,Cardiologist,1500,"MBBS, MD Cardiology, Fellow of American College of Cardiology",15 years,"Asim Heart Clinic, Main Bazaar Road, City Center",3001234567,dr.asim@heartclinic.com,24 Hours Emergency Available,EMERGENCY,ASAP,Very serious situation. Need Dr. Asim urgently.,Come immediately. Dr. Asim available now.,1731,ایمرجنسی
1732,Emergency,serious,Hamza,Dr. Asim,Cardiologist,1500,"MBBS, MD Cardiology, Fellow of American College of Cardiology",15 years,"Asim Heart Clinic, Main Bazaar Road, City Center",3001234567,dr.asim@heartclinic.com,24 Hours Emergency Available,EMERGENCY,ASAP,Very serious situation. Need Dr. Asim urgently.,Come immediately. Dr. Asim available now.,1732,ایمرجنسی
1733,Emergency,serious,Zainab,Dr. Asim,Cardiologist,1500,"MBBS, MD Cardiology, Fellow of American College of Cardiology",15 years,"Asim Heart Clinic, Main Bazaar Road, City Center",3001234567,dr.asim@heartclinic.com,24 Hours Emergency Available,EMERGENCY,ASAP,Very serious situation. Need Dr. Asim urgently.,Come immediately. Dr. Asim available now.,1733,ایمرجنسی
1734,Emergency,serious,Ahmed,Dr. Asim,Cardiologist,1500,"MBBS, MD Cardiology, Fellow of American College of Cardiology",15 years,"Asim Heart Clinic, Main Bazaar Road, City Center",3001234567,dr.asim@heartclinic.com,24 Hours Emergency Available,EMERGENCY,ASAP,Very serious situation. Need Dr. Asim urgently.,Come immediately. Dr. Asim available now.,1734,ایمرجنسی
1735,Emergency,serious,Usman,Dr. Asim,Cardiologist,1500,"MBBS, MD Cardiology, Fellow of American College of Cardiology",15 years,"Asim Heart Clinic, Main Bazaar Road, City Center",3001234567,dr.asim@heartclinic.com,24 Hours Emergency Available,EMERGENCY,ASAP,Very serious situation. Need Dr. Asim urgently.,Come immediately. Dr. Asim available now.,1735,ایمرجنسی
1736,Emergency,serious,Nida,Dr. Asim,Cardiologist,1500,"MBBS, MD Cardiology, Fellow of American College of Cardiology",15 years,"Asim Heart Clinic, Main Bazaar Road, City Center",3001234567,dr.asim@heartclinic.com,24 Hours Emergency Available,EMERGENCY,ASAP,Very serious situation. Need Dr. Asim urgently.,Come immediately. Dr. Asim available now.,1736,ایمرجنسی
1737,Emergency,serious,Fatima,Dr. Asim,Cardiologist,1500,"MBBS, MD Cardiology, Fellow of American College of Cardiology",15 years,"Asim Heart Clinic, Main Bazaar Road, City Center",3001234567,dr.asim@heartclinic.com,24 Hours Emergency Available,EMERGENCY,ASAP,Very serious situation. Need Dr. Asim urgently.,Come immediately. Dr. Asim available now.,1737,ایمرجنسی
1738,Emergency,serious,Ayesha,Dr. Asim,Cardiologist,1500,"MBBS, MD Cardiology, Fellow of American College of Cardiology",15 years,"Asim Heart Clinic, Main Bazaar Road, City Center",3001234567,dr.asim@heartclinic.com,24 Hours Emergency Available,EMERGENCY,ASAP,Very serious situation. Need Dr. Asim urgently.,Come immediately. Dr. Asim available now.,1738,ایمرجنسی
1739,Emergency,serious,Faisal,Dr. Asim,Cardiologist,1500,"MBBS, MD Cardiology, Fellow of American College of Cardiology",15 years,"Asim Heart Clinic, Main Bazaar Road, City Center",3001234567,dr.asim@heartclinic.com,24 Hours Emergency Available,EMERGENCY,ASAP,Very serious situation. Need Dr. Asim urgently.,Come immediately. Dr. Asim available now.,1739,ایمرجنسی
1740,Emergency,serious,Samir,Dr. Asim,Cardiologist,1500,"MBBS, MD Cardiology, Fellow of American College of Cardiology",15 years,"Asim Heart Clinic, Main Bazaar Road, City Center",3001234567,dr.asim@heartclinic.com,24 Hours Emergency Available,EMERGENCY,ASAP,Very serious situation. Need Dr. Asim urgently.,Come immediately. Dr. Asim available now.,1740,ایمرجنسی
1741,Emergency,serious,Nida,Dr. Asim,Cardiologist,1500,"MBBS, MD Cardiology, Fellow of American College of Cardiology",15 years,"Asim Heart Clinic, Main Bazaar Road, City Center",3001234567,dr.asim@heartclinic.com,24 Hours Emergency Available,EMERGENCY,ASAP,Very serious situation. Need Dr. Asim urgently.,Come immediately. Dr. Asim available now.,1741,ایمرجنسی
1742,Emergency,serious,Rashid,Dr. Asim,Cardiologist,1500,"MBBS, MD Cardiology, Fellow of American College of Cardiology",15 years,"Asim Heart Clinic, Main Bazaar Road, City Center",3001234567,dr.asim@heartclinic.com,24 Hours Emergency Available,EMERGENCY,ASAP,Very serious situation. Need Dr. Asim urgently.,Come immediately. Dr. Asim available now.,1742,ایمرجنسی
1743,Emergency,serious,Fatima,Dr. Asim,Cardiologist,1500,"MBBS, MD Cardiology, Fellow of American College of Cardiology",15 years,"Asim Heart Clinic, Main Bazaar Road, City Center",3001234567,dr.asim@heartclinic.com,24 Hours Emergency Available,EMERGENCY,ASAP,Very serious situation. Need Dr. Asim urgently.,Come immediately. Dr. Asim available now.,1743,ایمرجنسی
1744,Emergency,serious,Sara,Dr. Asim,Cardiologist,1500,"MBBS, MD Cardiology, Fellow of American College of Cardiology",15 years,"Asim Heart Clinic, Main Bazaar Road, City Center",3001234567,dr.asim@heartclinic.com,24 Hours Emergency Available,EMERGENCY,ASAP,Very serious situation. Need Dr. Asim urgently.,Come immediately. Dr. Asim available now.,1744,ایمرجنسی
1745,Emergency,serious,Layla,Dr. Asim,Cardiologist,1500,"MBBS, MD Cardiology, Fellow of American College of Cardiology",15 years,"Asim Heart Clinic, Main Bazaar Road, City Center",3001234567,dr.asim@heartclinic.com,24 Hours Emergency Available,EMERGENCY,ASAP,Critical condition. Need Dr. Asim NOW.,Emergency appointment available. Come now!,1745,ایمرجنسی
1746,Emergency,serious,Zainab,Dr. Asim,Cardiologist,1500,"MBBS, MD Cardiology, Fellow of American College of Cardiology",15 years,"Asim Heart Clinic, Main Bazaar Road, City Center",3001234567,dr.asim@heartclinic.com,24 Hours Emergency Available,EMERGENCY,ASAP,Critical condition. Need Dr. Asim NOW.,Emergency appointment available. Come now!,1746,ایمرجنسی
1747,Emergency,serious,Ali,Dr. Asim,Cardiologist,1500,"MBBS, MD Cardiology, Fellow of American College of Cardiology",15 years,"Asim Heart Clinic, Main Bazaar Road, City Center",3001234567,dr.asim@heartclinic.com,24 Hours Emergency Available,EMERGENCY,ASAP,Critical condition. Need Dr. Asim NOW.,Emergency appointment available. Come now!,1747,ایمرجنسی
1748,Emergency,serious,Salim,Dr. Asim,Cardiologist,1500,"MBBS, MD Cardiology, Fellow of American College of Cardiology",15 years,"Asim Heart Clinic, Main Bazaar Road, City Center",3001234567,dr.asim@heartclinic.com,24 Hours Emergency Available,EMERGENCY,ASAP,Critical condition. Need Dr. Asim NOW.,Emergency appointment available. Come now!,1748,ایمرجنسی
1749,Emergency,serious,Usman,Dr. Asim,Cardiologist,1500,"MBBS, MD Cardiology, Fellow of American College of Cardiology",15 years,"Asim Heart Clinic, Main Bazaar Road, City Center",3001234567,dr.asim@heartclinic.com,24 Hours Emergency Available,EMERGENCY,ASAP,Critical condition. Need Dr. Asim NOW.,Emergency appointment available. Come now!,1749,ایمرجنسی
1750,Emergency,serious,Hassan,Dr. Asim,Cardiologist,1500,"MBBS, MD Cardiology, Fellow of American College of Cardiology",15 years,"Asim Heart Clinic, Main Bazaar Road, City Center",3001234567,dr.asim@heartclinic.com,24 Hours Emergency Available,EMERGENCY,ASAP,Critical condition. Need Dr. Asim NOW.,Emergency appointment available. Come now!,1750,ایمرجنسی
1751,Emergency,serious,Sana,Dr. Asim,Cardiologist,1500,"MBBS, MD Cardiology, Fellow of American College of Cardiology",15 years,"Asim Heart Clinic, Main Bazaar Road, City Center",3001234567,dr.asim@heartclinic.com,24 Hours Emergency Available,EMERGENCY,ASAP,Critical condition. Need Dr. Asim NOW.,Emergency appointment available. Come now!,1751,ایمرجنسی
1752,Emergency,serious,Wasim,Dr. Asim,Cardiologist,1500,"MBBS, MD Cardiology, Fellow of American College of Cardiology",15 years,"Asim Heart Clinic, Main Bazaar Road, City Center",3001234567,dr.asim@heartclinic.com,24 Hours Emergency Available,EMERGENCY,ASAP,Critical condition. Need Dr. Asim NOW.,Emergency appointment available. Come now!,1752,ایمرجنسی
1753,Emergency,serious,Samir,Dr. Asim,Cardiologist,1500,"MBBS, MD Cardiology, Fellow of American College of Cardiology",15 years,"Asim Heart Clinic, Main Bazaar Road, City Center",3001234567,dr.asim@heartclinic.com,24 Hours Emergency Available,EMERGENCY,ASAP,Critical condition. Need Dr. Asim NOW.,Emergency appointment available. Come now!,1753,ایمرجنسی
1754,Emergency,serious,Rashid,Dr. Asim,Cardiologist,1500,"MBBS, MD Cardiology, Fellow of American College of Cardiology",15 years,"Asim Heart Clinic, Main Bazaar Road, City Center",3001234567,dr.asim@heartclinic.com,24 Hours Emergency Available,EMERGENCY,ASAP,Critical condition. Need Dr. Asim NOW.,Emergency appointment available. Come now!,1754,ایمرجنسی
1755,Emergency,serious,Hassan,Dr. Asim,Cardiologist,1500,"MBBS, MD Cardiology, Fellow of American College of Cardiology",15 years,"Asim Heart Clinic, Main Bazaar Road, City Center",3001234567,dr.asim@heartclinic.com,24 Hours Emergency Available,EMERGENCY,ASAP,Critical condition. Need Dr. Asim NOW.,Emergency appointment available. Come now!,1755,ایمرجنسی
1756,Emergency,serious,Malik,Dr. Asim,Cardiologist,1500,"MBBS, MD Cardiology, Fellow of American College of Cardiology",15 years,"Asim Heart Clinic, Main Bazaar Road, City Center",3001234567,dr.asim@heartclinic.com,24 Hours Emergency Available,EMERGENCY,ASAP,Critical condition. Need Dr. Asim NOW.,Emergency appointment available. Come now!,1756,ایمرجنسی
1757,Emergency,serious,Salim,Dr. Asim,Cardiologist,1500,"MBBS, MD Cardiology, Fellow of American College of Cardiology",15 years,"Asim Heart Clinic, Main Bazaar Road, City Center",3001234567,dr.asim@heartclinic.com,24 Hours Emergency Available,EMERGENCY,ASAP,Critical condition. Need Dr. Asim NOW.,Emergency appointment available. Come now!,1757,ایمرجنسی
1758,Emergency,serious,Aisha,Dr. Asim,Cardiologist,1500,"MBBS, MD Cardiology, Fellow of American College of Cardiology",15 years,"Asim Heart Clinic, Main Bazaar Road, City Center",3001234567,dr.asim@heartclinic.com,24 Hours Emergency Available,EMERGENCY,ASAP,Critical condition. Need Dr. Asim NOW.,Emergency appointment available. Come now!,1758,ایمرجنسی
1759,Emergency,serious,Ahmed,Dr. Asim,Cardiologist,1500,"MBBS, MD Cardiology, Fellow of American College of Cardiology",15 years,"Asim Heart Clinic, Main Bazaar Road, City Center",3001234567,dr.asim@heartclinic.com,24 Hours Emergency Available,EMERGENCY,ASAP,Critical condition. Need Dr. Asim NOW.,Emergency appointment available. Come now!,1759,ایمرجنسی
1760,Emergency,serious,Tariq,Dr. Asim,Cardiologist,1500,"MBBS, MD Cardiology, Fellow of American College of Cardiology",15 years,"Asim Heart Clinic, Main Bazaar Road, City Center",3001234567,dr.asim@heartclinic.com,24 Hours Emergency Available,EMERGENCY,ASAP,Critical condition. Need Dr. Asim NOW.,Emergency appointment available. Come now!,1760,ایمرجنسی
1761,Emergency,serious,Usman,Dr. Asim,Cardiologist,1500,"MBBS, MD Cardiology, Fellow of American College of Cardiology",15 years,"Asim Heart Clinic, Main Bazaar Road, City Center",3001234567,dr.asim@heartclinic.com,24 Hours Emergency Available,EMERGENCY,ASAP,Critical condition. Need Dr. Asim NOW.,Emergency appointment available. Come now!,1761,ایمرجنسی
1762,Emergency,serious,Hassan,Dr. Asim,Cardiologist,1500,"MBBS, MD Cardiology, Fellow of American College of Cardiology",15 years,"Asim Heart Clinic, Main Bazaar Road, City Center",3001234567,dr.asim@heartclinic.com,24 Hours Emergency Available,EMERGENCY,ASAP,Critical condition. Need Dr. Asim NOW.,Emergency appointment available. Come now!,1762,ایمرجنسی
1763,Emergency,serious,Salim,Dr. Asim,Cardiologist,1500,"MBBS, MD Cardiology, Fellow of American College of Cardiology",15 years,"Asim Heart Clinic, Main Bazaar Road, City Center",3001234567,dr.asim@heartclinic.com,24 Hours Emergency Available,EMERGENCY,ASAP,Critical condition. Need Dr. Asim NOW.,Emergency appointment available. Come now!,1763,ایمرجنسی
1764,Emergency,serious,Hira,Dr. Asim,Cardiologist,1500,"MBBS, MD Cardiology, Fellow of American College of Cardiology",15 years,"Asim Heart Clinic, Main Bazaar Road, City Center",3001234567,dr.asim@heartclinic.com,24 Hours Emergency Available,EMERGENCY,ASAP,Critical condition. Need Dr. Asim NOW.,Emergency appointment available. Come now!,1764,ایمرجنسی
1765,Emergency,serious,Hassan,Dr. Asim,Cardiologist,1500,"MBBS, MD Cardiology, Fellow of American College of Cardiology",15 years,"Asim Heart Clinic, Main Bazaar Road, City Center",3001234567,dr.asim@heartclinic.com,24 Hours Emergency Available,EMERGENCY,ASAP,Life threatening. Dr. Asim urgent.,Call ambulance if critical. Dr. Asim ready!,1765,ایمرجنسی
1766,Emergency,serious,Sana,Dr. Asim,Cardiologist,1500,"MBBS, MD Cardiology, Fellow of American College of Cardiology",15 years,"Asim Heart Clinic, Main Bazaar Road, City Center",3001234567,dr.asim@heartclinic.com,24 Hours Emergency Available,EMERGENCY,ASAP,Life threatening. Dr. Asim urgent.,Call ambulance if critical. Dr. Asim ready!,1766,ایمرجنسی
1767,Emergency,serious,Rukhsana,Dr. Asim,Cardiologist,1500,"MBBS, MD Cardiology, Fellow of American College of Cardiology",15 years,"Asim Heart Clinic, Main Bazaar Road, City Center",3001234567,dr.asim@heartclinic.com,24 Hours Emergency Available,EMERGENCY,ASAP,Life threatening. Dr. Asim urgent.,Call ambulance if critical. Dr. Asim ready!,1767,ایمرجنسی
1768,Emergency,serious,Hassan,Dr. Asim,Cardiologist,1500,"MBBS, MD Cardiology, Fellow of American College of Cardiology",15 years,"Asim Heart Clinic, Main Bazaar Road, City Center",3001234567,dr.asim@heartclinic.com,24 Hours Emergency Available,EMERGENCY,ASAP,Life threatening. Dr. Asim urgent.,Call ambulance if critical. Dr. Asim ready!,1768,ایمرجنسی
1769,Emergency,serious,Malik,Dr. Asim,Cardiologist,1500,"MBBS, MD Cardiology, Fellow of American College of Cardiology",15 years,"Asim Heart Clinic, Main Bazaar Road, City Center",3001234567,dr.asim@heartclinic.com,24 Hours Emergency Available,EMERGENCY,ASAP,Life threatening. Dr. Asim urgent.,Call ambulance if critical. Dr. Asim ready!,1769,ایمرجنسی
1770,Emergency,serious,Farida,Dr. Asim,Cardiologist,1500,"MBBS, MD Cardiology, Fellow of American College of Cardiology",15 years,"Asim Heart Clinic, Main Bazaar Road, City Center",3001234567,dr.asim@heartclinic.com,24 Hours Emergency Available,EMERGENCY,ASAP,Life threatening. Dr. Asim urgent.,Call ambulance if critical. Dr. Asim ready!,1770,ایمرجنسی
1771,Emergency,serious,Nasrin,Dr. Asim,Cardiologist,1500,"MBBS, MD Cardiology, Fellow of American College of Cardiology",15 years,"Asim Heart Clinic, Main Bazaar Road, City Center",3001234567,dr.asim@heartclinic.com,24 Hours Emergency Available,EMERGENCY,ASAP,Life threatening. Dr. Asim urgent.,Call ambulance if critical. Dr. Asim ready!,1771,ایمرجنسی
1772,Emergency,serious,Nasrin,Dr. Asim,Cardiologist,1500,"MBBS, MD Cardiology, Fellow of American College of Cardiology",15 years,"Asim Heart Clinic, Main Bazaar Road, City Center",3001234567,dr.asim@heartclinic.com,24 Hours Emergency Available,EMERGENCY,ASAP,Life threatening. Dr. Asim urgent.,Call ambulance if critical. Dr. Asim ready!,1772,ایمرجنسی
1773,Emergency,serious,Salim,Dr. Asim,Cardiologist,1500,"MBBS, MD Cardiology, Fellow of American College of Cardiology",15 years,"Asim Heart Clinic, Main Bazaar Road, City Center",3001234567,dr.asim@heartclinic.com,24 Hours Emergency Available,EMERGENCY,ASAP,Life threatening. Dr. Asim urgent.,Call ambulance if critical. Dr. Asim ready!,1773,ایمرجنسی
1774,Emergency,serious,Karim,Dr. Asim,Cardiologist,1500,"MBBS, MD Cardiology, Fellow of American College of Cardiology",15 years,"Asim Heart Clinic, Main Bazaar Road, City Center",3001234567,dr.asim@heartclinic.com,24 Hours Emergency Available,EMERGENCY,ASAP,Life threatening. Dr. Asim urgent.,Call ambulance if critical. Dr. Asim ready!,1774,ایمرجنسی
1775,Emergency,serious,Wasim,Dr. Asim,Cardiologist,1500,"MBBS, MD Cardiology, Fellow of American College of Cardiology",15 years,"Asim Heart Clinic, Main Bazaar Road, City Center",3001234567,dr.asim@heartclinic.com,24 Hours Emergency Available,EMERGENCY,ASAP,Life threatening. Dr. Asim urgent.,Call ambulance if critical. Dr. Asim ready!,1775,ایمرجنسی
1776,Emergency,serious,Nasrin,Dr. Asim,Cardiologist,1500,"MBBS, MD Cardiology, Fellow of American College of Cardiology",15 years,"Asim Heart Clinic, Main Bazaar Road, City Center",3001234567,dr.asim@heartclinic.com,24 Hours Emergency Available,EMERGENCY,ASAP,Life threatening. Dr. Asim urgent.,Call ambulance if critical. Dr. Asim ready!,1776,ایمرجنسی
1777,Emergency,serious,Fatima,Dr. Asim,Cardiologist,1500,"MBBS, MD Cardiology, Fellow of American College of Cardiology",15 years,"Asim Heart Clinic, Main Bazaar Road, City Center",3001234567,dr.asim@heartclinic.com,24 Hours Emergency Available,EMERGENCY,ASAP,Life threatening. Dr. Asim urgent.,Call ambulance if critical. Dr. Asim ready!,1777,ایمرجنسی
1778,Emergency,serious,Nasrin,Dr. Asim,Cardiologist,1500,"MBBS, MD Cardiology, Fellow of American College of Cardiology",15 years,"Asim Heart Clinic, Main Bazaar Road, City Center",3001234567,dr.asim@heartclinic.com,24 Hours Emergency Available,EMERGENCY,ASAP,Life threatening. Dr. Asim urgent.,Call ambulance if critical. Dr. Asim ready!,1778,ایمرجنسی
1779,Emergency,serious,Layla,Dr. Asim,Cardiologist,1500,"MBBS, MD Cardiology, Fellow of American College of Cardiology",15 years,"Asim Heart Clinic, Main Bazaar Road, City Center",3001234567,dr.asim@heartclinic.com,24 Hours Emergency Available,EMERGENCY,ASAP,Life threatening. Dr. Asim urgent.,Call ambulance if critical. Dr. Asim ready!,1779,ایمرجنسی
1780,Emergency,serious,Hassan,Dr. Asim,Cardiologist,1500,"MBBS, MD Cardiology, Fellow of American College of Cardiology",15 years,"Asim Heart Clinic, Main Bazaar Road, City Center",3001234567,dr.asim@heartclinic.com,24 Hours Emergency Available,EMERGENCY,ASAP,Life threatening. Dr. Asim urgent.,Call ambulance if critical. Dr. Asim ready!,1780,ایمرجنسی
1781,Emergency,serious,Sara,Dr. Asim,Cardiologist,1500,"MBBS, MD Cardiology, Fellow of American College of Cardiology",15 years,"Asim Heart Clinic, Main Bazaar Road, City Center",3001234567,dr.asim@heartclinic.com,24 Hours Emergency Available,EMERGENCY,ASAP,Life threatening. Dr. Asim urgent.,Call ambulance if critical. Dr. Asim ready!,1781,ایمرجنسی
1782,Emergency,serious,Hassan,Dr. Asim,Cardiologist,1500,"MBBS, MD Cardiology, Fellow of American College of Cardiology",15 years,"Asim Heart Clinic, Main Bazaar Road, City Center",3001234567,dr.asim@heartclinic.com,24 Hours Emergency Available,EMERGENCY,ASAP,Life threatening. Dr. Asim urgent.,Call ambulance if critical. Dr. Asim ready!,1782,ایمرجنسی
1783,Emergency,serious,Tariq,Dr. Asim,Cardiologist,1500,"MBBS, MD Cardiology, Fellow of American College of Cardiology",15 years,"Asim Heart Clinic, Main Bazaar Road, City Center",3001234567,dr.asim@heartclinic.com,24 Hours Emergency Available,EMERGENCY,ASAP,Life threatening. Dr. Asim urgent.,Call ambulance if critical. Dr. Asim ready!,1783,ایمرجنسی
1784,Emergency,serious,Amina,Dr. Asim,Cardiologist,1500,"MBBS, MD Cardiology, Fellow of American College of Cardiology",15 years,"Asim Heart Clinic, Main Bazaar Road, City Center",3001234567,dr.asim@heartclinic.com,24 Hours Emergency Available,EMERGENCY,ASAP,Life threatening. Dr. Asim urgent.,Call ambulance if critical. Dr. Asim ready!,1784,ایمرجنسی
1785,Emergency,moderate,Hassan,Dr. Asim,Cardiologist,1500,"MBBS, MD Cardiology, Fellow of American College of Cardiology",15 years,"Asim Heart Clinic, Main Bazaar Road, City Center",3001234567,dr.asim@heartclinic.com,24 Hours Emergency Available,EMERGENCY,ASAP,I need urgent care from Dr. Asim.,Can you come today? We have urgent slots.,1785,ایمرجنسی
1786,Emergency,moderate,Fatima,Dr. Asim,Cardiologist,1500,"MBBS, MD Cardiology, Fellow of American College of Cardiology",15 years,"Asim Heart Clinic, Main Bazaar Road, City Center",3001234567,dr.asim@heartclinic.com,24 Hours Emergency Available,EMERGENCY,ASAP,I need urgent care from Dr. Asim.,Can you come today? We have urgent slots.,1786,ایمرجنسی
1787,Emergency,moderate,Aisha,Dr. Asim,Cardiologist,1500,"MBBS, MD Cardiology, Fellow of American College of Cardiology",15 years,"Asim Heart Clinic, Main Bazaar Road, City Center",3001234567,dr.asim@heartclinic.com,24 Hours Emergency Available,EMERGENCY,ASAP,I need urgent care from Dr. Asim.,Can you come today? We have urgent slots.,1787,ایمرجنسی
1788,Emergency,moderate,Tariq,Dr. Asim,Cardiologist,1500,"MBBS, MD Cardiology, Fellow of American College of Cardiology",15 years,"Asim Heart Clinic, Main Bazaar Road, City Center",3001234567,dr.asim@heartclinic.com,24 Hours Emergency Available,EMERGENCY,ASAP,I need urgent care from Dr. Asim.,Can you come today? We have urgent slots.,1788,ایمرجنسی
1789,Emergency,moderate,Rukhsana,Dr. Asim,Cardiologist,1500,"MBBS, MD Cardiology, Fellow of American College of Cardiology",15 years,"Asim Heart Clinic, Main Bazaar Road, City Center",3001234567,dr.asim@heartclinic.com,24 Hours Emergency Available,EMERGENCY,ASAP,I need urgent care from Dr. Asim.,Can you come today? We have urgent slots.,1789,ایمرجنسی
1790,Emergency,moderate,Hira,Dr. Asim,Cardiologist,1500,"MBBS, MD Cardiology, Fellow of American College of Cardiology",15 years,"Asim Heart Clinic, Main Bazaar Road, City Center",3001234567,dr.asim@heartclinic.com,24 Hours Emergency Available,EMERGENCY,ASAP,I need urgent care from Dr. Asim.,Can you come today? We have urgent slots.,1790,ایمرجنسی
1791,Emergency,moderate,Usman,Dr. Asim,Cardiologist,1500,"MBBS, MD Cardiology, Fellow of American College of Cardiology",15 years,"Asim Heart Clinic, Main Bazaar Road, City Center",3001234567,dr.asim@heartclinic.com,24 Hours Emergency Available,EMERGENCY,ASAP,I need urgent care from Dr. Asim.,Can you come today? We have urgent slots.,1791,ایمرجنسی
1792,Emergency,moderate,Usman,Dr. Asim,Cardiologist,1500,"MBBS, MD Cardiology, Fellow of American College of Cardiology",15 years,"Asim Heart Clinic, Main Bazaar Road, City Center",3001234567,dr.asim@heartclinic.com,24 Hours Emergency Available,EMERGENCY,ASAP,I need urgent care from Dr. Asim.,Can you come today? We have urgent slots.,1792,ایمرجنسی
1793,Emergency,moderate,Faisal,Dr. Asim,Cardiologist,1500,"MBBS, MD Cardiology, Fellow of American College of Cardiology",15 years,"Asim Heart Clinic, Main Bazaar Road, City Center",3001234567,dr.asim@heartclinic.com,24 Hours Emergency Available,EMERGENCY,ASAP,I need urgent care from Dr. Asim.,Can you come today? We have urgent slots.,1793,ایمرجنسی
1794,Emergency,moderate,Hira,Dr. Asim,Cardiologist,1500,"MBBS, MD Cardiology, Fellow of American College of Cardiology",15 years,"Asim Heart Clinic, Main Bazaar Road, City Center",3001234567,dr.asim@heartclinic.com,24 Hours Emergency Available,EMERGENCY,ASAP,I need urgent care from Dr. Asim.,Can you come today? We have urgent slots.,1794,ایمرجنسی
1795,Emergency,moderate,Wasim,Dr. Asim,Cardiologist,1500,"MBBS, MD Cardiology, Fellow of American College of Cardiology",15 years,"Asim Heart Clinic, Main Bazaar Road, City Center",3001234567,dr.asim@heartclinic.com,24 Hours Emergency Available,EMERGENCY,ASAP,I need urgent care from Dr. Asim.,Can you come today? We have urgent slots.,1795,ایمرجنسی
1796,Emergency,moderate,Farida,Dr. Asim,Cardiologist,1500,"MBBS, MD Cardiology, Fellow of American College of Cardiology",15 years,"Asim Heart Clinic, Main Bazaar Road, City Center",3001234567,dr.asim@heartclinic.com,24 Hours Emergency Available,EMERGENCY,ASAP,I need urgent care from Dr. Asim.,Can you come today? We have urgent slots.,1796,ایمرجنسی
1797,Emergency,moderate,Ali,Dr. Asim,Cardiologist,1500,"MBBS, MD Cardiology, Fellow of American College of Cardiology",15 years,"Asim Heart Clinic, Main Bazaar Road, City Center",3001234567,dr.asim@heartclinic.com,24 Hours Emergency Available,EMERGENCY,ASAP,I need urgent care from Dr. Asim.,Can you come today? We have urgent slots.,1797,ایمرجنسی
1798,Emergency,moderate,Faisal,Dr. Asim,Cardiologist,1500,"MBBS, MD Cardiology, Fellow of American College of Cardiology",15 years,"Asim Heart Clinic, Main Bazaar Road, City Center",3001234567,dr.asim@heartclinic.com,24 Hours Emergency Available,EMERGENCY,ASAP,I need urgent care from Dr. Asim.,Can you come today? We have urgent slots.,1798,ایمرجنسی
1799,Emergency,moderate,Sara,Dr. Asim,Cardiologist,1500,"MBBS, MD Cardiology, Fellow of American College of Cardiology",15 years,"Asim Heart Clinic, Main Bazaar Road, City Center",3001234567,dr.asim@heartclinic.com,24 Hours Emergency Available,EMERGENCY,ASAP,I need urgent care from Dr. Asim.,Can you come today? We have urgent slots.,1799,ایمرجنسی
1800,Emergency,moderate,Samir,Dr. Asim,Cardiologist,1500,"MBBS, MD Cardiology, Fellow of American College of Cardiology",15 years,"Asim Heart Clinic, Main Bazaar Road, City Center",3001234567,dr.asim@heartclinic.com,24 Hours Emergency Available,EMERGENCY,ASAP,I need urgent care from Dr. Asim.,Can you come today? We have urgent slots.,1800,ایمرجنسی
1801,Emergency,moderate,Malik,Dr. Asim,Cardiologist,1500,"MBBS, MD Cardiology, Fellow of American College of Cardiology",15 years,"Asim Heart Clinic, Main Bazaar Road, City Center",3001234567,dr.asim@heartclinic.com,24 Hours Emergency Available,EMERGENCY,ASAP,I need urgent care from Dr. Asim.,Can you come today? We have urgent slots.,1801,ایمرجنسی
1802,Emergency,moderate,Farida,Dr. Asim,Cardiologist,1500,"MBBS, MD Cardiology, Fellow of American College of Cardiology",15 years,"Asim Heart Clinic, Main Bazaar Road, City Center",3001234567,dr.asim@heartclinic.com,24 Hours Emergency Available,EMERGENCY,ASAP,I need urgent care from Dr. Asim.,Can you come today? We have urgent slots.,1802,ایمرجنسی
1803,Emergency,moderate,Noor,Dr. Asim,Cardiologist,1500,"MBBS, MD Cardiology, Fellow of American College of Cardiology",15 years,"Asim Heart Clinic, Main Bazaar Road, City Center",3001234567,dr.asim@heartclinic.com,24 Hours Emergency Available,EMERGENCY,ASAP,I need urgent care from Dr. Asim.,Can you come today? We have urgent slots.,1803,ایمرجنسی
1804,Emergency,moderate,Sana,Dr. Asim,Cardiologist,1500,"MBBS, MD Cardiology, Fellow of American College of Cardiology",15 years,"Asim Heart Clinic, Main Bazaar Road, City Center",3001234567,dr.asim@heartclinic.com,24 Hours Emergency Available,EMERGENCY,ASAP,I need urgent care from Dr. Asim.,Can you come today? We have urgent slots.,1804,ایمرجنسی
1805,Emergency,moderate,Sana,Dr. Asim,Cardiologist,1500,"MBBS, MD Cardiology, Fellow of American College of Cardiology",15 years,"Asim Heart Clinic, Main Bazaar Road, City Center",3001234567,dr.asim@heartclinic.com,24 Hours Emergency Available,EMERGENCY,ASAP,I need emergency appointment with Dr. Asim.,When can you come?,1805,ایمرجنسی
1806,Emergency,moderate,Hassan,Dr. Asim,Cardiologist,1500,"MBBS, MD Cardiology, Fellow of American College of Cardiology",15 years,"Asim Heart Clinic, Main Bazaar Road, City Center",3001234567,dr.asim@heartclinic.com,24 Hours Emergency Available,EMERGENCY,ASAP,I need emergency appointment with Dr. Asim.,When can you come?,1806,ایمرجنسی
1807,Emergency,moderate,Zainab,Dr. Asim,Cardiologist,1500,"MBBS, MD Cardiology, Fellow of American College of Cardiology",15 years,"Asim Heart Clinic, Main Bazaar Road, City Center",3001234567,dr.asim@heartclinic.com,24 Hours Emergency Available,EMERGENCY,ASAP,I need emergency appointment with Dr. Asim.,When can you come?,1807,ایمرجنسی
1808,Emergency,moderate,Farida,Dr. Asim,Cardiologist,1500,"MBBS, MD Cardiology, Fellow of American College of Cardiology",15 years,"Asim Heart Clinic, Main Bazaar Road, City Center",3001234567,dr.asim@heartclinic.com,24 Hours Emergency Available,EMERGENCY,ASAP,I need emergency appointment with Dr. Asim.,When can you come?,1808,ایمرجنسی
1809,Emergency,moderate,Samir,Dr. Asim,Cardiologist,1500,"MBBS, MD Cardiology, Fellow of American College of Cardiology",15 years,"Asim Heart Clinic, Main Bazaar Road, City Center",3001234567,dr.asim@heartclinic.com,24 Hours Emergency Available,EMERGENCY,ASAP,I need emergency appointment with Dr. Asim.,When can you come?,1809,ایمرجنسی
1810,Emergency,moderate,Bilal,Dr. Asim,Cardiologist,1500,"MBBS, MD Cardiology, Fellow of American College of Cardiology",15 years,"Asim Heart Clinic, Main Bazaar Road, City Center",3001234567,dr.asim@heartclinic.com,24 Hours Emergency Available,EMERGENCY,ASAP,I need emergency appointment with Dr. Asim.,When can you come?,1810,ایمرجنسی
1811,Emergency,moderate,Nida,Dr. Asim,Cardiologist,1500,"MBBS, MD Cardiology, Fellow of American College of Cardiology",15 years,"Asim Heart Clinic, Main Bazaar Road, City Center",3001234567,dr.asim@heartclinic.com,24 Hours Emergency Available,EMERGENCY,ASAP,I need emergency appointment with Dr. Asim.,When can you come?,1811,ایمرجنسی
1812,Emergency,moderate,Bilal,Dr. Asim,Cardiologist,1500,"MBBS, MD Cardiology, Fellow of American College of Cardiology",15 years,"Asim Heart Clinic, Main Bazaar Road, City Center",3001234567,dr.asim@heartclinic.com,24 Hours Emergency Available,EMERGENCY,ASAP,I need emergency appointment with Dr. Asim.,When can you come?,1812,ایمرجنسی
1813,Emergency,moderate,Samir,Dr. Asim,Cardiologist,1500,"MBBS, MD Cardiology, Fellow of American College of Cardiology",15 years,"Asim Heart Clinic, Main Bazaar Road, City Center",3001234567,dr.asim@heartclinic.com,24 Hours Emergency Available,EMERGENCY,ASAP,I need emergency appointment with Dr. Asim.,When can you come?,1813,ایمرجنسی
1814,Emergency,moderate,Wasim,Dr. Asim,Cardiologist,1500,"MBBS, MD Cardiology, Fellow of American College of Cardiology",15 years,"Asim Heart Clinic, Main Bazaar Road, City Center",3001234567,dr.asim@heartclinic.com,24 Hours Emergency Available,EMERGENCY,ASAP,I need emergency appointment with Dr. Asim.,When can you come?,1814,ایمرجنسی
1815,Emergency,moderate,Usman,Dr. Asim,Cardiologist,1500,"MBBS, MD Cardiology, Fellow of American College of Cardiology",15 years,"Asim Heart Clinic, Main Bazaar Road, City Center",3001234567,dr.asim@heartclinic.com,24 Hours Emergency Available,EMERGENCY,ASAP,I need emergency appointment with Dr. Asim.,When can you come?,1815,ایمرجنسی
1816,Emergency,moderate,Hamza,Dr. Asim,Cardiologist,1500,"MBBS, MD Cardiology, Fellow of American College of Cardiology",15 years,"Asim Heart Clinic, Main Bazaar Road, City Center",3001234567,dr.asim@heartclinic.com,24 Hours Emergency Available,EMERGENCY,ASAP,I need emergency appointment with Dr. Asim.,When can you come?,1816,ایمرجنسی
1817,Emergency,moderate,Amina,Dr. Asim,Cardiologist,1500,"MBBS, MD Cardiology, Fellow of American College of Cardiology",15 years,"Asim Heart Clinic, Main Bazaar Road, City Center",3001234567,dr.asim@heartclinic.com,24 Hours Emergency Available,EMERGENCY,ASAP,I need emergency appointment with Dr. Asim.,When can you come?,1817,ایمرجنسی
1818,Emergency,moderate,Hassan,Dr. Asim,Cardiologist,1500,"MBBS, MD Cardiology, Fellow of American College of Cardiology",15 years,"Asim Heart Clinic, Main Bazaar Road, City Center",3001234567,dr.asim@heartclinic.com,24 Hours Emergency Available,EMERGENCY,ASAP,I need emergency appointment with Dr. Asim.,When can you come?,1818,ایمرجنسی
1819,Emergency,moderate,Sana,Dr. Asim,Cardiologist,1500,"MBBS, MD Cardiology, Fellow of American College of Cardiology",15 years,"Asim Heart Clinic, Main Bazaar Road, City Center",3001234567,dr.asim@heartclinic.com,24 Hours Emergency Available,EMERGENCY,ASAP,I need emergency appointment with Dr. Asim.,When can you come?,1819,ایمرجنسی
1820,Emergency,moderate,Ayesha,Dr. Asim,Cardiologist,1500,"MBBS, MD Cardiology, Fellow of American College of Cardiology",15 years,"Asim Heart Clinic, Main Bazaar Road, City Center",3001234567,dr.asim@heartclinic.com,24 Hours Emergency Available,EMERGENCY,ASAP,I need emergency appointment with Dr. Asim.,When can you come?,1820,ایمرجنسی
1821,Emergency,moderate,Rashid,Dr. Asim,Cardiologist,1500,"MBBS, MD Cardiology, Fellow of American College of Cardiology",15 years,"Asim Heart Clinic, Main Bazaar Road, City Center",3001234567,dr.asim@heartclinic.com,24 Hours Emergency Available,EMERGENCY,ASAP,I need emergency appointment with Dr. Asim.,When can you come?,1821,ایمرجنسی
1822,Emergency,moderate,Zainab,Dr. Asim,Cardiologist,1500,"MBBS, MD Cardiology, Fellow of American College of Cardiology",15 years,"Asim Heart Clinic, Main Bazaar Road, City Center",3001234567,dr.asim@heartclinic.com,24 Hours Emergency Available,EMERGENCY,ASAP,I need emergency appointment with Dr. Asim.,When can you come?,1822,ایمرجنسی
1823,Emergency,moderate,Rukhsana,Dr. Asim,Cardiologist,1500,"MBBS, MD Cardiology, Fellow of American College of Cardiology",15 years,"Asim Heart Clinic, Main Bazaar Road, City Center",3001234567,dr.asim@heartclinic.com,24 Hours Emergency Available,EMERGENCY,ASAP,I need emergency appointment with Dr. Asim.,When can you come?,1823,ایمرجنسی
1824,Emergency,moderate,Nida,Dr. Asim,Cardiologist,1500,"MBBS, MD Cardiology, Fellow of American College of Cardiology",15 years,"Asim Heart Clinic, Main Bazaar Road, City Center",3001234567,dr.asim@heartclinic.com,24 Hours Emergency Available,EMERGENCY,ASAP,I need emergency appointment with Dr. Asim.,When can you come?,1824,ایمرجنسی
1825,Emergency,urdu,Ayesha,Dr. Asim,Cardiologist,1500,"MBBS, MD Cardiology, Fellow of American College of Cardiology",15 years,"Asim Heart Clinic, Main Bazaar Road, City Center",3001234567,dr.asim@heartclinic.com,24 Hours Emergency Available,EMERGENCY,ASAP,Emergency! Dr. Asim! Urgent!,"Bilkul, foran aa jao!",1825,ایمرجنسی
1826,Emergency,urdu,Rukhsana,Dr. Asim,Cardiologist,1500,"MBBS, MD Cardiology, Fellow of American College of Cardiology",15 years,"Asim Heart Clinic, Main Bazaar Road, City Center",3001234567,dr.asim@heartclinic.com,24 Hours Emergency Available,EMERGENCY,ASAP,Emergency! Dr. Asim! Urgent!,"Bilkul, foran aa jao!",1826,ایمرجنسی
1827,Emergency,urdu,Ahmed,Dr. Asim,Cardiologist,1500,"MBBS, MD Cardiology, Fellow of American College of Cardiology",15 years,"Asim Heart Clinic, Main Bazaar Road, City Center",3001234567,dr.asim@heartclinic.com,24 Hours Emergency Available,EMERGENCY,ASAP,Emergency! Dr. Asim! Urgent!,"Bilkul, foran aa jao!",1827,ایمرجنسی
1828,Emergency,urdu,Nida,Dr. Asim,Cardiologist,1500,"MBBS, MD Cardiology, Fellow of American College of Cardiology",15 years,"Asim Heart Clinic, Main Bazaar Road, City Center",3001234567,dr.asim@heartclinic.com,24 Hours Emergency Available,EMERGENCY,ASAP,Emergency! Dr. Asim! Urgent!,"Bilkul, foran aa jao!",1828,ایمرجنسی
1829,Emergency,urdu,Salim,Dr. Asim,Cardiologist,1500,"MBBS, MD Cardiology, Fellow of American College of Cardiology",15 years,"Asim Heart Clinic, Main Bazaar Road, City Center",3001234567,dr.asim@heartclinic.com,24 Hours Emergency Available,EMERGENCY,ASAP,Emergency! Dr. Asim! Urgent!,"Bilkul, foran aa jao!",1829,ایمرجنسی
1830,Emergency,urdu,Sana,Dr. Asim,Cardiologist,1500,"MBBS, MD Cardiology, Fellow of American College of Cardiology",15 years,"Asim Heart Clinic, Main Bazaar Road, City Center",3001234567,dr.asim@heartclinic.com,24 Hours Emergency Available,EMERGENCY,ASAP,Emergency! Dr. Asim! Urgent!,"Bilkul, foran aa jao!",1830,ایمرجنسی
1831,Emergency,urdu,Zainab,Dr. Asim,Cardiologist,1500,"MBBS, MD Cardiology, Fellow of American College of Cardiology",15 years,"Asim Heart Clinic, Main Bazaar Road, City Center",3001234567,dr.asim@heartclinic.com,24 Hours Emergency Available,EMERGENCY,ASAP,Emergency! Dr. Asim! Urgent!,"Bilkul, foran aa jao!",1831,ایمرجنسی
1832,Emergency,urdu,Rukhsana,Dr. Asim,Cardiologist,1500,"MBBS, MD Cardiology, Fellow of American College of Cardiology",15 years,"Asim Heart Clinic, Main Bazaar Road, City Center",3001234567,dr.asim@heartclinic.com,24 Hours Emergency Available,EMERGENCY,ASAP,Emergency! Dr. Asim! Urgent!,"Bilkul, foran aa jao!",1832,ایمرجنسی
1833,Emergency,urdu,Mina,Dr. Asim,Cardiologist,1500,"MBBS, MD Cardiology, Fellow of American College of Cardiology",15 years,"Asim Heart Clinic, Main Bazaar Road, City Center",3001234567,dr.asim@heartclinic.com,24 Hours Emergency Available,EMERGENCY,ASAP,Emergency! Dr. Asim! Urgent!,"Bilkul, foran aa jao!",1833,ایمرجنسی
1834,Emergency,urdu,Sara,Dr. Asim,Cardiologist,1500,"MBBS, MD Cardiology, Fellow of American College of Cardiology",15 years,"Asim Heart Clinic, Main Bazaar Road, City Center",3001234567,dr.asim@heartclinic.com,24 Hours Emergency Available,EMERGENCY,ASAP,Emergency! Dr. Asim! Urgent!,"Bilkul, foran aa jao!",1834,ایمرجنسی
1835,Emergency,urdu,Hassan,Dr. Asim,Cardiologist,1500,"MBBS, MD Cardiology, Fellow of American College of Cardiology",15 years,"Asim Heart Clinic, Main Bazaar Road, City Center",3001234567,dr.asim@heartclinic.com,24 Hours Emergency Available,EMERGENCY,ASAP,Emergency! Dr. Asim! Urgent!,"Bilkul, foran aa jao!",1835,ایمرجنسی
1836,Emergency,urdu,Sara,Dr. Asim,Cardiologist,1500,"MBBS, MD Cardiology, Fellow of American College of Cardiology",15 years,"Asim Heart Clinic, Main Bazaar Road, City Center",3001234567,dr.asim@heartclinic.com,24 Hours Emergency Available,EMERGENCY,ASAP,Emergency! Dr. Asim! Urgent!,"Bilkul, foran aa jao!",1836,ایمرجنسی
1837,Emergency,urdu,Nida,Dr. Asim,Cardiologist,1500,"MBBS, MD Cardiology, Fellow of American College of Cardiology",15 years,"Asim Heart Clinic, Main Bazaar Road, City Center",3001234567,dr.asim@heartclinic.com,24 Hours Emergency Available,EMERGENCY,ASAP,Emergency! Dr. Asim! Urgent!,"Bilkul, foran aa jao!",1837,ایمرجنسی
1838,Emergency,urdu,Tariq,Dr. Asim,Cardiologist,1500,"MBBS, MD Cardiology, Fellow of American College of Cardiology",15 years,"Asim Heart Clinic, Main Bazaar Road, City Center",3001234567,dr.asim@heartclinic.com,24 Hours Emergency Available,EMERGENCY,ASAP,Emergency! Dr. Asim! Urgent!,"Bilkul, foran aa jao!",1838,ایمرجنسی
1839,Emergency,urdu,Hamza,Dr. Asim,Cardiologist,1500,"MBBS, MD Cardiology, Fellow of American College of Cardiology",15 years,"Asim Heart Clinic, Main Bazaar Road, City Center",3001234567,dr.asim@heartclinic.com,24 Hours Emergency Available,EMERGENCY,ASAP,Emergency! Dr. Asim! Urgent!,"Bilkul, foran aa jao!",1839,ایمرجنسی
1840,Emergency,urdu,Aisha,Dr. Asim,Cardiologist,1500,"MBBS, MD Cardiology, Fellow of American College of Cardiology",15 years,"Asim Heart Clinic, Main Bazaar Road, City Center",3001234567,dr.asim@heartclinic.com,24 Hours Emergency Available,EMERGENCY,ASAP,Emergency! Dr. Asim! Urgent!,"Bilkul, foran aa jao!",1840,ایمرجنسی
1841,Emergency,urdu,Samir,Dr. Asim,Cardiologist,1500,"MBBS, MD Cardiology, Fellow of American College of Cardiology",15 years,"Asim Heart Clinic, Main Bazaar Road, City Center",3001234567,dr.asim@heartclinic.com,24 Hours Emergency Available,EMERGENCY,ASAP,Emergency! Dr. Asim! Urgent!,"Bilkul, foran aa jao!",1841,ایمرجنسی
1842,Emergency,urdu,Layla,Dr. Asim,Cardiologist,1500,"MBBS, MD Cardiology, Fellow of American College of Cardiology",15 years,"Asim Heart Clinic, Main Bazaar Road, City Center",3001234567,dr.asim@heartclinic.com,24 Hours Emergency Available,EMERGENCY,ASAP,Emergency! Dr. Asim! Urgent!,"Bilkul, foran aa jao!",1842,ایمرجنسی
1843,Emergency,urdu,Aisha,Dr. Asim,Cardiologist,1500,"MBBS, MD Cardiology, Fellow of American College of Cardiology",15 years,"Asim Heart Clinic, Main Bazaar Road, City Center",3001234567,dr.asim@heartclinic.com,24 Hours Emergency Available,EMERGENCY,ASAP,Emergency! Dr. Asim! Urgent!,"Bilkul, foran aa jao!",1843,ایمرجنسی
1844,Emergency,urdu,Aisha,Dr. Asim,Cardiologist,1500,"MBBS, MD Cardiology, Fellow of American College of Cardiology",15 years,"Asim Heart Clinic, Main Bazaar Road, City Center",3001234567,dr.asim@heartclinic.com,24 Hours Emergency Available,EMERGENCY,ASAP,Emergency! Dr. Asim! Urgent!,"Bilkul, foran aa jao!",1844,ایمرجنسی
1845,Emergency,urdu,Mina,Dr. Asim,Cardiologist,1500,"MBBS, MD Cardiology, Fellow of American College of Cardiology",15 years,"Asim Heart Clinic, Main Bazaar Road, City Center",3001234567,dr.asim@heartclinic.com,24 Hours Emergency Available,EMERGENCY,ASAP,Bohot serious! Dr. Asim chahiye!,"Foran aao, Dr. Asim ready hain!",1845,ایمرجنسی
1846,Emergency,urdu,Amina,Dr. Asim,Cardiologist,1500,"MBBS, MD Cardiology, Fellow of American College of Cardiology",15 years,"Asim Heart Clinic, Main Bazaar Road, City Center",3001234567,dr.asim@heartclinic.com,24 Hours Emergency Available,EMERGENCY,ASAP,Bohot serious! Dr. Asim chahiye!,"Foran aao, Dr. Asim ready hain!",1846,ایمرجنسی
1847,Emergency,urdu,Noor,Dr. Asim,Cardiologist,1500,"MBBS, MD Cardiology, Fellow of American College of Cardiology",15 years,"Asim Heart Clinic, Main Bazaar Road, City Center",3001234567,dr.asim@heartclinic.com,24 Hours Emergency Available,EMERGENCY,ASAP,Bohot serious! Dr. Asim chahiye!,"Foran aao, Dr. Asim ready hain!",1847,ایمرجنسی
1848,Emergency,urdu,Rashid,Dr. Asim,Cardiologist,1500,"MBBS, MD Cardiology, Fellow of American College of Cardiology",15 years,"Asim Heart Clinic, Main Bazaar Road, City Center",3001234567,dr.asim@heartclinic.com,24 Hours Emergency Available,EMERGENCY,ASAP,Bohot serious! Dr. Asim chahiye!,"Foran aao, Dr. Asim ready hain!",1848,ایمرجنسی
1849,Emergency,urdu,Noor,Dr. Asim,Cardiologist,1500,"MBBS, MD Cardiology, Fellow of American College of Cardiology",15 years,"Asim Heart Clinic, Main Bazaar Road, City Center",3001234567,dr.asim@heartclinic.com,24 Hours Emergency Available,EMERGENCY,ASAP,Bohot serious! Dr. Asim chahiye!,"Foran aao, Dr. Asim ready hain!",1849,ایمرجنسی
1850,Emergency,urdu,Wasim,Dr. Asim,Cardiologist,1500,"MBBS, MD Cardiology, Fellow of American College of Cardiology",15 years,"Asim Heart Clinic, Main Bazaar Road, City Center",3001234567,dr.asim@heartclinic.com,24 Hours Emergency Available,EMERGENCY,ASAP,Bohot serious! Dr. Asim chahiye!,"Foran aao, Dr. Asim ready hain!",1850,ایمرجنسی
1851,Emergency,urdu,Ayesha,Dr. Asim,Cardiologist,1500,"MBBS, MD Cardiology, Fellow of American College of Cardiology",15 years,"Asim Heart Clinic, Main Bazaar Road, City Center",3001234567,dr.asim@heartclinic.com,24 Hours Emergency Available,EMERGENCY,ASAP,Bohot serious! Dr. Asim chahiye!,"Foran aao, Dr. Asim ready hain!",1851,ایمرجنسی
1852,Emergency,urdu,Samir,Dr. Asim,Cardiologist,1500,"MBBS, MD Cardiology, Fellow of American College of Cardiology",15 years,"Asim Heart Clinic, Main Bazaar Road, City Center",3001234567,dr.asim@heartclinic.com,24 Hours Emergency Available,EMERGENCY,ASAP,Bohot serious! Dr. Asim chahiye!,"Foran aao, Dr. Asim ready hain!",1852,ایمرجنسی
1853,Emergency,urdu,Faisal,Dr. Asim,Cardiologist,1500,"MBBS, MD Cardiology, Fellow of American College of Cardiology",15 years,"Asim Heart Clinic, Main Bazaar Road, City Center",3001234567,dr.asim@heartclinic.com,24 Hours Emergency Available,EMERGENCY,ASAP,Bohot serious! Dr. Asim chahiye!,"Foran aao, Dr. Asim ready hain!",1853,ایمرجنسی
1854,Emergency,urdu,Tariq,Dr. Asim,Cardiologist,1500,"MBBS, MD Cardiology, Fellow of American College of Cardiology",15 years,"Asim Heart Clinic, Main Bazaar Road, City Center",3001234567,dr.asim@heartclinic.com,24 Hours Emergency Available,EMERGENCY,ASAP,Bohot serious! Dr. Asim chahiye!,"Foran aao, Dr. Asim ready hain!",1854,ایمرجنسی
1855,Emergency,urdu,Sara,Dr. Asim,Cardiologist,1500,"MBBS, MD Cardiology, Fellow of American College of Cardiology",15 years,"Asim Heart Clinic, Main Bazaar Road, City Center",3001234567,dr.asim@heartclinic.com,24 Hours Emergency Available,EMERGENCY,ASAP,Bohot serious! Dr. Asim chahiye!,"Foran aao, Dr. Asim ready hain!",1855,ایمرجنسی
1856,Emergency,urdu,Sara,Dr. Asim,Cardiologist,1500,"MBBS, MD Cardiology, Fellow of American College of Cardiology",15 years,"Asim Heart Clinic, Main Bazaar Road, City Center",3001234567,dr.asim@heartclinic.com,24 Hours Emergency Available,EMERGENCY,ASAP,Bohot serious! Dr. Asim chahiye!,"Foran aao, Dr. Asim ready hain!",1856,ایمرجنسی
1857,Emergency,urdu,Farida,Dr. Asim,Cardiologist,1500,"MBBS, MD Cardiology, Fellow of American College of Cardiology",15 years,"Asim Heart Clinic, Main Bazaar Road, City Center",3001234567,dr.asim@heartclinic.com,24 Hours Emergency Available,EMERGENCY,ASAP,Bohot serious! Dr. Asim chahiye!,"Foran aao, Dr. Asim ready hain!",1857,ایمرجنسی
1858,Emergency,urdu,Layla,Dr. Asim,Cardiologist,1500,"MBBS, MD Cardiology, Fellow of American College of Cardiology",15 years,"Asim Heart Clinic, Main Bazaar Road, City Center",3001234567,dr.asim@heartclinic.com,24 Hours Emergency Available,EMERGENCY,ASAP,Bohot serious! Dr. Asim chahiye!,"Foran aao, Dr. Asim ready hain!",1858,ایمرجنسی
1859,Emergency,urdu,Amina,Dr. Asim,Cardiologist,1500,"MBBS, MD Cardiology, Fellow of American College of Cardiology",15 years,"Asim Heart Clinic, Main Bazaar Road, City Center",3001234567,dr.asim@heartclinic.com,24 Hours Emergency Available,EMERGENCY,ASAP,Bohot serious! Dr. Asim chahiye!,"Foran aao, Dr. Asim ready hain!",1859,ایمرجنسی
1860,Emergency,urdu,Ahmed,Dr. Asim,Cardiologist,1500,"MBBS, MD Cardiology, Fellow of American College of Cardiology",15 years,"Asim Heart Clinic, Main Bazaar Road, City Center",3001234567,dr.asim@heartclinic.com,24 Hours Emergency Available,EMERGENCY,ASAP,Bohot serious! Dr. Asim chahiye!,"Foran aao, Dr. Asim ready hain!",1860,ایمرجنسی
1861,Emergency,urdu,Bilal,Dr. Asim,Cardiologist,1500,"MBBS, MD Cardiology, Fellow of American College of Cardiology",15 years,"Asim Heart Clinic, Main Bazaar Road, City Center",3001234567,dr.asim@heartclinic.com,24 Hours Emergency Available,EMERGENCY,ASAP,Bohot serious! Dr. Asim chahiye!,"Foran aao, Dr. Asim ready hain!",1861,ایمرجنسی
1862,Emergency,urdu,Usman,Dr. Asim,Cardiologist,1500,"MBBS, MD Cardiology, Fellow of American College of Cardiology",15 years,"Asim Heart Clinic, Main Bazaar Road, City Center",3001234567,dr.asim@heartclinic.com,24 Hours Emergency Available,EMERGENCY,ASAP,Bohot serious! Dr. Asim chahiye!,"Foran aao, Dr. Asim ready hain!",1862,ایمرجنسی
1863,Emergency,urdu,Nida,Dr. Asim,Cardiologist,1500,"MBBS, MD Cardiology, Fellow of American College of Cardiology",15 years,"Asim Heart Clinic, Main Bazaar Road, City Center",3001234567,dr.asim@heartclinic.com,24 Hours Emergency Available,EMERGENCY,ASAP,Bohot serious! Dr. Asim chahiye!,"Foran aao, Dr. Asim ready hain!",1863,ایمرجنسی
1864,Emergency,urdu,Nasrin,Dr. Asim,Cardiologist,1500,"MBBS, MD Cardiology, Fellow of American College of Cardiology",15 years,"Asim Heart Clinic, Main Bazaar Road, City Center",3001234567,dr.asim@heartclinic.com,24 Hours Emergency Available,EMERGENCY,ASAP,Bohot serious! Dr. Asim chahiye!,"Foran aao, Dr. Asim ready hain!",1864,ایمرجنسی
1865,Doctor_Experience_Inquiry,formal,Amina,Dr. Asim,Cardiologist,1500,"MBBS, MD Cardiology, Fellow of American College of Cardiology",15 years,"Asim Heart Clinic, Main Bazaar Road, City Center",3001234567,dr.asim@heartclinic.com,8:00 AM to 7:00 PM,,,How much experience does Dr. Asim have?,Dr. Asim has 15 years of experience.,1865,ڈاکٹر_تجربہ_انکوائری
1866,Doctor_Experience_Inquiry,formal,Hassan,Dr. Asim,Cardiologist,1500,"MBBS, MD Cardiology, Fellow of American College of Cardiology",15 years,"Asim Heart Clinic, Main Bazaar Road, City Center",3001234567,dr.asim@heartclinic.com,8:00 AM to 7:00 PM,,,How much experience does Dr. Asim have?,Dr. Asim has 15 years of experience.,1866,ڈاکٹر_تجربہ_انکوائری
1867,Doctor_Experience_Inquiry,formal,Zainab,Dr. Asim,Cardiologist,1500,"MBBS, MD Cardiology, Fellow of American College of Cardiology",15 years,"Asim Heart Clinic, Main Bazaar Road, City Center",3001234567,dr.asim@heartclinic.com,8:00 AM to 7:00 PM,,,How much experience does Dr. Asim have?,Dr. Asim has 15 years of experience.,1867,ڈاکٹر_تجربہ_انکوائری
1868,Doctor_Experience_Inquiry,formal,Sana,Dr. Asim,Cardiologist,1500,"MBBS, MD Cardiology, Fellow of American College of Cardiology",15 years,"Asim Heart Clinic, Main Bazaar Road, City Center",3001234567,dr.asim@heartclinic.com,8:00 AM to 7:00 PM,,,How much experience does Dr. Asim have?,Dr. Asim has 15 years of experience.,1868,ڈاکٹر_تجربہ_انکوائری
1869,Doctor_Experience_Inquiry,formal,Amina,Dr. Asim,Cardiologist,1500,"MBBS, MD Cardiology, Fellow of American College of Cardiology",15 years,"Asim Heart Clinic, Main Bazaar Road, City Center",3001234567,dr.asim@heartclinic.com,8:00 AM to 7:00 PM,,,How much experience does Dr. Asim have?,Dr. Asim has 15 years of experience.,1869,ڈاکٹر_تجربہ_انکوائری
1870,Doctor_Experience_Inquiry,formal,Faisal,Dr. Asim,Cardiologist,1500,"MBBS, MD Cardiology, Fellow of American College of Cardiology",15 years,"Asim Heart Clinic, Main Bazaar Road, City Center",3001234567,dr.asim@heartclinic.com,8:00 AM to 7:00 PM,,,How much experience does Dr. Asim have?,Dr. Asim has 15 years of experience.,1870,ڈاکٹر_تجربہ_انکوائری
1871,Doctor_Experience_Inquiry,formal,Wasim,Dr. Asim,Cardiologist,1500,"MBBS, MD Cardiology, Fellow of American College of Cardiology",15 years,"Asim Heart Clinic, Main Bazaar Road, City Center",3001234567,dr.asim@heartclinic.com,8:00 AM to 7:00 PM,,,How much experience does Dr. Asim have?,Dr. Asim has 15 years of experience.,1871,ڈاکٹر_تجربہ_انکوائری
1872,Doctor_Experience_Inquiry,formal,Nasrin,Dr. Asim,Cardiologist,1500,"MBBS, MD Cardiology, Fellow of American College of Cardiology",15 years,"Asim Heart Clinic, Main Bazaar Road, City Center",3001234567,dr.asim@heartclinic.com,8:00 AM to 7:00 PM,,,How much experience does Dr. Asim have?,Dr. Asim has 15 years of experience.,1872,ڈاکٹر_تجربہ_انکوائری
1873,Doctor_Experience_Inquiry,formal,Samir,Dr. Asim,Cardiologist,1500,"MBBS, MD Cardiology, Fellow of American College of Cardiology",15 years,"Asim Heart Clinic, Main Bazaar Road, City Center",3001234567,dr.asim@heartclinic.com,8:00 AM to 7:00 PM,,,How much experience does Dr. Asim have?,Dr. Asim has 15 years of experience.,1873,ڈاکٹر_تجربہ_انکوائری
1874,Doctor_Experience_Inquiry,formal,Nasrin,Dr. Asim,Cardiologist,1500,"MBBS, MD Cardiology, Fellow of American College of Cardiology",15 years,"Asim Heart Clinic, Main Bazaar Road, City Center",3001234567,dr.asim@heartclinic.com,8:00 AM to 7:00 PM,,,How much experience does Dr. Asim have?,Dr. Asim has 15 years of experience.,1874,ڈاکٹر_تجربہ_انکوائری
1875,Doctor_Experience_Inquiry,formal,Faisal,Dr. Asim,Cardiologist,1500,"MBBS, MD Cardiology, Fellow of American College of Cardiology",15 years,"Asim Heart Clinic, Main Bazaar Road, City Center",3001234567,dr.asim@heartclinic.com,8:00 AM to 7:00 PM,,,How much experience does Dr. Asim have?,Dr. Asim has 15 years of experience.,1875,ڈاکٹر_تجربہ_انکوائری
1876,Doctor_Experience_Inquiry,formal,Hassan,Dr. Asim,Cardiologist,1500,"MBBS, MD Cardiology, Fellow of American College of Cardiology",15 years,"Asim Heart Clinic, Main Bazaar Road, City Center",3001234567,dr.asim@heartclinic.com,8:00 AM to 7:00 PM,,,How much experience does Dr. Asim have?,Dr. Asim has 15 years of experience.,1876,ڈاکٹر_تجربہ_انکوائری
1877,Doctor_Experience_Inquiry,formal,Hira,Dr. Asim,Cardiologist,1500,"MBBS, MD Cardiology, Fellow of American College of Cardiology",15 years,"Asim Heart Clinic, Main Bazaar Road, City Center",3001234567,dr.asim@heartclinic.com,8:00 AM to 7:00 PM,,,How much experience does Dr. Asim have?,Dr. Asim has 15 years of experience.,1877,ڈاکٹر_تجربہ_انکوائری
1878,Doctor_Experience_Inquiry,formal,Rukhsana,Dr. Asim,Cardiologist,1500,"MBBS, MD Cardiology, Fellow of American College of Cardiology",15 years,"Asim Heart Clinic, Main Bazaar Road, City Center",3001234567,dr.asim@heartclinic.com,8:00 AM to 7:00 PM,,,How much experience does Dr. Asim have?,Dr. Asim has 15 years of experience.,1878,ڈاکٹر_تجربہ_انکوائری
1879,Doctor_Experience_Inquiry,formal,Usman,Dr. Asim,Cardiologist,1500,"MBBS, MD Cardiology, Fellow of American College of Cardiology",15 years,"Asim Heart Clinic, Main Bazaar Road, City Center",3001234567,dr.asim@heartclinic.com,8:00 AM to 7:00 PM,,,How much experience does Dr. Asim have?,Dr. Asim has 15 years of experience.,1879,ڈاکٹر_تجربہ_انکوائری
1880,Doctor_Experience_Inquiry,formal,Aisha,Dr. Asim,Cardiologist,1500,"MBBS, MD Cardiology, Fellow of American College of Cardiology",15 years,"Asim Heart Clinic, Main Bazaar Road, City Center",3001234567,dr.asim@heartclinic.com,8:00 AM to 7:00 PM,,,How many years has Dr. Asim been practicing?,Dr. Asim has 15 years of practice.,1880,ڈاکٹر_تجربہ_انکوائری
1881,Doctor_Experience_Inquiry,formal,Noor,Dr. Asim,Cardiologist,1500,"MBBS, MD Cardiology, Fellow of American College of Cardiology",15 years,"Asim Heart Clinic, Main Bazaar Road, City Center",3001234567,dr.asim@heartclinic.com,8:00 AM to 7:00 PM,,,How many years has Dr. Asim been practicing?,Dr. Asim has 15 years of practice.,1881,ڈاکٹر_تجربہ_انکوائری
1882,Doctor_Experience_Inquiry,formal,Noor,Dr. Asim,Cardiologist,1500,"MBBS, MD Cardiology, Fellow of American College of Cardiology",15 years,"Asim Heart Clinic, Main Bazaar Road, City Center",3001234567,dr.asim@heartclinic.com,8:00 AM to 7:00 PM,,,How many years has Dr. Asim been practicing?,Dr. Asim has 15 years of practice.,1882,ڈاکٹر_تجربہ_انکوائری
1883,Doctor_Experience_Inquiry,formal,Aisha,Dr. Asim,Cardiologist,1500,"MBBS, MD Cardiology, Fellow of American College of Cardiology",15 years,"Asim Heart Clinic, Main Bazaar Road, City Center",3001234567,dr.asim@heartclinic.com,8:00 AM to 7:00 PM,,,How many years has Dr. Asim been practicing?,Dr. Asim has 15 years of practice.,1883,ڈاکٹر_تجربہ_انکوائری
1884,Doctor_Experience_Inquiry,formal,Nida,Dr. Asim,Cardiologist,1500,"MBBS, MD Cardiology, Fellow of American College of Cardiology",15 years,"Asim Heart Clinic, Main Bazaar Road, City Center",3001234567,dr.asim@heartclinic.com,8:00 AM to 7:00 PM,,,How many years has Dr. Asim been practicing?,Dr. Asim has 15 years of practice.,1884,ڈاکٹر_تجربہ_انکوائری
1885,Doctor_Experience_Inquiry,formal,Tariq,Dr. Asim,Cardiologist,1500,"MBBS, MD Cardiology, Fellow of American College of Cardiology",15 years,"Asim Heart Clinic, Main Bazaar Road, City Center",3001234567,dr.asim@heartclinic.com,8:00 AM to 7:00 PM,,,How many years has Dr. Asim been practicing?,Dr. Asim has 15 years of practice.,1885,ڈاکٹر_تجربہ_انکوائری
1886,Doctor_Experience_Inquiry,formal,Rukhsana,Dr. Asim,Cardiologist,1500,"MBBS, MD Cardiology, Fellow of American College of Cardiology",15 years,"Asim Heart Clinic, Main Bazaar Road, City Center",3001234567,dr.asim@heartclinic.com,8:00 AM to 7:00 PM,,,How many years has Dr. Asim been practicing?,Dr. Asim has 15 years of practice.,1886,ڈاکٹر_تجربہ_انکوائری
1887,Doctor_Experience_Inquiry,formal,Fatima,Dr. Asim,Cardiologist,1500,"MBBS, MD Cardiology, Fellow of American College of Cardiology",15 years,"Asim Heart Clinic, Main Bazaar Road, City Center",3001234567,dr.asim@heartclinic.com,8:00 AM to 7:00 PM,,,How many years has Dr. Asim been practicing?,Dr. Asim has 15 years of practice.,1887,ڈاکٹر_تجربہ_انکوائری
1888,Doctor_Experience_Inquiry,formal,Ayesha,Dr. Asim,Cardiologist,1500,"MBBS, MD Cardiology, Fellow of American College of Cardiology",15 years,"Asim Heart Clinic, Main Bazaar Road, City Center",3001234567,dr.asim@heartclinic.com,8:00 AM to 7:00 PM,,,How many years has Dr. Asim been practicing?,Dr. Asim has 15 years of practice.,1888,ڈاکٹر_تجربہ_انکوائری
1889,Doctor_Experience_Inquiry,formal,Ali,Dr. Asim,Cardiologist,1500,"MBBS, MD Cardiology, Fellow of American College of Cardiology",15 years,"Asim Heart Clinic, Main Bazaar Road, City Center",3001234567,dr.asim@heartclinic.com,8:00 AM to 7:00 PM,,,How many years has Dr. Asim been practicing?,Dr. Asim has 15 years of practice.,1889,ڈاکٹر_تجربہ_انکوائری
1890,Doctor_Experience_Inquiry,formal,Tariq,Dr. Asim,Cardiologist,1500,"MBBS, MD Cardiology, Fellow of American College of Cardiology",15 years,"Asim Heart Clinic, Main Bazaar Road, City Center",3001234567,dr.asim@heartclinic.com,8:00 AM to 7:00 PM,,,How many years has Dr. Asim been practicing?,Dr. Asim has 15 years of practice.,1890,ڈاکٹر_تجربہ_انکوائری
1891,Doctor_Experience_Inquiry,formal,Fatima,Dr. Asim,Cardiologist,1500,"MBBS, MD Cardiology, Fellow of American College of Cardiology",15 years,"Asim Heart Clinic, Main Bazaar Road, City Center",3001234567,dr.asim@heartclinic.com,8:00 AM to 7:00 PM,,,How many years has Dr. Asim been practicing?,Dr. Asim has 15 years of practice.,1891,ڈاکٹر_تجربہ_انکوائری
1892,Doctor_Experience_Inquiry,formal,Hassan,Dr. Asim,Cardiologist,1500,"MBBS, MD Cardiology, Fellow of American College of Cardiology",15 years,"Asim Heart Clinic, Main Bazaar Road, City Center",3001234567,dr.asim@heartclinic.com,8:00 AM to 7:00 PM,,,How many years has Dr. Asim been practicing?,Dr. Asim has 15 years of practice.,1892,ڈاکٹر_تجربہ_انکوائری
1893,Doctor_Experience_Inquiry,formal,Faisal,Dr. Asim,Cardiologist,1500,"MBBS, MD Cardiology, Fellow of American College of Cardiology",15 years,"Asim Heart Clinic, Main Bazaar Road, City Center",3001234567,dr.asim@heartclinic.com,8:00 AM to 7:00 PM,,,How many years has Dr. Asim been practicing?,Dr. Asim has 15 years of practice.,1893,ڈاکٹر_تجربہ_انکوائری
1894,Doctor_Experience_Inquiry,formal,Hira,Dr. Asim,Cardiologist,1500,"MBBS, MD Cardiology, Fellow of American College of Cardiology",15 years,"Asim Heart Clinic, Main Bazaar Road, City Center",3001234567,dr.asim@heartclinic.com,8:00 AM to 7:00 PM,,,How many years has Dr. Asim been practicing?,Dr. Asim has 15 years of practice.,1894,ڈاکٹر_تجربہ_انکوائری
1895,Doctor_Experience_Inquiry,formal,Ali,Dr. Asim,Cardiologist,1500,"MBBS, MD Cardiology, Fellow of American College of Cardiology",15 years,"Asim Heart Clinic, Main Bazaar Road, City Center",3001234567,dr.asim@heartclinic.com,8:00 AM to 7:00 PM,,,What is Dr. Asim's experience level?,Dr. Asim has 15 years in cardiology.,1895,ڈاکٹر_تجربہ_انکوائری
1896,Doctor_Experience_Inquiry,formal,Hamza,Dr. Asim,Cardiologist,1500,"MBBS, MD Cardiology, Fellow of American College of Cardiology",15 years,"Asim Heart Clinic, Main Bazaar Road, City Center",3001234567,dr.asim@heartclinic.com,8:00 AM to 7:00 PM,,,What is Dr. Asim's experience level?,Dr. Asim has 15 years in cardiology.,1896,ڈاکٹر_تجربہ_انکوائری
1897,Doctor_Experience_Inquiry,formal,Rukhsana,Dr. Asim,Cardiologist,1500,"MBBS, MD Cardiology, Fellow of American College of Cardiology",15 years,"Asim Heart Clinic, Main Bazaar Road, City Center",3001234567,dr.asim@heartclinic.com,8:00 AM to 7:00 PM,,,What is Dr. Asim's experience level?,Dr. Asim has 15 years in cardiology.,1897,ڈاکٹر_تجربہ_انکوائری
1898,Doctor_Experience_Inquiry,formal,Amina,Dr. Asim,Cardiologist,1500,"MBBS, MD Cardiology, Fellow of American College of Cardiology",15 years,"Asim Heart Clinic, Main Bazaar Road, City Center",3001234567,dr.asim@heartclinic.com,8:00 AM to 7:00 PM,,,What is Dr. Asim's experience level?,Dr. Asim has 15 years in cardiology.,1898,ڈاکٹر_تجربہ_انکوائری
1899,Doctor_Experience_Inquiry,formal,Salim,Dr. Asim,Cardiologist,1500,"MBBS, MD Cardiology, Fellow of American College of Cardiology",15 years,"Asim Heart Clinic, Main Bazaar Road, City Center",3001234567,dr.asim@heartclinic.com,8:00 AM to 7:00 PM,,,What is Dr. Asim's experience level?,Dr. Asim has 15 years in cardiology.,1899,ڈاکٹر_تجربہ_انکوائری
1900,Doctor_Experience_Inquiry,formal,Bilal,Dr. Asim,Cardiologist,1500,"MBBS, MD Cardiology, Fellow of American College of Cardiology",15 years,"Asim Heart Clinic, Main Bazaar Road, City Center",3001234567,dr.asim@heartclinic.com,8:00 AM to 7:00 PM,,,What is Dr. Asim's experience level?,Dr. Asim has 15 years in cardiology.,1900,ڈاکٹر_تجربہ_انکوائری
1901,Doctor_Experience_Inquiry,formal,Karim,Dr. Asim,Cardiologist,1500,"MBBS, MD Cardiology, Fellow of American College of Cardiology",15 years,"Asim Heart Clinic, Main Bazaar Road, City Center",3001234567,dr.asim@heartclinic.com,8:00 AM to 7:00 PM,,,What is Dr. Asim's experience level?,Dr. Asim has 15 years in cardiology.,1901,ڈاکٹر_تجربہ_انکوائری
1902,Doctor_Experience_Inquiry,formal,Rukhsana,Dr. Asim,Cardiologist,1500,"MBBS, MD Cardiology, Fellow of American College of Cardiology",15 years,"Asim Heart Clinic, Main Bazaar Road, City Center",3001234567,dr.asim@heartclinic.com,8:00 AM to 7:00 PM,,,What is Dr. Asim's experience level?,Dr. Asim has 15 years in cardiology.,1902,ڈاکٹر_تجربہ_انکوائری
1903,Doctor_Experience_Inquiry,formal,Ahmed,Dr. Asim,Cardiologist,1500,"MBBS, MD Cardiology, Fellow of American College of Cardiology",15 years,"Asim Heart Clinic, Main Bazaar Road, City Center",3001234567,dr.asim@heartclinic.com,8:00 AM to 7:00 PM,,,What is Dr. Asim's experience level?,Dr. Asim has 15 years in cardiology.,1903,ڈاکٹر_تجربہ_انکوائری
1904,Doctor_Experience_Inquiry,formal,Malik,Dr. Asim,Cardiologist,1500,"MBBS, MD Cardiology, Fellow of American College of Cardiology",15 years,"Asim Heart Clinic, Main Bazaar Road, City Center",3001234567,dr.asim@heartclinic.com,8:00 AM to 7:00 PM,,,What is Dr. Asim's experience level?,Dr. Asim has 15 years in cardiology.,1904,ڈاکٹر_تجربہ_انکوائری
1905,Doctor_Experience_Inquiry,formal,Bilal,Dr. Asim,Cardiologist,1500,"MBBS, MD Cardiology, Fellow of American College of Cardiology",15 years,"Asim Heart Clinic, Main Bazaar Road, City Center",3001234567,dr.asim@heartclinic.com,8:00 AM to 7:00 PM,,,What is Dr. Asim's experience level?,Dr. Asim has 15 years in cardiology.,1905,ڈاکٹر_تجربہ_انکوائری
1906,Doctor_Experience_Inquiry,formal,Ali,Dr. Asim,Cardiologist,1500,"MBBS, MD Cardiology, Fellow of American College of Cardiology",15 years,"Asim Heart Clinic, Main Bazaar Road, City Center",3001234567,dr.asim@heartclinic.com,8:00 AM to 7:00 PM,,,What is Dr. Asim's experience level?,Dr. Asim has 15 years in cardiology.,1906,ڈاکٹر_تجربہ_انکوائری
1907,Doctor_Experience_Inquiry,formal,Noor,Dr. Asim,Cardiologist,1500,"MBBS, MD Cardiology, Fellow of American College of Cardiology",15 years,"Asim Heart Clinic, Main Bazaar Road, City Center",3001234567,dr.asim@heartclinic.com,8:00 AM to 7:00 PM,,,What is Dr. Asim's experience level?,Dr. Asim has 15 years in cardiology.,1907,ڈاکٹر_تجربہ_انکوائری
1908,Doctor_Experience_Inquiry,formal,Rashid,Dr. Asim,Cardiologist,1500,"MBBS, MD Cardiology, Fellow of American College of Cardiology",15 years,"Asim Heart Clinic, Main Bazaar Road, City Center",3001234567,dr.asim@heartclinic.com,8:00 AM to 7:00 PM,,,What is Dr. Asim's experience level?,Dr. Asim has 15 years in cardiology.,1908,ڈاکٹر_تجربہ_انکوائری
1909,Doctor_Experience_Inquiry,formal,Salim,Dr. Asim,Cardiologist,1500,"MBBS, MD Cardiology, Fellow of American College of Cardiology",15 years,"Asim Heart Clinic, Main Bazaar Road, City Center",3001234567,dr.asim@heartclinic.com,8:00 AM to 7:00 PM,,,What is Dr. Asim's experience level?,Dr. Asim has 15 years in cardiology.,1909,ڈاکٹر_تجربہ_انکوائری
1910,Doctor_Experience_Inquiry,casual,Nasrin,Dr. Asim,Cardiologist,1500,"MBBS, MD Cardiology, Fellow of American College of Cardiology",15 years,"Asim Heart Clinic, Main Bazaar Road, City Center",3001234567,dr.asim@heartclinic.com,8:00 AM to 7:00 PM,,,Dr. Asim ko kitna experience hai?,15 years se work kar rahe hain.,1910,ڈاکٹر_تجربہ_انکوائری
1911,Doctor_Experience_Inquiry,casual,Sana,Dr. Asim,Cardiologist,1500,"MBBS, MD Cardiology, Fellow of American College of Cardiology",15 years,"Asim Heart Clinic, Main Bazaar Road, City Center",3001234567,dr.asim@heartclinic.com,8:00 AM to 7:00 PM,,,Dr. Asim ko kitna experience hai?,15 years se work kar rahe hain.,1911,ڈاکٹر_تجربہ_انکوائری
1912,Doctor_Experience_Inquiry,casual,Rukhsana,Dr. Asim,Cardiologist,1500,"MBBS, MD Cardiology, Fellow of American College of Cardiology",15 years,"Asim Heart Clinic, Main Bazaar Road, City Center",3001234567,dr.asim@heartclinic.com,8:00 AM to 7:00 PM,,,Dr. Asim ko kitna experience hai?,15 years se work kar rahe hain.,1912,ڈاکٹر_تجربہ_انکوائری
1913,Doctor_Experience_Inquiry,casual,Layla,Dr. Asim,Cardiologist,1500,"MBBS, MD Cardiology, Fellow of American College of Cardiology",15 years,"Asim Heart Clinic, Main Bazaar Road, City Center",3001234567,dr.asim@heartclinic.com,8:00 AM to 7:00 PM,,,Dr. Asim ko kitna experience hai?,15 years se work kar rahe hain.,1913,ڈاکٹر_تجربہ_انکوائری
1914,Doctor_Experience_Inquiry,casual,Malik,Dr. Asim,Cardiologist,1500,"MBBS, MD Cardiology, Fellow of American College of Cardiology",15 years,"Asim Heart Clinic, Main Bazaar Road, City Center",3001234567,dr.asim@heartclinic.com,8:00 AM to 7:00 PM,,,Dr. Asim ko kitna experience hai?,15 years se work kar rahe hain.,1914,ڈاکٹر_تجربہ_انکوائری
1915,Doctor_Experience_Inquiry,casual,Mina,Dr. Asim,Cardiologist,1500,"MBBS, MD Cardiology, Fellow of American College of Cardiology",15 years,"Asim Heart Clinic, Main Bazaar Road, City Center",3001234567,dr.asim@heartclinic.com,8:00 AM to 7:00 PM,,,Dr. Asim ko kitna experience hai?,15 years se work kar rahe hain.,1915,ڈاکٹر_تجربہ_انکوائری
1916,Doctor_Experience_Inquiry,casual,Zainab,Dr. Asim,Cardiologist,1500,"MBBS, MD Cardiology, Fellow of American College of Cardiology",15 years,"Asim Heart Clinic, Main Bazaar Road, City Center",3001234567,dr.asim@heartclinic.com,8:00 AM to 7:00 PM,,,Dr. Asim ko kitna experience hai?,15 years se work kar rahe hain.,1916,ڈاکٹر_تجربہ_انکوائری
1917,Doctor_Experience_Inquiry,casual,Salim,Dr. Asim,Cardiologist,1500,"MBBS, MD Cardiology, Fellow of American College of Cardiology",15 years,"Asim Heart Clinic, Main Bazaar Road, City Center",3001234567,dr.asim@heartclinic.com,8:00 AM to 7:00 PM,,,Dr. Asim ko kitna experience hai?,15 years se work kar rahe hain.,1917,ڈاکٹر_تجربہ_انکوائری
1918,Doctor_Experience_Inquiry,casual,Nida,Dr. Asim,Cardiologist,1500,"MBBS, MD Cardiology, Fellow of American College of Cardiology",15 years,"Asim Heart Clinic, Main Bazaar Road, City Center",3001234567,dr.asim@heartclinic.com,8:00 AM to 7:00 PM,,,Dr. Asim ko kitna experience hai?,15 years se work kar rahe hain.,1918,ڈاکٹر_تجربہ_انکوائری
1919,Doctor_Experience_Inquiry,casual,Nasrin,Dr. Asim,Cardiologist,1500,"MBBS, MD Cardiology, Fellow of American College of Cardiology",15 years,"Asim Heart Clinic, Main Bazaar Road, City Center",3001234567,dr.asim@heartclinic.com,8:00 AM to 7:00 PM,,,Dr. Asim ko kitna experience hai?,15 years se work kar rahe hain.,1919,ڈاکٹر_تجربہ_انکوائری
1920,Doctor_Experience_Inquiry,casual,Usman,Dr. Asim,Cardiologist,1500,"MBBS, MD Cardiology, Fellow of American College of Cardiology",15 years,"Asim Heart Clinic, Main Bazaar Road, City Center",3001234567,dr.asim@heartclinic.com,8:00 AM to 7:00 PM,,,Dr. Asim ko kitna experience hai?,15 years se work kar rahe hain.,1920,ڈاکٹر_تجربہ_انکوائری
1921,Doctor_Experience_Inquiry,casual,Hassan,Dr. Asim,Cardiologist,1500,"MBBS, MD Cardiology, Fellow of American College of Cardiology",15 years,"Asim Heart Clinic, Main Bazaar Road, City Center",3001234567,dr.asim@heartclinic.com,8:00 AM to 7:00 PM,,,Dr. Asim ko kitna experience hai?,15 years se work kar rahe hain.,1921,ڈاکٹر_تجربہ_انکوائری
1922,Doctor_Experience_Inquiry,casual,Rukhsana,Dr. Asim,Cardiologist,1500,"MBBS, MD Cardiology, Fellow of American College of Cardiology",15 years,"Asim Heart Clinic, Main Bazaar Road, City Center",3001234567,dr.asim@heartclinic.com,8:00 AM to 7:00 PM,,,Dr. Asim ko kitna experience hai?,15 years se work kar rahe hain.,1922,ڈاکٹر_تجربہ_انکوائری
1923,Doctor_Experience_Inquiry,casual,Nasrin,Dr. Asim,Cardiologist,1500,"MBBS, MD Cardiology, Fellow of American College of Cardiology",15 years,"Asim Heart Clinic, Main Bazaar Road, City Center",3001234567,dr.asim@heartclinic.com,8:00 AM to 7:00 PM,,,Dr. Asim ko kitna experience hai?,15 years se work kar rahe hain.,1923,ڈاکٹر_تجربہ_انکوائری
1924,Doctor_Experience_Inquiry,casual,Amina,Dr. Asim,Cardiologist,1500,"MBBS, MD Cardiology, Fellow of American College of Cardiology",15 years,"Asim Heart Clinic, Main Bazaar Road, City Center",3001234567,dr.asim@heartclinic.com,8:00 AM to 7:00 PM,,,Dr. Asim ko kitna experience hai?,15 years se work kar rahe hain.,1924,ڈاکٹر_تجربہ_انکوائری
1925,Doctor_Experience_Inquiry,casual,Usman,Dr. Asim,Cardiologist,1500,"MBBS, MD Cardiology, Fellow of American College of Cardiology",15 years,"Asim Heart Clinic, Main Bazaar Road, City Center",3001234567,dr.asim@heartclinic.com,8:00 AM to 7:00 PM,,,Dr. Asim kitne din se practice kar rahe hain?,15 years.,1925,ڈاکٹر_تجربہ_انکوائری
1926,Doctor_Experience_Inquiry,casual,Amina,Dr. Asim,Cardiologist,1500,"MBBS, MD Cardiology, Fellow of American College of Cardiology",15 years,"Asim Heart Clinic, Main Bazaar Road, City Center",3001234567,dr.asim@heartclinic.com,8:00 AM to 7:00 PM,,,Dr. Asim kitne din se practice kar rahe hain?,15 years.,1926,ڈاکٹر_تجربہ_انکوائری
1927,Doctor_Experience_Inquiry,casual,Aisha,Dr. Asim,Cardiologist,1500,"MBBS, MD Cardiology, Fellow of American College of Cardiology",15 years,"Asim Heart Clinic, Main Bazaar Road, City Center",3001234567,dr.asim@heartclinic.com,8:00 AM to 7:00 PM,,,Dr. Asim kitne din se practice kar rahe hain?,15 years.,1927,ڈاکٹر_تجربہ_انکوائری
1928,Doctor_Experience_Inquiry,casual,Usman,Dr. Asim,Cardiologist,1500,"MBBS, MD Cardiology, Fellow of American College of Cardiology",15 years,"Asim Heart Clinic, Main Bazaar Road, City Center",3001234567,dr.asim@heartclinic.com,8:00 AM to 7:00 PM,,,Dr. Asim kitne din se practice kar rahe hain?,15 years.,1928,ڈاکٹر_تجربہ_انکوائری
1929,Doctor_Experience_Inquiry,casual,Hira,Dr. Asim,Cardiologist,1500,"MBBS, MD Cardiology, Fellow of American College of Cardiology",15 years,"Asim Heart Clinic, Main Bazaar Road, City Center",3001234567,dr.asim@heartclinic.com,8:00 AM to 7:00 PM,,,Dr. Asim kitne din se practice kar rahe hain?,15 years.,1929,ڈاکٹر_تجربہ_انکوائری
1930,Doctor_Experience_Inquiry,casual,Ayesha,Dr. Asim,Cardiologist,1500,"MBBS, MD Cardiology, Fellow of American College of Cardiology",15 years,"Asim Heart Clinic, Main Bazaar Road, City Center",3001234567,dr.asim@heartclinic.com,8:00 AM to 7:00 PM,,,Dr. Asim kitne din se practice kar rahe hain?,15 years.,1930,ڈاکٹر_تجربہ_انکوائری
1931,Doctor_Experience_Inquiry,casual,Ayesha,Dr. Asim,Cardiologist,1500,"MBBS, MD Cardiology, Fellow of American College of Cardiology",15 years,"Asim Heart Clinic, Main Bazaar Road, City Center",3001234567,dr.asim@heartclinic.com,8:00 AM to 7:00 PM,,,Dr. Asim kitne din se practice kar rahe hain?,15 years.,1931,ڈاکٹر_تجربہ_انکوائری
1932,Doctor_Experience_Inquiry,casual,Amina,Dr. Asim,Cardiologist,1500,"MBBS, MD Cardiology, Fellow of American College of Cardiology",15 years,"Asim Heart Clinic, Main Bazaar Road, City Center",3001234567,dr.asim@heartclinic.com,8:00 AM to 7:00 PM,,,Dr. Asim kitne din se practice kar rahe hain?,15 years.,1932,ڈاکٹر_تجربہ_انکوائری
1933,Doctor_Experience_Inquiry,casual,Sara,Dr. Asim,Cardiologist,1500,"MBBS, MD Cardiology, Fellow of American College of Cardiology",15 years,"Asim Heart Clinic, Main Bazaar Road, City Center",3001234567,dr.asim@heartclinic.com,8:00 AM to 7:00 PM,,,Dr. Asim kitne din se practice kar rahe hain?,15 years.,1933,ڈاکٹر_تجربہ_انکوائری
1934,Doctor_Experience_Inquiry,casual,Bilal,Dr. Asim,Cardiologist,1500,"MBBS, MD Cardiology, Fellow of American College of Cardiology",15 years,"Asim Heart Clinic, Main Bazaar Road, City Center",3001234567,dr.asim@heartclinic.com,8:00 AM to 7:00 PM,,,Dr. Asim kitne din se practice kar rahe hain?,15 years.,1934,ڈاکٹر_تجربہ_انکوائری
1935,Doctor_Experience_Inquiry,casual,Hassan,Dr. Asim,Cardiologist,1500,"MBBS, MD Cardiology, Fellow of American College of Cardiology",15 years,"Asim Heart Clinic, Main Bazaar Road, City Center",3001234567,dr.asim@heartclinic.com,8:00 AM to 7:00 PM,,,Dr. Asim kitne din se practice kar rahe hain?,15 years.,1935,ڈاکٹر_تجربہ_انکوائری
1936,Doctor_Experience_Inquiry,casual,Rashid,Dr. Asim,Cardiologist,1500,"MBBS, MD Cardiology, Fellow of American College of Cardiology",15 years,"Asim Heart Clinic, Main Bazaar Road, City Center",3001234567,dr.asim@heartclinic.com,8:00 AM to 7:00 PM,,,Dr. Asim kitne din se practice kar rahe hain?,15 years.,1936,ڈاکٹر_تجربہ_انکوائری
1937,Doctor_Experience_Inquiry,casual,Karim,Dr. Asim,Cardiologist,1500,"MBBS, MD Cardiology, Fellow of American College of Cardiology",15 years,"Asim Heart Clinic, Main Bazaar Road, City Center",3001234567,dr.asim@heartclinic.com,8:00 AM to 7:00 PM,,,Dr. Asim kitne din se practice kar rahe hain?,15 years.,1937,ڈاکٹر_تجربہ_انکوائری
1938,Doctor_Experience_Inquiry,casual,Hassan,Dr. Asim,Cardiologist,1500,"MBBS, MD Cardiology, Fellow of American College of Cardiology",15 years,"Asim Heart Clinic, Main Bazaar Road, City Center",3001234567,dr.asim@heartclinic.com,8:00 AM to 7:00 PM,,,Dr. Asim kitne din se practice kar rahe hain?,15 years.,1938,ڈاکٹر_تجربہ_انکوائری
1939,Doctor_Experience_Inquiry,casual,Sana,Dr. Asim,Cardiologist,1500,"MBBS, MD Cardiology, Fellow of American College of Cardiology",15 years,"Asim Heart Clinic, Main Bazaar Road, City Center",3001234567,dr.asim@heartclinic.com,8:00 AM to 7:00 PM,,,Dr. Asim kitne din se practice kar rahe hain?,15 years.,1939,ڈاکٹر_تجربہ_انکوائری
1940,Check_Availability,formal,Hamza,Dr. Asim,Cardiologist,1500,"MBBS, MD Cardiology, Fellow of American College of Cardiology",15 years,"Asim Heart Clinic, Main Bazaar Road, City Center",3001234567,dr.asim@heartclinic.com,8:00 AM to 7:00 PM,Monday,10 AM,What are Dr. Asim's available slots?,Dr. Asim has slots on Friday at 10 AM.,1940,چیک_دستیاب
1941,Check_Availability,formal,Ali,Dr. Asim,Cardiologist,1500,"MBBS, MD Cardiology, Fellow of American College of Cardiology",15 years,"Asim Heart Clinic, Main Bazaar Road, City Center",3001234567,dr.asim@heartclinic.com,8:00 AM to 7:00 PM,Tuesday,5 PM,What are Dr. Asim's available slots?,Dr. Asim has slots on Friday at 5 PM.,1941,چیک_دستیاب
1942,Check_Availability,formal,Sara,Dr. Asim,Cardiologist,1500,"MBBS, MD Cardiology, Fellow of American College of Cardiology",15 years,"Asim Heart Clinic, Main Bazaar Road, City Center",3001234567,dr.asim@heartclinic.com,8:00 AM to 7:00 PM,Thursday,8 AM,What are Dr. Asim's available slots?,Dr. Asim has slots on Monday at 9 AM.,1942,چیک_دستیاب
1943,Check_Availability,formal,Layla,Dr. Asim,Cardiologist,1500,"MBBS, MD Cardiology, Fellow of American College of Cardiology",15 years,"Asim Heart Clinic, Main Bazaar Road, City Center",3001234567,dr.asim@heartclinic.com,8:00 AM to 7:00 PM,Friday,5 PM,What are Dr. Asim's available slots?,Dr. Asim has slots on Wednesday at 5 PM.,1943,چیک_دستیاب
1944,Check_Availability,formal,Wasim,Dr. Asim,Cardiologist,1500,"MBBS, MD Cardiology, Fellow of American College of Cardiology",15 years,"Asim Heart Clinic, Main Bazaar Road, City Center",3001234567,dr.asim@heartclinic.com,8:00 AM to 7:00 PM,Friday,9 AM,What are Dr. Asim's available slots?,Dr. Asim has slots on Thursday at 8 AM.,1944,چیک_دستیاب
1945,Check_Availability,formal,Hassan,Dr. Asim,Cardiologist,1500,"MBBS, MD Cardiology, Fellow of American College of Cardiology",15 years,"Asim Heart Clinic, Main Bazaar Road, City Center",3001234567,dr.asim@heartclinic.com,8:00 AM to 7:00 PM,Tuesday,9 AM,What are Dr. Asim's available slots?,Dr. Asim has slots on Thursday at 11 AM.,1945,چیک_دستیاب
1946,Check_Availability,formal,Usman,Dr. Asim,Cardiologist,1500,"MBBS, MD Cardiology, Fellow of American College of Cardiology",15 years,"Asim Heart Clinic, Main Bazaar Road, City Center",3001234567,dr.asim@heartclinic.com,8:00 AM to 7:00 PM,Friday,8 AM,What are Dr. Asim's available slots?,Dr. Asim has slots on Saturday at 11 AM.,1946,چیک_دستیاب
1947,Check_Availability,formal,Sara,Dr. Asim,Cardiologist,1500,"MBBS, MD Cardiology, Fellow of American College of Cardiology",15 years,"Asim Heart Clinic, Main Bazaar Road, City Center",3001234567,dr.asim@heartclinic.com,8:00 AM to 7:00 PM,Monday,11 AM,What are Dr. Asim's available slots?,Dr. Asim has slots on Friday at 3 PM.,1947,چیک_دستیاب
1948,Check_Availability,formal,Usman,Dr. Asim,Cardiologist,1500,"MBBS, MD Cardiology, Fellow of American College of Cardiology",15 years,"Asim Heart Clinic, Main Bazaar Road, City Center",3001234567,dr.asim@heartclinic.com,8:00 AM to 7:00 PM,Friday,5 PM,What are Dr. Asim's available slots?,Dr. Asim has slots on Tuesday at 2 PM.,1948,چیک_دستیاب
1949,Check_Availability,formal,Ali,Dr. Asim,Cardiologist,1500,"MBBS, MD Cardiology, Fellow of American College of Cardiology",15 years,"Asim Heart Clinic, Main Bazaar Road, City Center",3001234567,dr.asim@heartclinic.com,8:00 AM to 7:00 PM,Monday,5 PM,What are Dr. Asim's available slots?,Dr. Asim has slots on Saturday at 8 AM.,1949,چیک_دستیاب
1950,Check_Availability,formal,Hamza,Dr. Asim,Cardiologist,1500,"MBBS, MD Cardiology, Fellow of American College of Cardiology",15 years,"Asim Heart Clinic, Main Bazaar Road, City Center",3001234567,dr.asim@heartclinic.com,8:00 AM to 7:00 PM,Tuesday,10 AM,What are Dr. Asim's available slots?,Dr. Asim has slots on Monday at 2 PM.,1950,چیک_دستیاب
1951,Check_Availability,formal,Hassan,Dr. Asim,Cardiologist,1500,"MBBS, MD Cardiology, Fellow of American College of Cardiology",15 years,"Asim Heart Clinic, Main Bazaar Road, City Center",3001234567,dr.asim@heartclinic.com,8:00 AM to 7:00 PM,Friday,10 AM,What are Dr. Asim's available slots?,Dr. Asim has slots on Thursday at 9 AM.,1951,چیک_دستیاب
1952,Check_Availability,formal,Sara,Dr. Asim,Cardiologist,1500,"MBBS, MD Cardiology, Fellow of American College of Cardiology",15 years,"Asim Heart Clinic, Main Bazaar Road, City Center",3001234567,dr.asim@heartclinic.com,8:00 AM to 7:00 PM,Saturday,8 AM,What are Dr. Asim's available slots?,Dr. Asim has slots on Monday at 4 PM.,1952,چیک_دستیاب
1953,Check_Availability,formal,Sara,Dr. Asim,Cardiologist,1500,"MBBS, MD Cardiology, Fellow of American College of Cardiology",15 years,"Asim Heart Clinic, Main Bazaar Road, City Center",3001234567,dr.asim@heartclinic.com,8:00 AM to 7:00 PM,Thursday,8 AM,What are Dr. Asim's available slots?,Dr. Asim has slots on Thursday at 3 PM.,1953,چیک_دستیاب
1954,Check_Availability,formal,Fatima,Dr. Asim,Cardiologist,1500,"MBBS, MD Cardiology, Fellow of American College of Cardiology",15 years,"Asim Heart Clinic, Main Bazaar Road, City Center",3001234567,dr.asim@heartclinic.com,8:00 AM to 7:00 PM,Saturday,10 AM,What are Dr. Asim's available slots?,Dr. Asim has slots on Tuesday at 9 AM.,1954,چیک_دستیاب
1955,Check_Availability,formal,Farida,Dr. Asim,Cardiologist,1500,"MBBS, MD Cardiology, Fellow of American College of Cardiology",15 years,"Asim Heart Clinic, Main Bazaar Road, City Center",3001234567,dr.asim@heartclinic.com,8:00 AM to 7:00 PM,Tuesday,9 AM,What are Dr. Asim's available slots?,Dr. Asim has slots on Thursday at 5 PM.,1955,چیک_دستیاب
1956,Check_Availability,formal,Tariq,Dr. Asim,Cardiologist,1500,"MBBS, MD Cardiology, Fellow of American College of Cardiology",15 years,"Asim Heart Clinic, Main Bazaar Road, City Center",3001234567,dr.asim@heartclinic.com,8:00 AM to 7:00 PM,Monday,3 PM,What are Dr. Asim's available slots?,Dr. Asim has slots on Tuesday at 10 AM.,1956,چیک_دستیاب
1957,Check_Availability,formal,Wasim,Dr. Asim,Cardiologist,1500,"MBBS, MD Cardiology, Fellow of American College of Cardiology",15 years,"Asim Heart Clinic, Main Bazaar Road, City Center",3001234567,dr.asim@heartclinic.com,8:00 AM to 7:00 PM,Tuesday,2 PM,What are Dr. Asim's available slots?,Dr. Asim has slots on Thursday at 11 AM.,1957,چیک_دستیاب
1958,Check_Availability,formal,Rashid,Dr. Asim,Cardiologist,1500,"MBBS, MD Cardiology, Fellow of American College of Cardiology",15 years,"Asim Heart Clinic, Main Bazaar Road, City Center",3001234567,dr.asim@heartclinic.com,8:00 AM to 7:00 PM,Wednesday,3 PM,What are Dr. Asim's available slots?,Dr. Asim has slots on Wednesday at 8 AM.,1958,چیک_دستیاب
1959,Check_Availability,formal,Samir,Dr. Asim,Cardiologist,1500,"MBBS, MD Cardiology, Fellow of American College of Cardiology",15 years,"Asim Heart Clinic, Main Bazaar Road, City Center",3001234567,dr.asim@heartclinic.com,8:00 AM to 7:00 PM,Wednesday,3 PM,What are Dr. Asim's available slots?,Dr. Asim has slots on Thursday at 11 AM.,1959,چیک_دستیاب
1960,Check_Availability,formal,Amina,Dr. Asim,Cardiologist,1500,"MBBS, MD Cardiology, Fellow of American College of Cardiology",15 years,"Asim Heart Clinic, Main Bazaar Road, City Center",3001234567,dr.asim@heartclinic.com,8:00 AM to 7:00 PM,Monday,4 PM,When can I see Dr. Asim?,Available on Friday at 2 PM.,1960,چیک_دستیاب
1961,Check_Availability,formal,Mina,Dr. Asim,Cardiologist,1500,"MBBS, MD Cardiology, Fellow of American College of Cardiology",15 years,"Asim Heart Clinic, Main Bazaar Road, City Center",3001234567,dr.asim@heartclinic.com,8:00 AM to 7:00 PM,Saturday,11 AM,When can I see Dr. Asim?,Available on Tuesday at 11 AM.,1961,چیک_دستیاب
1962,Check_Availability,formal,Aisha,Dr. Asim,Cardiologist,1500,"MBBS, MD Cardiology, Fellow of American College of Cardiology",15 years,"Asim Heart Clinic, Main Bazaar Road, City Center",3001234567,dr.asim@heartclinic.com,8:00 AM to 7:00 PM,Thursday,11 AM,When can I see Dr. Asim?,Available on Wednesday at 4 PM.,1962,چیک_دستیاب
1963,Check_Availability,formal,Usman,Dr. Asim,Cardiologist,1500,"MBBS, MD Cardiology, Fellow of American College of Cardiology",15 years,"Asim Heart Clinic, Main Bazaar Road, City Center",3001234567,dr.asim@heartclinic.com,8:00 AM to 7:00 PM,Thursday,3 PM,When can I see Dr. Asim?,Available on Saturday at 11 AM.,1963,چیک_دستیاب
1964,Check_Availability,formal,Sara,Dr. Asim,Cardiologist,1500,"MBBS, MD Cardiology, Fellow of American College of Cardiology",15 years,"Asim Heart Clinic, Main Bazaar Road, City Center",3001234567,dr.asim@heartclinic.com,8:00 AM to 7:00 PM,Saturday,11 AM,When can I see Dr. Asim?,Available on Tuesday at 4 PM.,1964,چیک_دستیاب
1965,Check_Availability,formal,Aisha,Dr. Asim,Cardiologist,1500,"MBBS, MD Cardiology, Fellow of American College of Cardiology",15 years,"Asim Heart Clinic, Main Bazaar Road, City Center",3001234567,dr.asim@heartclinic.com,8:00 AM to 7:00 PM,Tuesday,3 PM,When can I see Dr. Asim?,Available on Saturday at 8 AM.,1965,چیک_دستیاب
1966,Check_Availability,formal,Mina,Dr. Asim,Cardiologist,1500,"MBBS, MD Cardiology, Fellow of American College of Cardiology",15 years,"Asim Heart Clinic, Main Bazaar Road, City Center",3001234567,dr.asim@heartclinic.com,8:00 AM to 7:00 PM,Tuesday,8 AM,When can I see Dr. Asim?,Available on Thursday at 8 AM.,1966,چیک_دستیاب
1967,Check_Availability,formal,Fatima,Dr. Asim,Cardiologist,1500,"MBBS, MD Cardiology, Fellow of American College of Cardiology",15 years,"Asim Heart Clinic, Main Bazaar Road, City Center",3001234567,dr.asim@heartclinic.com,8:00 AM to 7:00 PM,Friday,11 AM,When can I see Dr. Asim?,Available on Friday at 2 PM.,1967,چیک_دستیاب
1968,Check_Availability,formal,Salim,Dr. Asim,Cardiologist,1500,"MBBS, MD Cardiology, Fellow of American College of Cardiology",15 years,"Asim Heart Clinic, Main Bazaar Road, City Center",3001234567,dr.asim@heartclinic.com,8:00 AM to 7:00 PM,Monday,9 AM,When can I see Dr. Asim?,Available on Tuesday at 3 PM.,1968,چیک_دستیاب
1969,Check_Availability,formal,Hassan,Dr. Asim,Cardiologist,1500,"MBBS, MD Cardiology, Fellow of American College of Cardiology",15 years,"Asim Heart Clinic, Main Bazaar Road, City Center",3001234567,dr.asim@heartclinic.com,8:00 AM to 7:00 PM,Saturday,5 PM,When can I see Dr. Asim?,Available on Friday at 2 PM.,1969,چیک_دستیاب
1970,Check_Availability,formal,Hassan,Dr. Asim,Cardiologist,1500,"MBBS, MD Cardiology, Fellow of American College of Cardiology",15 years,"Asim Heart Clinic, Main Bazaar Road, City Center",3001234567,dr.asim@heartclinic.com,8:00 AM to 7:00 PM,Wednesday,11 AM,When can I see Dr. Asim?,Available on Wednesday at 3 PM.,1970,چیک_دستیاب
1971,Check_Availability,formal,Sana,Dr. Asim,Cardiologist,1500,"MBBS, MD Cardiology, Fellow of American College of Cardiology",15 years,"Asim Heart Clinic, Main Bazaar Road, City Center",3001234567,dr.asim@heartclinic.com,8:00 AM to 7:00 PM,Thursday,2 PM,When can I see Dr. Asim?,Available on Wednesday at 3 PM.,1971,چیک_دستیاب
1972,Check_Availability,formal,Salim,Dr. Asim,Cardiologist,1500,"MBBS, MD Cardiology, Fellow of American College of Cardiology",15 years,"Asim Heart Clinic, Main Bazaar Road, City Center",3001234567,dr.asim@heartclinic.com,8:00 AM to 7:00 PM,Thursday,3 PM,When can I see Dr. Asim?,Available on Tuesday at 5 PM.,1972,چیک_دستیاب
1973,Check_Availability,formal,Nasrin,Dr. Asim,Cardiologist,1500,"MBBS, MD Cardiology, Fellow of American College of Cardiology",15 years,"Asim Heart Clinic, Main Bazaar Road, City Center",3001234567,dr.asim@heartclinic.com,8:00 AM to 7:00 PM,Thursday,3 PM,When can I see Dr. Asim?,Available on Friday at 11 AM.,1973,چیک_دستیاب
1974,Check_Availability,formal,Hassan,Dr. Asim,Cardiologist,1500,"MBBS, MD Cardiology, Fellow of American College of Cardiology",15 years,"Asim Heart Clinic, Main Bazaar Road, City Center",3001234567,dr.asim@heartclinic.com,8:00 AM to 7:00 PM,Saturday,11 AM,When can I see Dr. Asim?,Available on Friday at 5 PM.,1974,چیک_دستیاب
1975,Check_Availability,formal,Malik,Dr. Asim,Cardiologist,1500,"MBBS, MD Cardiology, Fellow of American College of Cardiology",15 years,"Asim Heart Clinic, Main Bazaar Road, City Center",3001234567,dr.asim@heartclinic.com,8:00 AM to 7:00 PM,Thursday,4 PM,When can I see Dr. Asim?,Available on Tuesday at 3 PM.,1975,چیک_دستیاب
1976,Check_Availability,formal,Nasrin,Dr. Asim,Cardiologist,1500,"MBBS, MD Cardiology, Fellow of American College of Cardiology",15 years,"Asim Heart Clinic, Main Bazaar Road, City Center",3001234567,dr.asim@heartclinic.com,8:00 AM to 7:00 PM,Thursday,9 AM,When can I see Dr. Asim?,Available on Saturday at 11 AM.,1976,چیک_دستیاب
1977,Check_Availability,formal,Noor,Dr. Asim,Cardiologist,1500,"MBBS, MD Cardiology, Fellow of American College of Cardiology",15 years,"Asim Heart Clinic, Main Bazaar Road, City Center",3001234567,dr.asim@heartclinic.com,8:00 AM to 7:00 PM,Monday,8 AM,When can I see Dr. Asim?,Available on Wednesday at 9 AM.,1977,چیک_دستیاب
1978,Check_Availability,formal,Hamza,Dr. Asim,Cardiologist,1500,"MBBS, MD Cardiology, Fellow of American College of Cardiology",15 years,"Asim Heart Clinic, Main Bazaar Road, City Center",3001234567,dr.asim@heartclinic.com,8:00 AM to 7:00 PM,Monday,5 PM,When can I see Dr. Asim?,Available on Tuesday at 9 AM.,1978,چیک_دستیاب
1979,Check_Availability,formal,Nida,Dr. Asim,Cardiologist,1500,"MBBS, MD Cardiology, Fellow of American College of Cardiology",15 years,"Asim Heart Clinic, Main Bazaar Road, City Center",3001234567,dr.asim@heartclinic.com,8:00 AM to 7:00 PM,Thursday,4 PM,When can I see Dr. Asim?,Available on Thursday at 9 AM.,1979,چیک_دستیاب
1980,Check_Availability,formal,Usman,Dr. Asim,Cardiologist,1500,"MBBS, MD Cardiology, Fellow of American College of Cardiology",15 years,"Asim Heart Clinic, Main Bazaar Road, City Center",3001234567,dr.asim@heartclinic.com,8:00 AM to 7:00 PM,Friday,11 AM,Does Dr. Asim have availability?,"Yes, Dr. Asim is available Tuesday at 9 AM.",1980,چیک_دستیاب
1981,Check_Availability,formal,Amina,Dr. Asim,Cardiologist,1500,"MBBS, MD Cardiology, Fellow of American College of Cardiology",15 years,"Asim Heart Clinic, Main Bazaar Road, City Center",3001234567,dr.asim@heartclinic.com,8:00 AM to 7:00 PM,Saturday,4 PM,Does Dr. Asim have availability?,"Yes, Dr. Asim is available Wednesday at 5 PM.",1981,چیک_دستیاب
1982,Check_Availability,formal,Zainab,Dr. Asim,Cardiologist,1500,"MBBS, MD Cardiology, Fellow of American College of Cardiology",15 years,"Asim Heart Clinic, Main Bazaar Road, City Center",3001234567,dr.asim@heartclinic.com,8:00 AM to 7:00 PM,Tuesday,4 PM,Does Dr. Asim have availability?,"Yes, Dr. Asim is available Tuesday at 3 PM.",1982,چیک_دستیاب
1983,Check_Availability,formal,Sara,Dr. Asim,Cardiologist,1500,"MBBS, MD Cardiology, Fellow of American College of Cardiology",15 years,"Asim Heart Clinic, Main Bazaar Road, City Center",3001234567,dr.asim@heartclinic.com,8:00 AM to 7:00 PM,Tuesday,11 AM,Does Dr. Asim have availability?,"Yes, Dr. Asim is available Monday at 5 PM.",1983,چیک_دستیاب
1984,Check_Availability,formal,Rashid,Dr. Asim,Cardiologist,1500,"MBBS, MD Cardiology, Fellow of American College of Cardiology",15 years,"Asim Heart Clinic, Main Bazaar Road, City Center",3001234567,dr.asim@heartclinic.com,8:00 AM to 7:00 PM,Friday,8 AM,Does Dr. Asim have availability?,"Yes, Dr. Asim is available Friday at 5 PM.",1984,چیک_دستیاب
1985,Check_Availability,formal,Nasrin,Dr. Asim,Cardiologist,1500,"MBBS, MD Cardiology, Fellow of American College of Cardiology",15 years,"Asim Heart Clinic, Main Bazaar Road, City Center",3001234567,dr.asim@heartclinic.com,8:00 AM to 7:00 PM,Monday,9 AM,Does Dr. Asim have availability?,"Yes, Dr. Asim is available Thursday at 10 AM.",1985,چیک_دستیاب
1986,Check_Availability,formal,Ayesha,Dr. Asim,Cardiologist,1500,"MBBS, MD Cardiology, Fellow of American College of Cardiology",15 years,"Asim Heart Clinic, Main Bazaar Road, City Center",3001234567,dr.asim@heartclinic.com,8:00 AM to 7:00 PM,Wednesday,3 PM,Does Dr. Asim have availability?,"Yes, Dr. Asim is available Friday at 2 PM.",1986,چیک_دستیاب
1987,Check_Availability,formal,Faisal,Dr. Asim,Cardiologist,1500,"MBBS, MD Cardiology, Fellow of American College of Cardiology",15 years,"Asim Heart Clinic, Main Bazaar Road, City Center",3001234567,dr.asim@heartclinic.com,8:00 AM to 7:00 PM,Thursday,11 AM,Does Dr. Asim have availability?,"Yes, Dr. Asim is available Friday at 2 PM.",1987,چیک_دستیاب
1988,Check_Availability,formal,Farida,Dr. Asim,Cardiologist,1500,"MBBS, MD Cardiology, Fellow of American College of Cardiology",15 years,"Asim Heart Clinic, Main Bazaar Road, City Center",3001234567,dr.asim@heartclinic.com,8:00 AM to 7:00 PM,Saturday,9 AM,Does Dr. Asim have availability?,"Yes, Dr. Asim is available Monday at 5 PM.",1988,چیک_دستیاب
1989,Check_Availability,formal,Karim,Dr. Asim,Cardiologist,1500,"MBBS, MD Cardiology, Fellow of American College of Cardiology",15 years,"Asim Heart Clinic, Main Bazaar Road, City Center",3001234567,dr.asim@heartclinic.com,8:00 AM to 7:00 PM,Friday,3 PM,Does Dr. Asim have availability?,"Yes, Dr. Asim is available Tuesday at 9 AM.",1989,چیک_دستیاب
1990,Check_Availability,formal,Samir,Dr. Asim,Cardiologist,1500,"MBBS, MD Cardiology, Fellow of American College of Cardiology",15 years,"Asim Heart Clinic, Main Bazaar Road, City Center",3001234567,dr.asim@heartclinic.com,8:00 AM to 7:00 PM,Monday,3 PM,Does Dr. Asim have availability?,"Yes, Dr. Asim is available Monday at 4 PM.",1990,چیک_دستیاب
1991,Check_Availability,formal,Ali,Dr. Asim,Cardiologist,1500,"MBBS, MD Cardiology, Fellow of American College of Cardiology",15 years,"Asim Heart Clinic, Main Bazaar Road, City Center",3001234567,dr.asim@heartclinic.com,8:00 AM to 7:00 PM,Wednesday,4 PM,Does Dr. Asim have availability?,"Yes, Dr. Asim is available Monday at 4 PM.",1991,چیک_دستیاب
1992,Check_Availability,formal,Noor,Dr. Asim,Cardiologist,1500,"MBBS, MD Cardiology, Fellow of American College of Cardiology",15 years,"Asim Heart Clinic, Main Bazaar Road, City Center",3001234567,dr.asim@heartclinic.com,8:00 AM to 7:00 PM,Saturday,11 AM,Does Dr. Asim have availability?,"Yes, Dr. Asim is available Wednesday at 10 AM.",1992,چیک_دستیاب
1993,Check_Availability,formal,Noor,Dr. Asim,Cardiologist,1500,"MBBS, MD Cardiology, Fellow of American College of Cardiology",15 years,"Asim Heart Clinic, Main Bazaar Road, City Center",3001234567,dr.asim@heartclinic.com,8:00 AM to 7:00 PM,Friday,11 AM,Does Dr. Asim have availability?,"Yes, Dr. Asim is available Monday at 3 PM.",1993,چیک_دستیاب
1994,Check_Availability,formal,Rukhsana,Dr. Asim,Cardiologist,1500,"MBBS, MD Cardiology, Fellow of American College of Cardiology",15 years,"Asim Heart Clinic, Main Bazaar Road, City Center",3001234567,dr.asim@heartclinic.com,8:00 AM to 7:00 PM,Thursday,9 AM,Does Dr. Asim have availability?,"Yes, Dr. Asim is available Tuesday at 5 PM.",1994,چیک_دستیاب
1995,Check_Availability,formal,Layla,Dr. Asim,Cardiologist,1500,"MBBS, MD Cardiology, Fellow of American College of Cardiology",15 years,"Asim Heart Clinic, Main Bazaar Road, City Center",3001234567,dr.asim@heartclinic.com,8:00 AM to 7:00 PM,Thursday,5 PM,Does Dr. Asim have availability?,"Yes, Dr. Asim is available Wednesday at 10 AM.",1995,چیک_دستیاب
1996,Check_Availability,formal,Karim,Dr. Asim,Cardiologist,1500,"MBBS, MD Cardiology, Fellow of American College of Cardiology",15 years,"Asim Heart Clinic, Main Bazaar Road, City Center",3001234567,dr.asim@heartclinic.com,8:00 AM to 7:00 PM,Wednesday,10 AM,Does Dr. Asim have availability?,"Yes, Dr. Asim is available Tuesday at 4 PM.",1996,چیک_دستیاب
1997,Check_Availability,formal,Nasrin,Dr. Asim,Cardiologist,1500,"MBBS, MD Cardiology, Fellow of American College of Cardiology",15 years,"Asim Heart Clinic, Main Bazaar Road, City Center",3001234567,dr.asim@heartclinic.com,8:00 AM to 7:00 PM,Wednesday,2 PM,Does Dr. Asim have availability?,"Yes, Dr. Asim is available Tuesday at 11 AM.",1997,چیک_دستیاب
1998,Check_Availability,formal,Fatima,Dr. Asim,Cardiologist,1500,"MBBS, MD Cardiology, Fellow of American College of Cardiology",15 years,"Asim Heart Clinic, Main Bazaar Road, City Center",3001234567,dr.asim@heartclinic.com,8:00 AM to 7:00 PM,Friday,5 PM,Does Dr. Asim have availability?,"Yes, Dr. Asim is available Wednesday at 9 AM.",1998,چیک_دستیاب
1999,Check_Availability,formal,Nida,Dr. Asim,Cardiologist,1500,"MBBS, MD Cardiology, Fellow of American College of Cardiology",15 years,"Asim Heart Clinic, Main Bazaar Road, City Center",3001234567,dr.asim@heartclinic.com,8:00 AM to 7:00 PM,Saturday,5 PM,Does Dr. Asim have availability?,"Yes, Dr. Asim is available Wednesday at 3 PM.",1999,چیک_دستیاب
2000,Check_Availability,casual,Bilal,Dr. Asim,Cardiologist,1500,"MBBS, MD Cardiology, Fellow of American College of Cardiology",15 years,"Asim Heart Clinic, Main Bazaar Road, City Center",3001234567,dr.asim@heartclinic.com,8:00 AM to 7:00 PM,Monday,2 PM,Dr. Asim ka kya slot hai?,Thursday ko 11 AM par.,2000,چیک_دستیاب
2001,Check_Availability,casual,Noor,Dr. Asim,Cardiologist,1500,"MBBS, MD Cardiology, Fellow of American College of Cardiology",15 years,"Asim Heart Clinic, Main Bazaar Road, City Center",3001234567,dr.asim@heartclinic.com,8:00 AM to 7:00 PM,Friday,8 AM,Dr. Asim ka kya slot hai?,Wednesday ko 11 AM par.,2001,چیک_دستیاب
2002,Check_Availability,casual,Zainab,Dr. Asim,Cardiologist,1500,"MBBS, MD Cardiology, Fellow of American College of Cardiology",15 years,"Asim Heart Clinic, Main Bazaar Road, City Center",3001234567,dr.asim@heartclinic.com,8:00 AM to 7:00 PM,Saturday,2 PM,Dr. Asim ka kya slot hai?,Tuesday ko 3 PM par.,2002,چیک_دستیاب
2003,Check_Availability,casual,Amina,Dr. Asim,Cardiologist,1500,"MBBS, MD Cardiology, Fellow of American College of Cardiology",15 years,"Asim Heart Clinic, Main Bazaar Road, City Center",3001234567,dr.asim@heartclinic.com,8:00 AM to 7:00 PM,Tuesday,9 AM,Dr. Asim ka kya slot hai?,Thursday ko 5 PM par.,2003,چیک_دستیاب
2004,Check_Availability,casual,Ahmed,Dr. Asim,Cardiologist,1500,"MBBS, MD Cardiology, Fellow of American College of Cardiology",15 years,"Asim Heart Clinic, Main Bazaar Road, City Center",3001234567,dr.asim@heartclinic.com,8:00 AM to 7:00 PM,Tuesday,10 AM,Dr. Asim ka kya slot hai?,Tuesday ko 3 PM par.,2004,چیک_دستیاب
2005,Check_Availability,casual,Nasrin,Dr. Asim,Cardiologist,1500,"MBBS, MD Cardiology, Fellow of American College of Cardiology",15 years,"Asim Heart Clinic, Main Bazaar Road, City Center",3001234567,dr.asim@heartclinic.com,8:00 AM to 7:00 PM,Tuesday,5 PM,Dr. Asim ka kya slot hai?,Monday ko 8 AM par.,2005,چیک_دستیاب
2006,Check_Availability,casual,Usman,Dr. Asim,Cardiologist,1500,"MBBS, MD Cardiology, Fellow of American College of Cardiology",15 years,"Asim Heart Clinic, Main Bazaar Road, City Center",3001234567,dr.asim@heartclinic.com,8:00 AM to 7:00 PM,Saturday,8 AM,Dr. Asim ka kya slot hai?,Monday ko 4 PM par.,2006,چیک_دستیاب
2007,Check_Availability,casual,Hassan,Dr. Asim,Cardiologist,1500,"MBBS, MD Cardiology, Fellow of American College of Cardiology",15 years,"Asim Heart Clinic, Main Bazaar Road, City Center",3001234567,dr.asim@heartclinic.com,8:00 AM to 7:00 PM,Saturday,10 AM,Dr. Asim ka kya slot hai?,Friday ko 5 PM par.,2007,چیک_دستیاب
2008,Check_Availability,casual,Sana,Dr. Asim,Cardiologist,1500,"MBBS, MD Cardiology, Fellow of American College of Cardiology",15 years,"Asim Heart Clinic, Main Bazaar Road, City Center",3001234567,dr.asim@heartclinic.com,8:00 AM to 7:00 PM,Saturday,3 PM,Dr. Asim ka kya slot hai?,Monday ko 4 PM par.,2008,چیک_دستیاب
2009,Check_Availability,casual,Samir,Dr. Asim,Cardiologist,1500,"MBBS, MD Cardiology, Fellow of American College of Cardiology",15 years,"Asim Heart Clinic, Main Bazaar Road, City Center",3001234567,dr.asim@heartclinic.com,8:00 AM to 7:00 PM,Monday,8 AM,Dr. Asim ka kya slot hai?,Tuesday ko 9 AM par.,2009,چیک_دستیاب
2010,Check_Availability,casual,Bilal,Dr. Asim,Cardiologist,1500,"MBBS, MD Cardiology, Fellow of American College of Cardiology",15 years,"Asim Heart Clinic, Main Bazaar Road, City Center",3001234567,dr.asim@heartclinic.com,8:00 AM to 7:00 PM,Thursday,2 PM,Dr. Asim ka kya slot hai?,Tuesday ko 10 AM par.,2010,چیک_دستیاب
2011,Check_Availability,casual,Amina,Dr. Asim,Cardiologist,1500,"MBBS, MD Cardiology, Fellow of American College of Cardiology",15 years,"Asim Heart Clinic, Main Bazaar Road, City Center",3001234567,dr.asim@heartclinic.com,8:00 AM to 7:00 PM,Tuesday,10 AM,Dr. Asim ka kya slot hai?,Friday ko 4 PM par.,2011,چیک_دستیاب
2012,Check_Availability,casual,Rashid,Dr. Asim,Cardiologist,1500,"MBBS, MD Cardiology, Fellow of American College of Cardiology",15 years,"Asim Heart Clinic, Main Bazaar Road, City Center",3001234567,dr.asim@heartclinic.com,8:00 AM to 7:00 PM,Friday,4 PM,Dr. Asim ka kya slot hai?,Monday ko 2 PM par.,2012,چیک_دستیاب
2013,Check_Availability,casual,Ali,Dr. Asim,Cardiologist,1500,"MBBS, MD Cardiology, Fellow of American College of Cardiology",15 years,"Asim Heart Clinic, Main Bazaar Road, City Center",3001234567,dr.asim@heartclinic.com,8:00 AM to 7:00 PM,Friday,4 PM,Dr. Asim ka kya slot hai?,Tuesday ko 2 PM par.,2013,چیک_دستیاب
2014,Check_Availability,casual,Aisha,Dr. Asim,Cardiologist,1500,"MBBS, MD Cardiology, Fellow of American College of Cardiology",15 years,"Asim Heart Clinic, Main Bazaar Road, City Center",3001234567,dr.asim@heartclinic.com,8:00 AM to 7:00 PM,Monday,4 PM,Dr. Asim ka kya slot hai?,Monday ko 10 AM par.,2014,چیک_دستیاب
2015,Check_Availability,casual,Bilal,Dr. Asim,Cardiologist,1500,"MBBS, MD Cardiology, Fellow of American College of Cardiology",15 years,"Asim Heart Clinic, Main Bazaar Road, City Center",3001234567,dr.asim@heartclinic.com,8:00 AM to 7:00 PM,Thursday,10 AM,Dr. Asim ka kya slot hai?,Saturday ko 3 PM par.,2015,چیک_دستیاب
2016,Check_Availability,casual,Faisal,Dr. Asim,Cardiologist,1500,"MBBS, MD Cardiology, Fellow of American College of Cardiology",15 years,"Asim Heart Clinic, Main Bazaar Road, City Center",3001234567,dr.asim@heartclinic.com,8:00 AM to 7:00 PM,Monday,2 PM,Dr. Asim ka kya slot hai?,Thursday ko 8 AM par.,2016,چیک_دستیاب
2017,Check_Availability,casual,Sara,Dr. Asim,Cardiologist,1500,"MBBS, MD Cardiology, Fellow of American College of Cardiology",15 years,"Asim Heart Clinic, Main Bazaar Road, City Center",3001234567,dr.asim@heartclinic.com,8:00 AM to 7:00 PM,Monday,11 AM,Dr. Asim ka kya slot hai?,Wednesday ko 11 AM par.,2017,چیک_دستیاب
2018,Check_Availability,casual,Mina,Dr. Asim,Cardiologist,1500,"MBBS, MD Cardiology, Fellow of American College of Cardiology",15 years,"Asim Heart Clinic, Main Bazaar Road, City Center",3001234567,dr.asim@heartclinic.com,8:00 AM to 7:00 PM,Thursday,4 PM,Dr. Asim ka kya slot hai?,Friday ko 5 PM par.,2018,چیک_دستیاب
2019,Check_Availability,casual,Tariq,Dr. Asim,Cardiologist,1500,"MBBS, MD Cardiology, Fellow of American College of Cardiology",15 years,"Asim Heart Clinic, Main Bazaar Road, City Center",3001234567,dr.asim@heartclinic.com,8:00 AM to 7:00 PM,Monday,9 AM,Dr. Asim ka kya slot hai?,Thursday ko 9 AM par.,2019,چیک_دستیاب
2020,Check_Availability,casual,Hira,Dr. Asim,Cardiologist,1500,"MBBS, MD Cardiology, Fellow of American College of Cardiology",15 years,"Asim Heart Clinic, Main Bazaar Road, City Center",3001234567,dr.asim@heartclinic.com,8:00 AM to 7:00 PM,Wednesday,2 PM,Kab Dr. Asim se mil sakta?,Wednesday at 11 AM.,2020,چیک_دستیاب
2021,Check_Availability,casual,Sara,Dr. Asim,Cardiologist,1500,"MBBS, MD Cardiology, Fellow of American College of Cardiology",15 years,"Asim Heart Clinic, Main Bazaar Road, City Center",3001234567,dr.asim@heartclinic.com,8:00 AM to 7:00 PM,Friday,3 PM,Kab Dr. Asim se mil sakta?,Monday at 2 PM.,2021,چیک_دستیاب
2022,Check_Availability,casual,Aisha,Dr. Asim,Cardiologist,1500,"MBBS, MD Cardiology, Fellow of American College of Cardiology",15 years,"Asim Heart Clinic, Main Bazaar Road, City Center",3001234567,dr.asim@heartclinic.com,8:00 AM to 7:00 PM,Friday,2 PM,Kab Dr. Asim se mil sakta?,Thursday at 3 PM.,2022,چیک_دستیاب
2023,Check_Availability,casual,Hassan,Dr. Asim,Cardiologist,1500,"MBBS, MD Cardiology, Fellow of American College of Cardiology",15 years,"Asim Heart Clinic, Main Bazaar Road, City Center",3001234567,dr.asim@heartclinic.com,8:00 AM to 7:00 PM,Friday,11 AM,Kab Dr. Asim se mil sakta?,Saturday at 2 PM.,2023,چیک_دستیاب
2024,Check_Availability,casual,Wasim,Dr. Asim,Cardiologist,1500,"MBBS, MD Cardiology, Fellow of American College of Cardiology",15 years,"Asim Heart Clinic, Main Bazaar Road, City Center",3001234567,dr.asim@heartclinic.com,8:00 AM to 7:00 PM,Tuesday,4 PM,Kab Dr. Asim se mil sakta?,Saturday at 10 AM.,2024,چیک_دستیاب
2025,Check_Availability,casual,Ali,Dr. Asim,Cardiologist,1500,"MBBS, MD Cardiology, Fellow of American College of Cardiology",15 years,"Asim Heart Clinic, Main Bazaar Road, City Center",3001234567,dr.asim@heartclinic.com,8:00 AM to 7:00 PM,Tuesday,3 PM,Kab Dr. Asim se mil sakta?,Monday at 8 AM.,2025,چیک_دستیاب
2026,Check_Availability,casual,Rukhsana,Dr. Asim,Cardiologist,1500,"MBBS, MD Cardiology, Fellow of American College of Cardiology",15 years,"Asim Heart Clinic, Main Bazaar Road, City Center",3001234567,dr.asim@heartclinic.com,8:00 AM to 7:00 PM,Tuesday,3 PM,Kab Dr. Asim se mil sakta?,Wednesday at 9 AM.,2026,چیک_دستیاب
2027,Check_Availability,casual,Wasim,Dr. Asim,Cardiologist,1500,"MBBS, MD Cardiology, Fellow of American College of Cardiology",15 years,"Asim Heart Clinic, Main Bazaar Road, City Center",3001234567,dr.asim@heartclinic.com,8:00 AM to 7:00 PM,Tuesday,5 PM,Kab Dr. Asim se mil sakta?,Tuesday at 5 PM.,2027,چیک_دستیاب
2028,Check_Availability,casual,Wasim,Dr. Asim,Cardiologist,1500,"MBBS, MD Cardiology, Fellow of American College of Cardiology",15 years,"Asim Heart Clinic, Main Bazaar Road, City Center",3001234567,dr.asim@heartclinic.com,8:00 AM to 7:00 PM,Wednesday,3 PM,Kab Dr. Asim se mil sakta?,Saturday at 3 PM.,2028,چیک_دستیاب
2029,Check_Availability,casual,Ali,Dr. Asim,Cardiologist,1500,"MBBS, MD Cardiology, Fellow of American College of Cardiology",15 years,"Asim Heart Clinic, Main Bazaar Road, City Center",3001234567,dr.asim@heartclinic.com,8:00 AM to 7:00 PM,Thursday,10 AM,Kab Dr. Asim se mil sakta?,Wednesday at 2 PM.,2029,چیک_دستیاب
2030,Check_Availability,casual,Samir,Dr. Asim,Cardiologist,1500,"MBBS, MD Cardiology, Fellow of American College of Cardiology",15 years,"Asim Heart Clinic, Main Bazaar Road, City Center",3001234567,dr.asim@heartclinic.com,8:00 AM to 7:00 PM,Wednesday,8 AM,Kab Dr. Asim se mil sakta?,Friday at 9 AM.,2030,چیک_دستیاب
2031,Check_Availability,casual,Hassan,Dr. Asim,Cardiologist,1500,"MBBS, MD Cardiology, Fellow of American College of Cardiology",15 years,"Asim Heart Clinic, Main Bazaar Road, City Center",3001234567,dr.asim@heartclinic.com,8:00 AM to 7:00 PM,Thursday,5 PM,Kab Dr. Asim se mil sakta?,Thursday at 9 AM.,2031,چیک_دستیاب
2032,Check_Availability,casual,Ali,Dr. Asim,Cardiologist,1500,"MBBS, MD Cardiology, Fellow of American College of Cardiology",15 years,"Asim Heart Clinic, Main Bazaar Road, City Center",3001234567,dr.asim@heartclinic.com,8:00 AM to 7:00 PM,Tuesday,4 PM,Kab Dr. Asim se mil sakta?,Thursday at 11 AM.,2032,چیک_دستیاب
2033,Check_Availability,casual,Fatima,Dr. Asim,Cardiologist,1500,"MBBS, MD Cardiology, Fellow of American College of Cardiology",15 years,"Asim Heart Clinic, Main Bazaar Road, City Center",3001234567,dr.asim@heartclinic.com,8:00 AM to 7:00 PM,Monday,5 PM,Kab Dr. Asim se mil sakta?,Monday at 8 AM.,2033,چیک_دستیاب
2034,Check_Availability,casual,Farida,Dr. Asim,Cardiologist,1500,"MBBS, MD Cardiology, Fellow of American College of Cardiology",15 years,"Asim Heart Clinic, Main Bazaar Road, City Center",3001234567,dr.asim@heartclinic.com,8:00 AM to 7:00 PM,Wednesday,9 AM,Kab Dr. Asim se mil sakta?,Tuesday at 5 PM.,2034,چیک_دستیاب
2035,Check_Availability,casual,Ahmed,Dr. Asim,Cardiologist,1500,"MBBS, MD Cardiology, Fellow of American College of Cardiology",15 years,"Asim Heart Clinic, Main Bazaar Road, City Center",3001234567,dr.asim@heartclinic.com,8:00 AM to 7:00 PM,Saturday,3 PM,Kab Dr. Asim se mil sakta?,Saturday at 8 AM.,2035,چیک_دستیاب
2036,Check_Availability,casual,Hassan,Dr. Asim,Cardiologist,1500,"MBBS, MD Cardiology, Fellow of American College of Cardiology",15 years,"Asim Heart Clinic, Main Bazaar Road, City Center",3001234567,dr.asim@heartclinic.com,8:00 AM to 7:00 PM,Wednesday,2 PM,Kab Dr. Asim se mil sakta?,Thursday at 9 AM.,2036,چیک_دستیاب
2037,Check_Availability,casual,Hassan,Dr. Asim,Cardiologist,1500,"MBBS, MD Cardiology, Fellow of American College of Cardiology",15 years,"Asim Heart Clinic, Main Bazaar Road, City Center",3001234567,dr.asim@heartclinic.com,8:00 AM to 7:00 PM,Friday,8 AM,Kab Dr. Asim se mil sakta?,Thursday at 4 PM.,2037,چیک_دستیاب
2038,Check_Availability,casual,Faisal,Dr. Asim,Cardiologist,1500,"MBBS, MD Cardiology, Fellow of American College of Cardiology",15 years,"Asim Heart Clinic, Main Bazaar Road, City Center",3001234567,dr.asim@heartclinic.com,8:00 AM to 7:00 PM,Tuesday,5 PM,Kab Dr. Asim se mil sakta?,Thursday at 3 PM.,2038,چیک_دستیاب
2039,Check_Availability,casual,Samir,Dr. Asim,Cardiologist,1500,"MBBS, MD Cardiology, Fellow of American College of Cardiology",15 years,"Asim Heart Clinic, Main Bazaar Road, City Center",3001234567,dr.asim@heartclinic.com,8:00 AM to 7:00 PM,Monday,4 PM,Kab Dr. Asim se mil sakta?,Wednesday at 5 PM.,2039,چیک_دستیاب
2040,Confirmation,formal,Mina,Dr. Asim,Cardiologist,1500,"MBBS, MD Cardiology, Fellow of American College of Cardiology",15 years,"Asim Heart Clinic, Main Bazaar Road, City Center",3001234567,dr.asim@heartclinic.com,8:00 AM to 7:00 PM,Tuesday,4 PM,"Yes, confirm my Dr. Asim appointment.",Your Dr. Asim appointment is confirmed.,2040,تصدیق
2041,Confirmation,formal,Usman,Dr. Asim,Cardiologist,1500,"MBBS, MD Cardiology, Fellow of American College of Cardiology",15 years,"Asim Heart Clinic, Main Bazaar Road, City Center",3001234567,dr.asim@heartclinic.com,8:00 AM to 7:00 PM,Tuesday,11 AM,"Yes, confirm my Dr. Asim appointment.",Your Dr. Asim appointment is confirmed.,2041,تصدیق
2042,Confirmation,formal,Rashid,Dr. Asim,Cardiologist,1500,"MBBS, MD Cardiology, Fellow of American College of Cardiology",15 years,"Asim Heart Clinic, Main Bazaar Road, City Center",3001234567,dr.asim@heartclinic.com,8:00 AM to 7:00 PM,Tuesday,2 PM,"Yes, confirm my Dr. Asim appointment.",Your Dr. Asim appointment is confirmed.,2042,تصدیق
2043,Confirmation,formal,Layla,Dr. Asim,Cardiologist,1500,"MBBS, MD Cardiology, Fellow of American College of Cardiology",15 years,"Asim Heart Clinic, Main Bazaar Road, City Center",3001234567,dr.asim@heartclinic.com,8:00 AM to 7:00 PM,Friday,11 AM,"Yes, confirm my Dr. Asim appointment.",Your Dr. Asim appointment is confirmed.,2043,تصدیق
2044,Confirmation,formal,Sara,Dr. Asim,Cardiologist,1500,"MBBS, MD Cardiology, Fellow of American College of Cardiology",15 years,"Asim Heart Clinic, Main Bazaar Road, City Center",3001234567,dr.asim@heartclinic.com,8:00 AM to 7:00 PM,Friday,10 AM,"Yes, confirm my Dr. Asim appointment.",Your Dr. Asim appointment is confirmed.,2044,تصدیق
2045,Confirmation,formal,Rashid,Dr. Asim,Cardiologist,1500,"MBBS, MD Cardiology, Fellow of American College of Cardiology",15 years,"Asim Heart Clinic, Main Bazaar Road, City Center",3001234567,dr.asim@heartclinic.com,8:00 AM to 7:00 PM,Monday,9 AM,"Yes, confirm my Dr. Asim appointment.",Your Dr. Asim appointment is confirmed.,2045,تصدیق
2046,Confirmation,formal,Mina,Dr. Asim,Cardiologist,1500,"MBBS, MD Cardiology, Fellow of American College of Cardiology",15 years,"Asim Heart Clinic, Main Bazaar Road, City Center",3001234567,dr.asim@heartclinic.com,8:00 AM to 7:00 PM,Wednesday,8 AM,"Yes, confirm my Dr. Asim appointment.",Your Dr. Asim appointment is confirmed.,2046,تصدیق
2047,Confirmation,formal,Ahmed,Dr. Asim,Cardiologist,1500,"MBBS, MD Cardiology, Fellow of American College of Cardiology",15 years,"Asim Heart Clinic, Main Bazaar Road, City Center",3001234567,dr.asim@heartclinic.com,8:00 AM to 7:00 PM,Thursday,3 PM,"Yes, confirm my Dr. Asim appointment.",Your Dr. Asim appointment is confirmed.,2047,تصدیق
2048,Confirmation,formal,Farida,Dr. Asim,Cardiologist,1500,"MBBS, MD Cardiology, Fellow of American College of Cardiology",15 years,"Asim Heart Clinic, Main Bazaar Road, City Center",3001234567,dr.asim@heartclinic.com,8:00 AM to 7:00 PM,Friday,9 AM,"Yes, confirm my Dr. Asim appointment.",Your Dr. Asim appointment is confirmed.,2048,تصدیق
2049,Confirmation,formal,Tariq,Dr. Asim,Cardiologist,1500,"MBBS, MD Cardiology, Fellow of American College of Cardiology",15 years,"Asim Heart Clinic, Main Bazaar Road, City Center",3001234567,dr.asim@heartclinic.com,8:00 AM to 7:00 PM,Tuesday,2 PM,"Yes, confirm my Dr. Asim appointment.",Your Dr. Asim appointment is confirmed.,2049,تصدیق
2050,Confirmation,formal,Faisal,Dr. Asim,Cardiologist,1500,"MBBS, MD Cardiology, Fellow of American College of Cardiology",15 years,"Asim Heart Clinic, Main Bazaar Road, City Center",3001234567,dr.asim@heartclinic.com,8:00 AM to 7:00 PM,Wednesday,10 AM,"Yes, confirm my Dr. Asim appointment.",Your Dr. Asim appointment is confirmed.,2050,تصدیق
2051,Confirmation,formal,Amina,Dr. Asim,Cardiologist,1500,"MBBS, MD Cardiology, Fellow of American College of Cardiology",15 years,"Asim Heart Clinic, Main Bazaar Road, City Center",3001234567,dr.asim@heartclinic.com,8:00 AM to 7:00 PM,Tuesday,3 PM,"Yes, confirm my Dr. Asim appointment.",Your Dr. Asim appointment is confirmed.,2051,تصدیق
2052,Confirmation,formal,Hassan,Dr. Asim,Cardiologist,1500,"MBBS, MD Cardiology, Fellow of American College of Cardiology",15 years,"Asim Heart Clinic, Main Bazaar Road, City Center",3001234567,dr.asim@heartclinic.com,8:00 AM to 7:00 PM,Thursday,5 PM,"Yes, confirm my Dr. Asim appointment.",Your Dr. Asim appointment is confirmed.,2052,تصدیق
2053,Confirmation,formal,Hamza,Dr. Asim,Cardiologist,1500,"MBBS, MD Cardiology, Fellow of American College of Cardiology",15 years,"Asim Heart Clinic, Main Bazaar Road, City Center",3001234567,dr.asim@heartclinic.com,8:00 AM to 7:00 PM,Friday,3 PM,"Yes, confirm my Dr. Asim appointment.",Your Dr. Asim appointment is confirmed.,2053,تصدیق
2054,Confirmation,formal,Tariq,Dr. Asim,Cardiologist,1500,"MBBS, MD Cardiology, Fellow of American College of Cardiology",15 years,"Asim Heart Clinic, Main Bazaar Road, City Center",3001234567,dr.asim@heartclinic.com,8:00 AM to 7:00 PM,Friday,9 AM,"Yes, confirm my Dr. Asim appointment.",Your Dr. Asim appointment is confirmed.,2054,تصدیق
2055,Confirmation,formal,Fatima,Dr. Asim,Cardiologist,1500,"MBBS, MD Cardiology, Fellow of American College of Cardiology",15 years,"Asim Heart Clinic, Main Bazaar Road, City Center",3001234567,dr.asim@heartclinic.com,8:00 AM to 7:00 PM,Friday,11 AM,"Yes, confirm my Dr. Asim appointment.",Your Dr. Asim appointment is confirmed.,2055,تصدیق
2056,Confirmation,formal,Ali,Dr. Asim,Cardiologist,1500,"MBBS, MD Cardiology, Fellow of American College of Cardiology",15 years,"Asim Heart Clinic, Main Bazaar Road, City Center",3001234567,dr.asim@heartclinic.com,8:00 AM to 7:00 PM,Tuesday,8 AM,"Yes, confirm my Dr. Asim appointment.",Your Dr. Asim appointment is confirmed.,2056,تصدیق
2057,Confirmation,formal,Usman,Dr. Asim,Cardiologist,1500,"MBBS, MD Cardiology, Fellow of American College of Cardiology",15 years,"Asim Heart Clinic, Main Bazaar Road, City Center",3001234567,dr.asim@heartclinic.com,8:00 AM to 7:00 PM,Wednesday,5 PM,"Yes, confirm my Dr. Asim appointment.",Your Dr. Asim appointment is confirmed.,2057,تصدیق
2058,Confirmation,formal,Ali,Dr. Asim,Cardiologist,1500,"MBBS, MD Cardiology, Fellow of American College of Cardiology",15 years,"Asim Heart Clinic, Main Bazaar Road, City Center",3001234567,dr.asim@heartclinic.com,8:00 AM to 7:00 PM,Saturday,5 PM,"Yes, confirm my Dr. Asim appointment.",Your Dr. Asim appointment is confirmed.,2058,تصدیق
2059,Confirmation,formal,Usman,Dr. Asim,Cardiologist,1500,"MBBS, MD Cardiology, Fellow of American College of Cardiology",15 years,"Asim Heart Clinic, Main Bazaar Road, City Center",3001234567,dr.asim@heartclinic.com,8:00 AM to 7:00 PM,Thursday,10 AM,"Yes, confirm my Dr. Asim appointment.",Your Dr. Asim appointment is confirmed.,2059,تصدیق
2060,Confirmation,formal,Nida,Dr. Asim,Cardiologist,1500,"MBBS, MD Cardiology, Fellow of American College of Cardiology",15 years,"Asim Heart Clinic, Main Bazaar Road, City Center",3001234567,dr.asim@heartclinic.com,8:00 AM to 7:00 PM,Monday,3 PM,Please confirm my booking with Dr. Asim.,Confirmed!,2060,تصدیق
2061,Confirmation,formal,Sara,Dr. Asim,Cardiologist,1500,"MBBS, MD Cardiology, Fellow of American College of Cardiology",15 years,"Asim Heart Clinic, Main Bazaar Road, City Center",3001234567,dr.asim@heartclinic.com,8:00 AM to 7:00 PM,Thursday,5 PM,Please confirm my booking with Dr. Asim.,Confirmed!,2061,تصدیق
2062,Confirmation,formal,Wasim,Dr. Asim,Cardiologist,1500,"MBBS, MD Cardiology, Fellow of American College of Cardiology",15 years,"Asim Heart Clinic, Main Bazaar Road, City Center",3001234567,dr.asim@heartclinic.com,8:00 AM to 7:00 PM,Tuesday,11 AM,Please confirm my booking with Dr. Asim.,Confirmed!,2062,تصدیق
2063,Confirmation,formal,Hira,Dr. Asim,Cardiologist,1500,"MBBS, MD Cardiology, Fellow of American College of Cardiology",15 years,"Asim Heart Clinic, Main Bazaar Road, City Center",3001234567,dr.asim@heartclinic.com,8:00 AM to 7:00 PM,Tuesday,2 PM,Please confirm my booking with Dr. Asim.,Confirmed!,2063,تصدیق
2064,Confirmation,formal,Nasrin,Dr. Asim,Cardiologist,1500,"MBBS, MD Cardiology, Fellow of American College of Cardiology",15 years,"Asim Heart Clinic, Main Bazaar Road, City Center",3001234567,dr.asim@heartclinic.com,8:00 AM to 7:00 PM,Friday,2 PM,Please confirm my booking with Dr. Asim.,Confirmed!,2064,تصدیق
2065,Confirmation,formal,Hassan,Dr. Asim,Cardiologist,1500,"MBBS, MD Cardiology, Fellow of American College of Cardiology",15 years,"Asim Heart Clinic, Main Bazaar Road, City Center",3001234567,dr.asim@heartclinic.com,8:00 AM to 7:00 PM,Tuesday,2 PM,Please confirm my booking with Dr. Asim.,Confirmed!,2065,تصدیق
2066,Confirmation,formal,Ali,Dr. Asim,Cardiologist,1500,"MBBS, MD Cardiology, Fellow of American College of Cardiology",15 years,"Asim Heart Clinic, Main Bazaar Road, City Center",3001234567,dr.asim@heartclinic.com,8:00 AM to 7:00 PM,Friday,9 AM,Please confirm my booking with Dr. Asim.,Confirmed!,2066,تصدیق
2067,Confirmation,formal,Hamza,Dr. Asim,Cardiologist,1500,"MBBS, MD Cardiology, Fellow of American College of Cardiology",15 years,"Asim Heart Clinic, Main Bazaar Road, City Center",3001234567,dr.asim@heartclinic.com,8:00 AM to 7:00 PM,Monday,2 PM,Please confirm my booking with Dr. Asim.,Confirmed!,2067,تصدیق
2068,Confirmation,formal,Zainab,Dr. Asim,Cardiologist,1500,"MBBS, MD Cardiology, Fellow of American College of Cardiology",15 years,"Asim Heart Clinic, Main Bazaar Road, City Center",3001234567,dr.asim@heartclinic.com,8:00 AM to 7:00 PM,Saturday,3 PM,Please confirm my booking with Dr. Asim.,Confirmed!,2068,تصدیق
2069,Confirmation,formal,Mina,Dr. Asim,Cardiologist,1500,"MBBS, MD Cardiology, Fellow of American College of Cardiology",15 years,"Asim Heart Clinic, Main Bazaar Road, City Center",3001234567,dr.asim@heartclinic.com,8:00 AM to 7:00 PM,Saturday,8 AM,Please confirm my booking with Dr. Asim.,Confirmed!,2069,تصدیق
2070,Confirmation,formal,Hassan,Dr. Asim,Cardiologist,1500,"MBBS, MD Cardiology, Fellow of American College of Cardiology",15 years,"Asim Heart Clinic, Main Bazaar Road, City Center",3001234567,dr.asim@heartclinic.com,8:00 AM to 7:00 PM,Wednesday,9 AM,Please confirm my booking with Dr. Asim.,Confirmed!,2070,تصدیق
2071,Confirmation,formal,Aisha,Dr. Asim,Cardiologist,1500,"MBBS, MD Cardiology, Fellow of American College of Cardiology",15 years,"Asim Heart Clinic, Main Bazaar Road, City Center",3001234567,dr.asim@heartclinic.com,8:00 AM to 7:00 PM,Thursday,3 PM,Please confirm my booking with Dr. Asim.,Confirmed!,2071,تصدیق
2072,Confirmation,formal,Ahmed,Dr. Asim,Cardiologist,1500,"MBBS, MD Cardiology, Fellow of American College of Cardiology",15 years,"Asim Heart Clinic, Main Bazaar Road, City Center",3001234567,dr.asim@heartclinic.com,8:00 AM to 7:00 PM,Friday,10 AM,Please confirm my booking with Dr. Asim.,Confirmed!,2072,تصدیق
2073,Confirmation,formal,Nida,Dr. Asim,Cardiologist,1500,"MBBS, MD Cardiology, Fellow of American College of Cardiology",15 years,"Asim Heart Clinic, Main Bazaar Road, City Center",3001234567,dr.asim@heartclinic.com,8:00 AM to 7:00 PM,Saturday,8 AM,Please confirm my booking with Dr. Asim.,Confirmed!,2073,تصدیق
2074,Confirmation,formal,Salim,Dr. Asim,Cardiologist,1500,"MBBS, MD Cardiology, Fellow of American College of Cardiology",15 years,"Asim Heart Clinic, Main Bazaar Road, City Center",3001234567,dr.asim@heartclinic.com,8:00 AM to 7:00 PM,Tuesday,5 PM,Please confirm my booking with Dr. Asim.,Confirmed!,2074,تصدیق
2075,Confirmation,formal,Hassan,Dr. Asim,Cardiologist,1500,"MBBS, MD Cardiology, Fellow of American College of Cardiology",15 years,"Asim Heart Clinic, Main Bazaar Road, City Center",3001234567,dr.asim@heartclinic.com,8:00 AM to 7:00 PM,Saturday,11 AM,Please confirm my booking with Dr. Asim.,Confirmed!,2075,تصدیق
2076,Confirmation,formal,Rukhsana,Dr. Asim,Cardiologist,1500,"MBBS, MD Cardiology, Fellow of American College of Cardiology",15 years,"Asim Heart Clinic, Main Bazaar Road, City Center",3001234567,dr.asim@heartclinic.com,8:00 AM to 7:00 PM,Friday,3 PM,Please confirm my booking with Dr. Asim.,Confirmed!,2076,تصدیق
2077,Confirmation,formal,Malik,Dr. Asim,Cardiologist,1500,"MBBS, MD Cardiology, Fellow of American College of Cardiology",15 years,"Asim Heart Clinic, Main Bazaar Road, City Center",3001234567,dr.asim@heartclinic.com,8:00 AM to 7:00 PM,Tuesday,9 AM,Please confirm my booking with Dr. Asim.,Confirmed!,2077,تصدیق
2078,Confirmation,formal,Karim,Dr. Asim,Cardiologist,1500,"MBBS, MD Cardiology, Fellow of American College of Cardiology",15 years,"Asim Heart Clinic, Main Bazaar Road, City Center",3001234567,dr.asim@heartclinic.com,8:00 AM to 7:00 PM,Thursday,4 PM,Please confirm my booking with Dr. Asim.,Confirmed!,2078,تصدیق
2079,Confirmation,formal,Samir,Dr. Asim,Cardiologist,1500,"MBBS, MD Cardiology, Fellow of American College of Cardiology",15 years,"Asim Heart Clinic, Main Bazaar Road, City Center",3001234567,dr.asim@heartclinic.com,8:00 AM to 7:00 PM,Friday,10 AM,Please confirm my booking with Dr. Asim.,Confirmed!,2079,تصدیق
2080,Confirmation,formal,Hassan,Dr. Asim,Cardiologist,1500,"MBBS, MD Cardiology, Fellow of American College of Cardiology",15 years,"Asim Heart Clinic, Main Bazaar Road, City Center",3001234567,dr.asim@heartclinic.com,8:00 AM to 7:00 PM,Thursday,3 PM,Confirm my consultation with Dr. Asim.,Your appointment is confirmed!,2080,تصدیق
2081,Confirmation,formal,Sara,Dr. Asim,Cardiologist,1500,"MBBS, MD Cardiology, Fellow of American College of Cardiology",15 years,"Asim Heart Clinic, Main Bazaar Road, City Center",3001234567,dr.asim@heartclinic.com,8:00 AM to 7:00 PM,Monday,4 PM,Confirm my consultation with Dr. Asim.,Your appointment is confirmed!,2081,تصدیق
2082,Confirmation,formal,Usman,Dr. Asim,Cardiologist,1500,"MBBS, MD Cardiology, Fellow of American College of Cardiology",15 years,"Asim Heart Clinic, Main Bazaar Road, City Center",3001234567,dr.asim@heartclinic.com,8:00 AM to 7:00 PM,Tuesday,10 AM,Confirm my consultation with Dr. Asim.,Your appointment is confirmed!,2082,تصدیق
2083,Confirmation,formal,Tariq,Dr. Asim,Cardiologist,1500,"MBBS, MD Cardiology, Fellow of American College of Cardiology",15 years,"Asim Heart Clinic, Main Bazaar Road, City Center",3001234567,dr.asim@heartclinic.com,8:00 AM to 7:00 PM,Thursday,10 AM,Confirm my consultation with Dr. Asim.,Your appointment is confirmed!,2083,تصدیق
2084,Confirmation,formal,Farida,Dr. Asim,Cardiologist,1500,"MBBS, MD Cardiology, Fellow of American College of Cardiology",15 years,"Asim Heart Clinic, Main Bazaar Road, City Center",3001234567,dr.asim@heartclinic.com,8:00 AM to 7:00 PM,Friday,3 PM,Confirm my consultation with Dr. Asim.,Your appointment is confirmed!,2084,تصدیق
2085,Confirmation,formal,Fatima,Dr. Asim,Cardiologist,1500,"MBBS, MD Cardiology, Fellow of American College of Cardiology",15 years,"Asim Heart Clinic, Main Bazaar Road, City Center",3001234567,dr.asim@heartclinic.com,8:00 AM to 7:00 PM,Thursday,11 AM,Confirm my consultation with Dr. Asim.,Your appointment is confirmed!,2085,تصدیق
2086,Confirmation,formal,Layla,Dr. Asim,Cardiologist,1500,"MBBS, MD Cardiology, Fellow of American College of Cardiology",15 years,"Asim Heart Clinic, Main Bazaar Road, City Center",3001234567,dr.asim@heartclinic.com,8:00 AM to 7:00 PM,Thursday,3 PM,Confirm my consultation with Dr. Asim.,Your appointment is confirmed!,2086,تصدیق
2087,Confirmation,formal,Samir,Dr. Asim,Cardiologist,1500,"MBBS, MD Cardiology, Fellow of American College of Cardiology",15 years,"Asim Heart Clinic, Main Bazaar Road, City Center",3001234567,dr.asim@heartclinic.com,8:00 AM to 7:00 PM,Wednesday,10 AM,Confirm my consultation with Dr. Asim.,Your appointment is confirmed!,2087,تصدیق
2088,Confirmation,formal,Hamza,Dr. Asim,Cardiologist,1500,"MBBS, MD Cardiology, Fellow of American College of Cardiology",15 years,"Asim Heart Clinic, Main Bazaar Road, City Center",3001234567,dr.asim@heartclinic.com,8:00 AM to 7:00 PM,Monday,10 AM,Confirm my consultation with Dr. Asim.,Your appointment is confirmed!,2088,تصدیق
2089,Confirmation,formal,Sara,Dr. Asim,Cardiologist,1500,"MBBS, MD Cardiology, Fellow of American College of Cardiology",15 years,"Asim Heart Clinic, Main Bazaar Road, City Center",3001234567,dr.asim@heartclinic.com,8:00 AM to 7:00 PM,Tuesday,3 PM,Confirm my consultation with Dr. Asim.,Your appointment is confirmed!,2089,تصدیق
2090,Confirmation,formal,Ali,Dr. Asim,Cardiologist,1500,"MBBS, MD Cardiology, Fellow of American College of Cardiology",15 years,"Asim Heart Clinic, Main Bazaar Road, City Center",3001234567,dr.asim@heartclinic.com,8:00 AM to 7:00 PM,Wednesday,8 AM,Confirm my consultation with Dr. Asim.,Your appointment is confirmed!,2090,تصدیق
2091,Confirmation,formal,Wasim,Dr. Asim,Cardiologist,1500,"MBBS, MD Cardiology, Fellow of American College of Cardiology",15 years,"Asim Heart Clinic, Main Bazaar Road, City Center",3001234567,dr.asim@heartclinic.com,8:00 AM to 7:00 PM,Saturday,5 PM,Confirm my consultation with Dr. Asim.,Your appointment is confirmed!,2091,تصدیق
2092,Confirmation,formal,Farida,Dr. Asim,Cardiologist,1500,"MBBS, MD Cardiology, Fellow of American College of Cardiology",15 years,"Asim Heart Clinic, Main Bazaar Road, City Center",3001234567,dr.asim@heartclinic.com,8:00 AM to 7:00 PM,Wednesday,9 AM,Confirm my consultation with Dr. Asim.,Your appointment is confirmed!,2092,تصدیق
2093,Confirmation,formal,Wasim,Dr. Asim,Cardiologist,1500,"MBBS, MD Cardiology, Fellow of American College of Cardiology",15 years,"Asim Heart Clinic, Main Bazaar Road, City Center",3001234567,dr.asim@heartclinic.com,8:00 AM to 7:00 PM,Monday,8 AM,Confirm my consultation with Dr. Asim.,Your appointment is confirmed!,2093,تصدیق
2094,Confirmation,formal,Ahmed,Dr. Asim,Cardiologist,1500,"MBBS, MD Cardiology, Fellow of American College of Cardiology",15 years,"Asim Heart Clinic, Main Bazaar Road, City Center",3001234567,dr.asim@heartclinic.com,8:00 AM to 7:00 PM,Monday,10 AM,Confirm my consultation with Dr. Asim.,Your appointment is confirmed!,2094,تصدیق
2095,Confirmation,formal,Amina,Dr. Asim,Cardiologist,1500,"MBBS, MD Cardiology, Fellow of American College of Cardiology",15 years,"Asim Heart Clinic, Main Bazaar Road, City Center",3001234567,dr.asim@heartclinic.com,8:00 AM to 7:00 PM,Wednesday,11 AM,Confirm my consultation with Dr. Asim.,Your appointment is confirmed!,2095,تصدیق
2096,Confirmation,formal,Ayesha,Dr. Asim,Cardiologist,1500,"MBBS, MD Cardiology, Fellow of American College of Cardiology",15 years,"Asim Heart Clinic, Main Bazaar Road, City Center",3001234567,dr.asim@heartclinic.com,8:00 AM to 7:00 PM,Monday,10 AM,Confirm my consultation with Dr. Asim.,Your appointment is confirmed!,2096,تصدیق
2097,Confirmation,formal,Usman,Dr. Asim,Cardiologist,1500,"MBBS, MD Cardiology, Fellow of American College of Cardiology",15 years,"Asim Heart Clinic, Main Bazaar Road, City Center",3001234567,dr.asim@heartclinic.com,8:00 AM to 7:00 PM,Saturday,9 AM,Confirm my consultation with Dr. Asim.,Your appointment is confirmed!,2097,تصدیق
2098,Confirmation,formal,Rukhsana,Dr. Asim,Cardiologist,1500,"MBBS, MD Cardiology, Fellow of American College of Cardiology",15 years,"Asim Heart Clinic, Main Bazaar Road, City Center",3001234567,dr.asim@heartclinic.com,8:00 AM to 7:00 PM,Tuesday,5 PM,Confirm my consultation with Dr. Asim.,Your appointment is confirmed!,2098,تصدیق
2099,Confirmation,formal,Ali,Dr. Asim,Cardiologist,1500,"MBBS, MD Cardiology, Fellow of American College of Cardiology",15 years,"Asim Heart Clinic, Main Bazaar Road, City Center",3001234567,dr.asim@heartclinic.com,8:00 AM to 7:00 PM,Friday,5 PM,Confirm my consultation with Dr. Asim.,Your appointment is confirmed!,2099,تصدیق
2100,Confirmation,casual,Ahmed,Dr. Asim,Cardiologist,1500,"MBBS, MD Cardiology, Fellow of American College of Cardiology",15 years,"Asim Heart Clinic, Main Bazaar Road, City Center",3001234567,dr.asim@heartclinic.com,8:00 AM to 7:00 PM,Wednesday,10 AM,Haan Dr. Asim ka confirm kar de.,"Bilkul, confirm ho gaya.",2100,تصدیق
2101,Confirmation,casual,Rashid,Dr. Asim,Cardiologist,1500,"MBBS, MD Cardiology, Fellow of American College of Cardiology",15 years,"Asim Heart Clinic, Main Bazaar Road, City Center",3001234567,dr.asim@heartclinic.com,8:00 AM to 7:00 PM,Thursday,4 PM,Haan Dr. Asim ka confirm kar de.,"Bilkul, confirm ho gaya.",2101,تصدیق
2102,Confirmation,casual,Bilal,Dr. Asim,Cardiologist,1500,"MBBS, MD Cardiology, Fellow of American College of Cardiology",15 years,"Asim Heart Clinic, Main Bazaar Road, City Center",3001234567,dr.asim@heartclinic.com,8:00 AM to 7:00 PM,Saturday,3 PM,Haan Dr. Asim ka confirm kar de.,"Bilkul, confirm ho gaya.",2102,تصدیق
2103,Confirmation,casual,Nida,Dr. Asim,Cardiologist,1500,"MBBS, MD Cardiology, Fellow of American College of Cardiology",15 years,"Asim Heart Clinic, Main Bazaar Road, City Center",3001234567,dr.asim@heartclinic.com,8:00 AM to 7:00 PM,Monday,2 PM,Haan Dr. Asim ka confirm kar de.,"Bilkul, confirm ho gaya.",2103,تصدیق
2104,Confirmation,casual,Karim,Dr. Asim,Cardiologist,1500,"MBBS, MD Cardiology, Fellow of American College of Cardiology",15 years,"Asim Heart Clinic, Main Bazaar Road, City Center",3001234567,dr.asim@heartclinic.com,8:00 AM to 7:00 PM,Monday,4 PM,Haan Dr. Asim ka confirm kar de.,"Bilkul, confirm ho gaya.",2104,تصدیق
2105,Confirmation,casual,Layla,Dr. Asim,Cardiologist,1500,"MBBS, MD Cardiology, Fellow of American College of Cardiology",15 years,"Asim Heart Clinic, Main Bazaar Road, City Center",3001234567,dr.asim@heartclinic.com,8:00 AM to 7:00 PM,Tuesday,2 PM,Haan Dr. Asim ka confirm kar de.,"Bilkul, confirm ho gaya.",2105,تصدیق
2106,Confirmation,casual,Karim,Dr. Asim,Cardiologist,1500,"MBBS, MD Cardiology, Fellow of American College of Cardiology",15 years,"Asim Heart Clinic, Main Bazaar Road, City Center",3001234567,dr.asim@heartclinic.com,8:00 AM to 7:00 PM,Saturday,5 PM,Haan Dr. Asim ka confirm kar de.,"Bilkul, confirm ho gaya.",2106,تصدیق
2107,Confirmation,casual,Hamza,Dr. Asim,Cardiologist,1500,"MBBS, MD Cardiology, Fellow of American College of Cardiology",15 years,"Asim Heart Clinic, Main Bazaar Road, City Center",3001234567,dr.asim@heartclinic.com,8:00 AM to 7:00 PM,Tuesday,9 AM,Haan Dr. Asim ka confirm kar de.,"Bilkul, confirm ho gaya.",2107,تصدیق
2108,Confirmation,casual,Nida,Dr. Asim,Cardiologist,1500,"MBBS, MD Cardiology, Fellow of American College of Cardiology",15 years,"Asim Heart Clinic, Main Bazaar Road, City Center",3001234567,dr.asim@heartclinic.com,8:00 AM to 7:00 PM,Monday,4 PM,Haan Dr. Asim ka confirm kar de.,"Bilkul, confirm ho gaya.",2108,تصدیق
2109,Confirmation,casual,Amina,Dr. Asim,Cardiologist,1500,"MBBS, MD Cardiology, Fellow of American College of Cardiology",15 years,"Asim Heart Clinic, Main Bazaar Road, City Center",3001234567,dr.asim@heartclinic.com,8:00 AM to 7:00 PM,Saturday,11 AM,Haan Dr. Asim ka confirm kar de.,"Bilkul, confirm ho gaya.",2109,تصدیق
2110,Confirmation,casual,Ahmed,Dr. Asim,Cardiologist,1500,"MBBS, MD Cardiology, Fellow of American College of Cardiology",15 years,"Asim Heart Clinic, Main Bazaar Road, City Center",3001234567,dr.asim@heartclinic.com,8:00 AM to 7:00 PM,Saturday,9 AM,Haan Dr. Asim ka confirm kar de.,"Bilkul, confirm ho gaya.",2110,تصدیق
2111,Confirmation,casual,Hassan,Dr. Asim,Cardiologist,1500,"MBBS, MD Cardiology, Fellow of American College of Cardiology",15 years,"Asim Heart Clinic, Main Bazaar Road, City Center",3001234567,dr.asim@heartclinic.com,8:00 AM to 7:00 PM,Tuesday,8 AM,Haan Dr. Asim ka confirm kar de.,"Bilkul, confirm ho gaya.",2111,تصدیق
2112,Confirmation,casual,Hamza,Dr. Asim,Cardiologist,1500,"MBBS, MD Cardiology, Fellow of American College of Cardiology",15 years,"Asim Heart Clinic, Main Bazaar Road, City Center",3001234567,dr.asim@heartclinic.com,8:00 AM to 7:00 PM,Tuesday,10 AM,Haan Dr. Asim ka confirm kar de.,"Bilkul, confirm ho gaya.",2112,تصدیق
2113,Confirmation,casual,Aisha,Dr. Asim,Cardiologist,1500,"MBBS, MD Cardiology, Fellow of American College of Cardiology",15 years,"Asim Heart Clinic, Main Bazaar Road, City Center",3001234567,dr.asim@heartclinic.com,8:00 AM to 7:00 PM,Monday,8 AM,Haan Dr. Asim ka confirm kar de.,"Bilkul, confirm ho gaya.",2113,تصدیق
2114,Confirmation,casual,Hassan,Dr. Asim,Cardiologist,1500,"MBBS, MD Cardiology, Fellow of American College of Cardiology",15 years,"Asim Heart Clinic, Main Bazaar Road, City Center",3001234567,dr.asim@heartclinic.com,8:00 AM to 7:00 PM,Wednesday,9 AM,Haan Dr. Asim ka confirm kar de.,"Bilkul, confirm ho gaya.",2114,تصدیق
2115,Confirmation,casual,Hira,Dr. Asim,Cardiologist,1500,"MBBS, MD Cardiology, Fellow of American College of Cardiology",15 years,"Asim Heart Clinic, Main Bazaar Road, City Center",3001234567,dr.asim@heartclinic.com,8:00 AM to 7:00 PM,Tuesday,9 AM,Haan Dr. Asim ka confirm kar de.,"Bilkul, confirm ho gaya.",2115,تصدیق
2116,Confirmation,casual,Mina,Dr. Asim,Cardiologist,1500,"MBBS, MD Cardiology, Fellow of American College of Cardiology",15 years,"Asim Heart Clinic, Main Bazaar Road, City Center",3001234567,dr.asim@heartclinic.com,8:00 AM to 7:00 PM,Saturday,9 AM,Haan Dr. Asim ka confirm kar de.,"Bilkul, confirm ho gaya.",2116,تصدیق
2117,Confirmation,casual,Fatima,Dr. Asim,Cardiologist,1500,"MBBS, MD Cardiology, Fellow of American College of Cardiology",15 years,"Asim Heart Clinic, Main Bazaar Road, City Center",3001234567,dr.asim@heartclinic.com,8:00 AM to 7:00 PM,Friday,4 PM,Haan Dr. Asim ka confirm kar de.,"Bilkul, confirm ho gaya.",2117,تصدیق
2118,Confirmation,casual,Nasrin,Dr. Asim,Cardiologist,1500,"MBBS, MD Cardiology, Fellow of American College of Cardiology",15 years,"Asim Heart Clinic, Main Bazaar Road, City Center",3001234567,dr.asim@heartclinic.com,8:00 AM to 7:00 PM,Saturday,5 PM,Haan Dr. Asim ka confirm kar de.,"Bilkul, confirm ho gaya.",2118,تصدیق
2119,Confirmation,casual,Hassan,Dr. Asim,Cardiologist,1500,"MBBS, MD Cardiology, Fellow of American College of Cardiology",15 years,"Asim Heart Clinic, Main Bazaar Road, City Center",3001234567,dr.asim@heartclinic.com,8:00 AM to 7:00 PM,Monday,3 PM,Haan Dr. Asim ka confirm kar de.,"Bilkul, confirm ho gaya.",2119,تصدیق
2120,Confirmation,casual,Amina,Dr. Asim,Cardiologist,1500,"MBBS, MD Cardiology, Fellow of American College of Cardiology",15 years,"Asim Heart Clinic, Main Bazaar Road, City Center",3001234567,dr.asim@heartclinic.com,8:00 AM to 7:00 PM,Thursday,4 PM,Dr. Asim se appointment book kar de.,"Ok, confirmed.",2120,تصدیق
2121,Confirmation,casual,Amina,Dr. Asim,Cardiologist,1500,"MBBS, MD Cardiology, Fellow of American College of Cardiology",15 years,"Asim Heart Clinic, Main Bazaar Road, City Center",3001234567,dr.asim@heartclinic.com,8:00 AM to 7:00 PM,Monday,3 PM,Dr. Asim se appointment book kar de.,"Ok, confirmed.",2121,تصدیق
2122,Confirmation,casual,Nasrin,Dr. Asim,Cardiologist,1500,"MBBS, MD Cardiology, Fellow of American College of Cardiology",15 years,"Asim Heart Clinic, Main Bazaar Road, City Center",3001234567,dr.asim@heartclinic.com,8:00 AM to 7:00 PM,Thursday,5 PM,Dr. Asim se appointment book kar de.,"Ok, confirmed.",2122,تصدیق
2123,Confirmation,casual,Hira,Dr. Asim,Cardiologist,1500,"MBBS, MD Cardiology, Fellow of American College of Cardiology",15 years,"Asim Heart Clinic, Main Bazaar Road, City Center",3001234567,dr.asim@heartclinic.com,8:00 AM to 7:00 PM,Saturday,10 AM,Dr. Asim se appointment book kar de.,"Ok, confirmed.",2123,تصدیق
2124,Confirmation,casual,Layla,Dr. Asim,Cardiologist,1500,"MBBS, MD Cardiology, Fellow of American College of Cardiology",15 years,"Asim Heart Clinic, Main Bazaar Road, City Center",3001234567,dr.asim@heartclinic.com,8:00 AM to 7:00 PM,Wednesday,11 AM,Dr. Asim se appointment book kar de.,"Ok, confirmed.",2124,تصدیق
2125,Confirmation,casual,Ayesha,Dr. Asim,Cardiologist,1500,"MBBS, MD Cardiology, Fellow of American College of Cardiology",15 years,"Asim Heart Clinic, Main Bazaar Road, City Center",3001234567,dr.asim@heartclinic.com,8:00 AM to 7:00 PM,Wednesday,3 PM,Dr. Asim se appointment book kar de.,"Ok, confirmed.",2125,تصدیق
2126,Confirmation,casual,Nida,Dr. Asim,Cardiologist,1500,"MBBS, MD Cardiology, Fellow of American College of Cardiology",15 years,"Asim Heart Clinic, Main Bazaar Road, City Center",3001234567,dr.asim@heartclinic.com,8:00 AM to 7:00 PM,Friday,2 PM,Dr. Asim se appointment book kar de.,"Ok, confirmed.",2126,تصدیق
2127,Confirmation,casual,Farida,Dr. Asim,Cardiologist,1500,"MBBS, MD Cardiology, Fellow of American College of Cardiology",15 years,"Asim Heart Clinic, Main Bazaar Road, City Center",3001234567,dr.asim@heartclinic.com,8:00 AM to 7:00 PM,Monday,9 AM,Dr. Asim se appointment book kar de.,"Ok, confirmed.",2127,تصدیق
2128,Confirmation,casual,Hira,Dr. Asim,Cardiologist,1500,"MBBS, MD Cardiology, Fellow of American College of Cardiology",15 years,"Asim Heart Clinic, Main Bazaar Road, City Center",3001234567,dr.asim@heartclinic.com,8:00 AM to 7:00 PM,Wednesday,4 PM,Dr. Asim se appointment book kar de.,"Ok, confirmed.",2128,تصدیق
2129,Confirmation,casual,Amina,Dr. Asim,Cardiologist,1500,"MBBS, MD Cardiology, Fellow of American College of Cardiology",15 years,"Asim Heart Clinic, Main Bazaar Road, City Center",3001234567,dr.asim@heartclinic.com,8:00 AM to 7:00 PM,Monday,11 AM,Dr. Asim se appointment book kar de.,"Ok, confirmed.",2129,تصدیق
2130,Confirmation,casual,Aisha,Dr. Asim,Cardiologist,1500,"MBBS, MD Cardiology, Fellow of American College of Cardiology",15 years,"Asim Heart Clinic, Main Bazaar Road, City Center",3001234567,dr.asim@heartclinic.com,8:00 AM to 7:00 PM,Monday,11 AM,Dr. Asim se appointment book kar de.,"Ok, confirmed.",2130,تصدیق
2131,Confirmation,casual,Noor,Dr. Asim,Cardiologist,1500,"MBBS, MD Cardiology, Fellow of American College of Cardiology",15 years,"Asim Heart Clinic, Main Bazaar Road, City Center",3001234567,dr.asim@heartclinic.com,8:00 AM to 7:00 PM,Monday,2 PM,Dr. Asim se appointment book kar de.,"Ok, confirmed.",2131,تصدیق
2132,Confirmation,casual,Karim,Dr. Asim,Cardiologist,1500,"MBBS, MD Cardiology, Fellow of American College of Cardiology",15 years,"Asim Heart Clinic, Main Bazaar Road, City Center",3001234567,dr.asim@heartclinic.com,8:00 AM to 7:00 PM,Tuesday,10 AM,Dr. Asim se appointment book kar de.,"Ok, confirmed.",2132,تصدیق
2133,Confirmation,casual,Rukhsana,Dr. Asim,Cardiologist,1500,"MBBS, MD Cardiology, Fellow of American College of Cardiology",15 years,"Asim Heart Clinic, Main Bazaar Road, City Center",3001234567,dr.asim@heartclinic.com,8:00 AM to 7:00 PM,Saturday,10 AM,Dr. Asim se appointment book kar de.,"Ok, confirmed.",2133,تصدیق
2134,Confirmation,casual,Zainab,Dr. Asim,Cardiologist,1500,"MBBS, MD Cardiology, Fellow of American College of Cardiology",15 years,"Asim Heart Clinic, Main Bazaar Road, City Center",3001234567,dr.asim@heartclinic.com,8:00 AM to 7:00 PM,Wednesday,4 PM,Dr. Asim se appointment book kar de.,"Ok, confirmed.",2134,تصدیق
2135,Confirmation,casual,Faisal,Dr. Asim,Cardiologist,1500,"MBBS, MD Cardiology, Fellow of American College of Cardiology",15 years,"Asim Heart Clinic, Main Bazaar Road, City Center",3001234567,dr.asim@heartclinic.com,8:00 AM to 7:00 PM,Friday,2 PM,Dr. Asim se appointment book kar de.,"Ok, confirmed.",2135,تصدیق
2136,Confirmation,casual,Tariq,Dr. Asim,Cardiologist,1500,"MBBS, MD Cardiology, Fellow of American College of Cardiology",15 years,"Asim Heart Clinic, Main Bazaar Road, City Center",3001234567,dr.asim@heartclinic.com,8:00 AM to 7:00 PM,Monday,3 PM,Dr. Asim se appointment book kar de.,"Ok, confirmed.",2136,تصدیق
2137,Confirmation,casual,Sana,Dr. Asim,Cardiologist,1500,"MBBS, MD Cardiology, Fellow of American College of Cardiology",15 years,"Asim Heart Clinic, Main Bazaar Road, City Center",3001234567,dr.asim@heartclinic.com,8:00 AM to 7:00 PM,Saturday,5 PM,Dr. Asim se appointment book kar de.,"Ok, confirmed.",2137,تصدیق
2138,Confirmation,casual,Sara,Dr. Asim,Cardiologist,1500,"MBBS, MD Cardiology, Fellow of American College of Cardiology",15 years,"Asim Heart Clinic, Main Bazaar Road, City Center",3001234567,dr.asim@heartclinic.com,8:00 AM to 7:00 PM,Wednesday,4 PM,Dr. Asim se appointment book kar de.,"Ok, confirmed.",2138,تصدیق
2139,Confirmation,casual,Samir,Dr. Asim,Cardiologist,1500,"MBBS, MD Cardiology, Fellow of American College of Cardiology",15 years,"Asim Heart Clinic, Main Bazaar Road, City Center",3001234567,dr.asim@heartclinic.com,8:00 AM to 7:00 PM,Thursday,10 AM,Dr. Asim se appointment book kar de.,"Ok, confirmed.",2139,تصدیق
2140,Confirmation,casual,Hamza,Dr. Asim,Cardiologist,1500,"MBBS, MD Cardiology, Fellow of American College of Cardiology",15 years,"Asim Heart Clinic, Main Bazaar Road, City Center",3001234567,dr.asim@heartclinic.com,8:00 AM to 7:00 PM,Monday,11 AM,"Yes yes, Dr. Asim ke sath book kar de.","Done, confirmed!",2140,تصدیق
2141,Confirmation,casual,Bilal,Dr. Asim,Cardiologist,1500,"MBBS, MD Cardiology, Fellow of American College of Cardiology",15 years,"Asim Heart Clinic, Main Bazaar Road, City Center",3001234567,dr.asim@heartclinic.com,8:00 AM to 7:00 PM,Tuesday,9 AM,"Yes yes, Dr. Asim ke sath book kar de.","Done, confirmed!",2141,تصدیق
2142,Confirmation,casual,Fatima,Dr. Asim,Cardiologist,1500,"MBBS, MD Cardiology, Fellow of American College of Cardiology",15 years,"Asim Heart Clinic, Main Bazaar Road, City Center",3001234567,dr.asim@heartclinic.com,8:00 AM to 7:00 PM,Friday,8 AM,"Yes yes, Dr. Asim ke sath book kar de.","Done, confirmed!",2142,تصدیق
2143,Confirmation,casual,Rashid,Dr. Asim,Cardiologist,1500,"MBBS, MD Cardiology, Fellow of American College of Cardiology",15 years,"Asim Heart Clinic, Main Bazaar Road, City Center",3001234567,dr.asim@heartclinic.com,8:00 AM to 7:00 PM,Monday,4 PM,"Yes yes, Dr. Asim ke sath book kar de.","Done, confirmed!",2143,تصدیق
2144,Confirmation,casual,Faisal,Dr. Asim,Cardiologist,1500,"MBBS, MD Cardiology, Fellow of American College of Cardiology",15 years,"Asim Heart Clinic, Main Bazaar Road, City Center",3001234567,dr.asim@heartclinic.com,8:00 AM to 7:00 PM,Saturday,3 PM,"Yes yes, Dr. Asim ke sath book kar de.","Done, confirmed!",2144,تصدیق
2145,Confirmation,casual,Nasrin,Dr. Asim,Cardiologist,1500,"MBBS, MD Cardiology, Fellow of American College of Cardiology",15 years,"Asim Heart Clinic, Main Bazaar Road, City Center",3001234567,dr.asim@heartclinic.com,8:00 AM to 7:00 PM,Friday,4 PM,"Yes yes, Dr. Asim ke sath book kar de.","Done, confirmed!",2145,تصدیق
2146,Confirmation,casual,Salim,Dr. Asim,Cardiologist,1500,"MBBS, MD Cardiology, Fellow of American College of Cardiology",15 years,"Asim Heart Clinic, Main Bazaar Road, City Center",3001234567,dr.asim@heartclinic.com,8:00 AM to 7:00 PM,Friday,3 PM,"Yes yes, Dr. Asim ke sath book kar de.","Done, confirmed!",2146,تصدیق
2147,Confirmation,casual,Salim,Dr. Asim,Cardiologist,1500,"MBBS, MD Cardiology, Fellow of American College of Cardiology",15 years,"Asim Heart Clinic, Main Bazaar Road, City Center",3001234567,dr.asim@heartclinic.com,8:00 AM to 7:00 PM,Thursday,3 PM,"Yes yes, Dr. Asim ke sath book kar de.","Done, confirmed!",2147,تصدیق
2148,Confirmation,casual,Layla,Dr. Asim,Cardiologist,1500,"MBBS, MD Cardiology, Fellow of American College of Cardiology",15 years,"Asim Heart Clinic, Main Bazaar Road, City Center",3001234567,dr.asim@heartclinic.com,8:00 AM to 7:00 PM,Friday,9 AM,"Yes yes, Dr. Asim ke sath book kar de.","Done, confirmed!",2148,تصدیق
2149,Confirmation,casual,Sara,Dr. Asim,Cardiologist,1500,"MBBS, MD Cardiology, Fellow of American College of Cardiology",15 years,"Asim Heart Clinic, Main Bazaar Road, City Center",3001234567,dr.asim@heartclinic.com,8:00 AM to 7:00 PM,Thursday,2 PM,"Yes yes, Dr. Asim ke sath book kar de.","Done, confirmed!",2149,تصدیق
2150,Confirmation,casual,Ayesha,Dr. Asim,Cardiologist,1500,"MBBS, MD Cardiology, Fellow of American College of Cardiology",15 years,"Asim Heart Clinic, Main Bazaar Road, City Center",3001234567,dr.asim@heartclinic.com,8:00 AM to 7:00 PM,Saturday,8 AM,"Yes yes, Dr. Asim ke sath book kar de.","Done, confirmed!",2150,تصدیق
2151,Confirmation,casual,Tariq,Dr. Asim,Cardiologist,1500,"MBBS, MD Cardiology, Fellow of American College of Cardiology",15 years,"Asim Heart Clinic, Main Bazaar Road, City Center",3001234567,dr.asim@heartclinic.com,8:00 AM to 7:00 PM,Wednesday,2 PM,"Yes yes, Dr. Asim ke sath book kar de.","Done, confirmed!",2151,تصدیق
2152,Confirmation,casual,Amina,Dr. Asim,Cardiologist,1500,"MBBS, MD Cardiology, Fellow of American College of Cardiology",15 years,"Asim Heart Clinic, Main Bazaar Road, City Center",3001234567,dr.asim@heartclinic.com,8:00 AM to 7:00 PM,Friday,11 AM,"Yes yes, Dr. Asim ke sath book kar de.","Done, confirmed!",2152,تصدیق
2153,Confirmation,casual,Hassan,Dr. Asim,Cardiologist,1500,"MBBS, MD Cardiology, Fellow of American College of Cardiology",15 years,"Asim Heart Clinic, Main Bazaar Road, City Center",3001234567,dr.asim@heartclinic.com,8:00 AM to 7:00 PM,Saturday,9 AM,"Yes yes, Dr. Asim ke sath book kar de.","Done, confirmed!",2153,تصدیق
2154,Confirmation,casual,Sara,Dr. Asim,Cardiologist,1500,"MBBS, MD Cardiology, Fellow of American College of Cardiology",15 years,"Asim Heart Clinic, Main Bazaar Road, City Center",3001234567,dr.asim@heartclinic.com,8:00 AM to 7:00 PM,Saturday,5 PM,"Yes yes, Dr. Asim ke sath book kar de.","Done, confirmed!",2154,تصدیق
2155,Confirmation,casual,Rukhsana,Dr. Asim,Cardiologist,1500,"MBBS, MD Cardiology, Fellow of American College of Cardiology",15 years,"Asim Heart Clinic, Main Bazaar Road, City Center",3001234567,dr.asim@heartclinic.com,8:00 AM to 7:00 PM,Friday,3 PM,"Yes yes, Dr. Asim ke sath book kar de.","Done, confirmed!",2155,تصدیق
2156,Confirmation,casual,Layla,Dr. Asim,Cardiologist,1500,"MBBS, MD Cardiology, Fellow of American College of Cardiology",15 years,"Asim Heart Clinic, Main Bazaar Road, City Center",3001234567,dr.asim@heartclinic.com,8:00 AM to 7:00 PM,Saturday,3 PM,"Yes yes, Dr. Asim ke sath book kar de.","Done, confirmed!",2156,تصدیق
2157,Confirmation,casual,Ayesha,Dr. Asim,Cardiologist,1500,"MBBS, MD Cardiology, Fellow of American College of Cardiology",15 years,"Asim Heart Clinic, Main Bazaar Road, City Center",3001234567,dr.asim@heartclinic.com,8:00 AM to 7:00 PM,Thursday,2 PM,"Yes yes, Dr. Asim ke sath book kar de.","Done, confirmed!",2157,تصدیق
2158,Confirmation,casual,Bilal,Dr. Asim,Cardiologist,1500,"MBBS, MD Cardiology, Fellow of American College of Cardiology",15 years,"Asim Heart Clinic, Main Bazaar Road, City Center",3001234567,dr.asim@heartclinic.com,8:00 AM to 7:00 PM,Thursday,8 AM,"Yes yes, Dr. Asim ke sath book kar de.","Done, confirmed!",2158,تصدیق
2159,Confirmation,casual,Rashid,Dr. Asim,Cardiologist,1500,"MBBS, MD Cardiology, Fellow of American College of Cardiology",15 years,"Asim Heart Clinic, Main Bazaar Road, City Center",3001234567,dr.asim@heartclinic.com,8:00 AM to 7:00 PM,Saturday,2 PM,"Yes yes, Dr. Asim ke sath book kar de.","Done, confirmed!",2159,تصدیق
