User_Query,AI_Response,Intent,Urdu_Query,Urdu_Response
Doctor sahib kab baithte hain? Dr. Hamza timings?,Dr. Hamza is available from 9:00 AM to 4:00 PM every day except Sunday.,hours,ڈاکٹر صاحب کب بیتتے ہیں؟ ڈاکٹر حمزہ ٹائمنگ؟,ڈاکٹر حمزہ اتوار کے علاوہ ہر روز صبح 9:00 بجے سے شام 4:00 بجے تک دستیاب رہتے ہیں۔
Doctor sahib ka experience kitna hai?,Dr. Hamza has 12 Years of experience and is well-known in the area.,exp,ڈاکٹر صاحب کا تجربہ کتنا ہے؟,ڈاکٹر حمزہ کے پاس 12 سال کا تجربہ ہے اور وہ علاقے میں معروف ہیں۔
Doctor ki parhai kya hai? What is Dr. Hamza's qualification?,"Dr. Hamza is highly qualified with MBBS, FCPS (Medicine).",qual,ڈاکٹر کی پرہائی کیا ہے؟ ڈاکٹر حمزہ کی اہلیت کیا ہے؟,ڈاکٹر حمزہ ایم بی بی ایس، ایف سی پی ایس (میڈیسن) کے ساتھ اعلیٰ تعلیم یافتہ ہیں۔
 मरीज़ की हालत खराब है Can I see Dr. Hamza right now?,"For emergencies, please come straight to Al-Hayat Medical Complex, Near Main Bazar, Sector G-10 or call 0300-1234567. I am informing the clinic staff.",emergency,کیا میں ابھی ڈاکٹر حمزہ کو دیکھ سکتا ہوں؟,ہنگامی حالات کے لیے براہِ کرم سیدھے الحیات میڈیکل کمپلیکس، نزد مین بازار، سیکٹر G-10 پر آئیں یا 0300-1234567 پر کال کریں۔ میں کلینک کے عملے کو مطلع کر رہا ہوں۔
Can I move my meeting with Dr. Hamza to Saturday?,"Sure, I have moved your appointment with Dr. Hamza to Saturday.",reschedule,کیا میں ڈاکٹر حمزہ کے ساتھ اپنی ملاقات کو ہفتہ کو منتقل کر سکتا ہوں؟,یقیناً، میں نے ڈاکٹر حمزہ کے ساتھ آپ کی ملاقات ہفتہ کو منتقل کر دی ہے۔
"I am Sara, mujhe Dr. Hamza se doctor sahib ko dikhana hai Monday ko.",Sure Sara! Dr. Hamza is available on Monday. I can book your slot for 9:00 AM to 4:00 PM. Should I proceed?,book,میں سارہ ہوں، مجھے ڈاکٹر حمزہ سے ڈاکٹر صاحب کو دیکھنا ہے پیر کو۔,ضرور سارہ! ڈاکٹر حمزہ پیر کو دستیاب ہیں۔ میں صبح 9:00 بجے سے شام 4:00 بجے تک آپ کی سلاٹ بک کر سکتا ہوں۔ کیا مجھے آگے بڑھنا چاہیے؟
Dr. Hamza ki fees kitni hai?,Dr. Hamza's consultation fee is 1200 PKR.,fee,ڈاکٹر حمزہ کی فیس کتنی ہے؟,ڈاکٹر حمزہ کی مشاورتی فیس 1200 روپے ہے۔
I want to cancel my appointment with Dr. Hamza.,I have cancelled your appointment with Dr. Hamza. Let me know if you want to book again.,cancel,میں ڈاکٹر حمزہ کے ساتھ اپنی ملاقات منسوخ کرنا چاہتا ہوں۔,میں نے ڈاکٹر حمزہ سے آپ کی ملاقات منسوخ کر دی ہے۔ اگر آپ دوبارہ بکنگ کرنا چاہتے ہیں تو مجھے بتائیں۔
Can I move my meeting with Dr. Hamza to Tuesday?,"Sure, I have moved your appointment with Dr. Hamza to Tuesday.",reschedule,کیا میں ڈاکٹر حمزہ کے ساتھ اپنی ملاقات منگل کو منتقل کر سکتا ہوں؟,ضرور، میں نے ڈاکٹر حمزہ کے ساتھ آپ کی ملاقات منگل کو منتقل کر دی ہے۔
"I am Omer, mujhe Dr. Hamza se checkup karana hai Thursday ko.",Sure Omer! Dr. Hamza is available on Thursday. I can book your slot for 9:00 AM to 4:00 PM. Should I proceed?,book,میں عمر ہوں، مجھے ڈاکٹر حمزہ سے چیک اپ کرنا ہے جمعرات کو۔,بے شک عمر! ڈاکٹر حمزہ جمعرات کو دستیاب ہیں۔ میں صبح 9:00 بجے سے شام 4:00 بجے تک آپ کی سلاٹ بک کر سکتا ہوں۔ کیا مجھے آگے بڑھنا چاہیے؟
urgent milna hai Can I see Dr. Hamza right now?,"For emergencies, please come straight to Al-Hayat Medical Complex, Near Main Bazar, Sector G-10 or call 0300-1234567. I am informing the clinic staff.",emergency,فوری ملنا ہے کیا میں ابھی ڈاکٹر حمزہ کو دیکھ سکتا ہوں؟,ہنگامی حالات کے لیے براہِ کرم سیدھے الحیات میڈیکل کمپلیکس، نزد مین بازار، سیکٹر G-10 پر آئیں یا 0300-1234567 پر کال کریں۔ میں کلینک کے عملے کو مطلع کر رہا ہوں۔
"I am Sara, mujhe Dr. Hamza se doctor sahib ko dikhana hai Friday ko.",Sure Sara! Dr. Hamza is available on Friday. I can book your slot for 9:00 AM to 4:00 PM. Should I proceed?,book,میں سارہ ہوں، مجھے ڈاکٹر حمزہ سے ڈاکٹر صاحب کو دیکھنا ہے جمعہ کو۔,ضرور سارہ! ڈاکٹر حمزہ جمعہ کو دستیاب ہیں۔ میں صبح 9:00 بجے سے شام 4:00 بجے تک آپ کی سلاٹ بک کر سکتا ہوں۔ کیا مجھے آگے بڑھنا چاہیے؟
Clinic kahan hai? Location kya hai?,"The clinic is located at Al-Hayat Medical Complex, Near Main Bazar, Sector G-10. You can visit during his hours.",address,کلینک کہاں ہے؟ مقام کیا ہے؟,کلینک الحیات میڈیکل کمپلیکس، مین بازار کے قریب، سیکٹر G-10 میں واقع ہے۔ آپ اس کے اوقات میں ملاحظہ کر سکتے ہیں۔
Can I move my meeting with Dr. Hamza to tomorrow?,"Sure, I have moved your appointment with Dr. Hamza to tomorrow.",reschedule,کیا میں ڈاکٹر حمزہ کے ساتھ اپنی ملاقات کو کل تک لے جا سکتا ہوں؟,بالکل، میں نے ڈاکٹر حمزہ کے ساتھ آپ کی ملاقات کل پر منتقل کر دی ہے۔
"I am Bilal, mujhe Dr. Hamza se appointment leni hai today ko.",Sure Bilal! Dr. Hamza is available on today. I can book your slot for 9:00 AM to 4:00 PM. Should I proceed?,book,میں بلال ہوں، مجھے ڈاکٹر حمزہ سے ملاقات لینا ہے آج کو۔,بالکل بلال! ڈاکٹر حمزہ آج دستیاب ہیں۔ میں صبح 9:00 بجے سے شام 4:00 بجے تک آپ کی سلاٹ بک کر سکتا ہوں۔ کیا مجھے آگے بڑھنا چاہیے؟
Can I move my meeting with Dr. Hamza to Wednesday?,"Sure, I have moved your appointment with Dr. Hamza to Wednesday.",reschedule,کیا میں ڈاکٹر حمزہ کے ساتھ اپنی ملاقات بدھ کو منتقل کر سکتا ہوں؟,بالکل، میں نے ڈاکٹر حمزہ کے ساتھ آپ کی ملاقات بدھ کو منتقل کر دی ہے۔
"I am Usman, mujhe Dr. Hamza se doctor sahib ko dikhana hai tomorrow ko.",Sure Usman! Dr. Hamza is available on tomorrow. I can book your slot for 9:00 AM to 4:00 PM. Should I proceed?,book,میں عثمان ہوں، مجھے ڈاکٹر حمزہ سے ڈاکٹر صاحب کو دیکھنا ہے کل کو۔,بے شک عثمان! ڈاکٹر حمزہ کل دستیاب ہیں۔ میں صبح 9:00 بجے سے شام 4:00 بجے تک آپ کی سلاٹ بک کر سکتا ہوں۔ کیا مجھے آگے بڑھنا چاہیے؟
"I am Khadija, mujhe Dr. Hamza se appointment leni hai today ko.",Sure Khadija! Dr. Hamza is available on today. I can book your slot for 9:00 AM to 4:00 PM. Should I proceed?,book,میں خدیجہ ہوں، مجھے ڈاکٹر حمزہ سے ملاقات لینا ہے آج کو۔,بے شک خدیجہ! ڈاکٹر حمزہ آج دستیاب ہیں۔ میں صبح 9:00 بجے سے شام 4:00 بجے تک آپ کی سلاٹ بک کر سکتا ہوں۔ کیا مجھے آگے بڑھنا چاہیے؟
Can I move my meeting with Dr. Hamza to today?,"Sure, I have moved your appointment with Dr. Hamza to today.",reschedule,کیا میں ڈاکٹر حمزہ سے اپنی ملاقات کو آج تک منتقل کر سکتا ہوں؟,یقیناً، میں نے ڈاکٹر حمزہ کے ساتھ آپ کی ملاقات کا وقت آج پر منتقل کر دیا ہے۔
severe pain Can I see Dr. Hamza right now?,"For emergencies, please come straight to Al-Hayat Medical Complex, Near Main Bazar, Sector G-10 or call 0300-1234567. I am informing the clinic staff.",emergency,شدید درد کیا میں ابھی ڈاکٹر حمزہ کو دیکھ سکتا ہوں؟,ہنگامی حالات کے لیے براہِ کرم سیدھے الحیات میڈیکل کمپلیکس، نزد مین بازار، سیکٹر G-10 پر آئیں یا 0300-1234567 پر کال کریں۔ میں کلینک کے عملے کو مطلع کر رہا ہوں۔
Dr. Hamza ki how much does he charge?,Dr. Hamza's consultation fee is 1200 PKR.,fee,ڈاکٹر حمزہ کی کتنی فیس لیتے ہیں؟,ڈاکٹر حمزہ کی مشاورتی فیس 1200 روپے ہے۔
"I am Ali, mujhe Dr. Hamza se appointment leni hai Friday ko.",Sure Ali! Dr. Hamza is available on Friday. I can book your slot for 9:00 AM to 4:00 PM. Should I proceed?,book,میں علی ہوں، مجھے ڈاکٹر حمزہ سے ملاقات لینا ہے جمعہ کو۔,بے شک علی! ڈاکٹر حمزہ جمعہ کو دستیاب ہیں۔ میں صبح 9:00 بجے سے شام 4:00 بجے تک آپ کی سلاٹ بک کر سکتا ہوں۔ کیا مجھے آگے بڑھنا چاہیے؟
Dr. Hamza ki checkup ke kitne paise hain?,Dr. Hamza's consultation fee is 1200 PKR.,fee,ڈاکٹر حمزہ کے چیک اپ کے کتنے پیسے ہیں؟,ڈاکٹر حمزہ کی مشاورتی فیس 1200 روپے ہے۔
"I am Fatima, mujhe Dr. Hamza se checkup karana hai Thursday ko.",Sure Fatima! Dr. Hamza is available on Thursday. I can book your slot for 9:00 AM to 4:00 PM. Should I proceed?,book,میں فاطمہ ہوں، مجھے ڈاکٹر حمزہ سے چیک اپ کرنا ہے جمعرات کو۔,بے شک فاطمہ! ڈاکٹر حمزہ جمعرات کو دستیاب ہیں۔ میں صبح 9:00 بجے سے شام 4:00 بجے تک آپ کی سلاٹ بک کر سکتا ہوں۔ کیا مجھے آگے بڑھنا چاہیے؟
bohat emergency hai! Can I see Dr. Hamza right now?,"For emergencies, please come straight to Al-Hayat Medical Complex, Near Main Bazar, Sector G-10 or call 0300-1234567. I am informing the clinic staff.",emergency,بوہت ایمرجنسی ہے! کیا میں ابھی ڈاکٹر حمزہ کو دیکھ سکتا ہوں؟,ہنگامی حالات کے لیے براہِ کرم سیدھے الحیات میڈیکل کمپلیکس، نزد مین بازار، سیکٹر G-10 پر آئیں یا 0300-1234567 پر کال کریں۔ میں کلینک کے عملے کو مطلع کر رہا ہوں۔
"I am Fatima, mujhe Dr. Hamza se appointment leni hai today ko.",Sure Fatima! Dr. Hamza is available on today. I can book your slot for 9:00 AM to 4:00 PM. Should I proceed?,book,میں فاطمہ ہوں، مجھے ڈاکٹر حمزہ سے ملاقات لینا ہے آج کو۔,بے شک فاطمہ! ڈاکٹر حمزہ آج دستیاب ہیں۔ میں صبح 9:00 بجے سے شام 4:00 بجے تک آپ کی سلاٹ بک کر سکتا ہوں۔ کیا مجھے آگے بڑھنا چاہیے؟
"I am Usman, mujhe Dr. Hamza se checkup karana hai Monday ko.",Sure Usman! Dr. Hamza is available on Monday. I can book your slot for 9:00 AM to 4:00 PM. Should I proceed?,book,میں عثمان ہوں، مجھے ڈاکٹر حمزہ سے چیک اپ کرنا ہے پیر کو۔,بے شک عثمان! ڈاکٹر حمزہ پیر کو دستیاب ہیں۔ میں صبح 9:00 بجے سے شام 4:00 بجے تک آپ کی سلاٹ بک کر سکتا ہوں۔ کیا مجھے آگے بڑھنا چاہیے؟
"I am Usman, mujhe Dr. Hamza se slot chahiye Saturday ko.",Sure Usman! Dr. Hamza is available on Saturday. I can book your slot for 9:00 AM to 4:00 PM. Should I proceed?,book,میں عثمان ہوں، مجھے ڈاکٹر حمزہ سے سلاٹ چاہئیے ہفتہ کو۔,بے شک عثمان! ڈاکٹر حمزہ ہفتہ کو دستیاب ہیں۔ میں صبح 9:00 بجے سے شام 4:00 بجے تک آپ کی سلاٹ بک کر سکتا ہوں۔ کیا مجھے آگے بڑھنا چاہیے؟
Dr. Hamza ki dr ki fee bata dein,Dr. Hamza's consultation fee is 1200 PKR.,fee,ڈاکٹر حمزہ کی ڈاکٹر کی فیس بتانے والا,ڈاکٹر حمزہ کی مشاورتی فیس 1200 روپے ہے۔
"I am Ayesha, mujhe Dr. Hamza se appointment leni hai Monday ko.",Sure Ayesha! Dr. Hamza is available on Monday. I can book your slot for 9:00 AM to 4:00 PM. Should I proceed?,book,میں عائشہ ہوں، مجھے ڈاکٹر حمزہ سے ملاقات لینا ہے پیر کو۔,بالکل عائشہ! ڈاکٹر حمزہ پیر کو دستیاب ہیں۔ میں صبح 9:00 بجے سے شام 4:00 بجے تک آپ کی سلاٹ بک کر سکتا ہوں۔ کیا مجھے آگے بڑھنا چاہیے؟
"I am Omer, mujhe Dr. Hamza se checkup karana hai Monday ko.",Sure Omer! Dr. Hamza is available on Monday. I can book your slot for 9:00 AM to 4:00 PM. Should I proceed?,book,میں عمر ہوں، مجھے ڈاکٹر حمزہ سے چیک اپ کرنا ہے پیر کو۔,بے شک عمر! ڈاکٹر حمزہ پیر کو دستیاب ہیں۔ میں صبح 9:00 بجے سے شام 4:00 بجے تک آپ کی سلاٹ بک کر سکتا ہوں۔ کیا مجھے آگے بڑھنا چاہیے؟
Can I move my meeting with Dr. Hamza to Thursday?,"Sure, I have moved your appointment with Dr. Hamza to Thursday.",reschedule,کیا میں ڈاکٹر حمزہ سے اپنی ملاقات جمعرات کو منتقل کر سکتا ہوں؟,بالکل، میں نے ڈاکٹر حمزہ کے ساتھ آپ کی ملاقات جمعرات کو منتقل کر دی ہے۔
"I am Khadija, mujhe Dr. Hamza se doctor sahib ko dikhana hai Saturday ko.",Sure Khadija! Dr. Hamza is available on Saturday. I can book your slot for 9:00 AM to 4:00 PM. Should I proceed?,book,میں خدیجہ ہوں، مجھے ڈاکٹر حمزہ سے ڈاکٹر صاحب کو دیکھنا ہے ہفتہ کو۔,بے شک خدیجہ! ڈاکٹر حمزہ ہفتہ کو دستیاب ہیں۔ میں صبح 9:00 بجے سے شام 4:00 بجے تک آپ کی سلاٹ بک کر سکتا ہوں۔ کیا مجھے آگے بڑھنا چاہیے؟
"I am Sana, mujhe Dr. Hamza se slot chahiye today ko.",Sure Sana! Dr. Hamza is available on today. I can book your slot for 9:00 AM to 4:00 PM. Should I proceed?,book,میں ہوں ثناء، مجھے ڈاکٹر حمزہ سے سلاٹ چاہئیے آج کو۔,ضرور ثناء! ڈاکٹر حمزہ آج دستیاب ہیں۔ میں صبح 9:00 بجے سے شام 4:00 بجے تک آپ کی سلاٹ بک کر سکتا ہوں۔ کیا مجھے آگے بڑھنا چاہیے؟
"I am Ali, mujhe Dr. Hamza se checkup karana hai Saturday ko.",Sure Ali! Dr. Hamza is available on Saturday. I can book your slot for 9:00 AM to 4:00 PM. Should I proceed?,book,میں علی ہوں، مجھے ڈاکٹر حمزہ سے چیک اپ کرنا ہے ہفتہ کو۔,بے شک علی! ڈاکٹر حمزہ ہفتہ کو دستیاب ہیں۔ میں صبح 9:00 بجے سے شام 4:00 بجے تک آپ کی سلاٹ بک کر سکتا ہوں۔ کیا مجھے آگے بڑھنا چاہیے؟
"I am Bilal, mujhe Dr. Hamza se doctor sahib ko dikhana hai Wednesday ko.",Sure Bilal! Dr. Hamza is available on Wednesday. I can book your slot for 9:00 AM to 4:00 PM. Should I proceed?,book,میں بلال ہوں، مجھے ڈاکٹر حمزہ سے ڈاکٹر صاحب کو دیکھنا ہے بدھ کو۔,بالکل بلال! ڈاکٹر حمزہ بدھ کو دستیاب ہیں۔ میں صبح 9:00 بجے سے شام 4:00 بجے تک آپ کی سلاٹ بک کر سکتا ہوں۔ کیا مجھے آگے بڑھنا چاہیے؟
"I am Khadija, mujhe Dr. Hamza se appointment leni hai Saturday ko.",Sure Khadija! Dr. Hamza is available on Saturday. I can book your slot for 9:00 AM to 4:00 PM. Should I proceed?,book,میں خدیجہ ہوں، مجھے ڈاکٹر حمزہ سے ملاقات لینا ہے ہفتہ کو۔,بے شک خدیجہ! ڈاکٹر حمزہ ہفتہ کو دستیاب ہیں۔ میں صبح 9:00 بجے سے شام 4:00 بجے تک آپ کی سلاٹ بک کر سکتا ہوں۔ کیا مجھے آگے بڑھنا چاہیے؟
"I am Sana, mujhe Dr. Hamza se slot chahiye Monday ko.",Sure Sana! Dr. Hamza is available on Monday. I can book your slot for 9:00 AM to 4:00 PM. Should I proceed?,book,میں ہوں ثناء، مجھے ڈاکٹر حمزہ سے سلاٹ چاہئیے پیر کو۔,ضرور ثناء! ڈاکٹر حمزہ پیر کو دستیاب ہیں۔ میں صبح 9:00 بجے سے شام 4:00 بجے تک آپ کی سلاٹ بک کر سکتا ہوں۔ کیا مجھے آگے بڑھنا چاہیے؟
"I am Sana, mujhe Dr. Hamza se appointment leni hai Friday ko.",Sure Sana! Dr. Hamza is available on Friday. I can book your slot for 9:00 AM to 4:00 PM. Should I proceed?,book,میں ثنا ہوں، مجھے ڈاکٹر حمزہ سے ملاقات لینا ہے جمعہ کو۔,ضرور ثناء! ڈاکٹر حمزہ جمعہ کو دستیاب ہیں۔ میں صبح 9:00 بجے سے شام 4:00 بجے تک آپ کی سلاٹ بک کر سکتا ہوں۔ کیا مجھے آگے بڑھنا چاہیے؟
"I am Zainab, mujhe Dr. Hamza se doctor sahib ko dikhana hai Saturday ko.",Sure Zainab! Dr. Hamza is available on Saturday. I can book your slot for 9:00 AM to 4:00 PM. Should I proceed?,book,میں زینب ہوں، مجھے ڈاکٹر حمزہ سے ڈاکٹر صاحب کو دیکھنا ہے ہفتہ کو۔,بے شک زینب! ڈاکٹر حمزہ ہفتہ کو دستیاب ہیں۔ میں صبح 9:00 بجے سے شام 4:00 بجے تک آپ کی سلاٹ بک کر سکتا ہوں۔ کیا مجھے آگے بڑھنا چاہیے؟
"I am Hamza, mujhe Dr. Hamza se slot chahiye Monday ko.",Sure Hamza! Dr. Hamza is available on Monday. I can book your slot for 9:00 AM to 4:00 PM. Should I proceed?,book,میں حمزہ ہوں، مجھے ڈاکٹر حمزہ سے سلاٹ چاہئیے پیر کو۔,بے شک حمزہ! ڈاکٹر حمزہ پیر کو دستیاب ہیں۔ میں صبح 9:00 بجے سے شام 4:00 بجے تک آپ کی سلاٹ بک کر سکتا ہوں۔ کیا مجھے آگے بڑھنا چاہیے؟
"I am Bilal, mujhe Dr. Hamza se appointment leni hai Monday ko.",Sure Bilal! Dr. Hamza is available on Monday. I can book your slot for 9:00 AM to 4:00 PM. Should I proceed?,book,میں بلال ہوں، مجھے ڈاکٹر حمزہ سے ملاقات لینا ہے پیر کو۔,بالکل بلال! ڈاکٹر حمزہ پیر کو دستیاب ہیں۔ میں صبح 9:00 بجے سے شام 4:00 بجے تک آپ کی سلاٹ بک کر سکتا ہوں۔ کیا مجھے آگے بڑھنا چاہیے؟
Can I move my meeting with Dr. Hamza to Friday?,"Sure, I have moved your appointment with Dr. Hamza to Friday.",reschedule,کیا میں ڈاکٹر حمزہ کے ساتھ اپنی ملاقات کو جمعہ میں منتقل کر سکتا ہوں؟,بالکل، میں نے ڈاکٹر حمزہ کے ساتھ آپ کی ملاقات جمعہ کو منتقل کر دی ہے۔
"I am Ahmed, mujhe Dr. Hamza se checkup karana hai Friday ko.",Sure Ahmed! Dr. Hamza is available on Friday. I can book your slot for 9:00 AM to 4:00 PM. Should I proceed?,book,میں احمد ہوں، مجھے ڈاکٹر حمزہ سے چیک اپ کرنا ہے جمعہ کو۔,ضرور احمد! ڈاکٹر حمزہ جمعہ کو دستیاب ہیں۔ میں صبح 9:00 بجے سے شام 4:00 بجے تک آپ کی سلاٹ بک کر سکتا ہوں۔ کیا مجھے آگے بڑھنا چاہیے؟
"I am Khadija, mujhe Dr. Hamza se slot chahiye Thursday ko.",Sure Khadija! Dr. Hamza is available on Thursday. I can book your slot for 9:00 AM to 4:00 PM. Should I proceed?,book,میں خدیجہ ہوں، مجھے ڈاکٹر حمزہ سے سلاٹ چاہئیے جمعرات کو۔,بے شک خدیجہ! ڈاکٹر حمزہ جمعرات کو دستیاب ہیں۔ میں صبح 9:00 بجے سے شام 4:00 بجے تک آپ کی سلاٹ بک کر سکتا ہوں۔ کیا مجھے آگے بڑھنا چاہیے؟
"I am Ayesha, mujhe Dr. Hamza se slot chahiye Saturday ko.",Sure Ayesha! Dr. Hamza is available on Saturday. I can book your slot for 9:00 AM to 4:00 PM. Should I proceed?,book,میں عائشہ ہوں، مجھے ڈاکٹر حمزہ سے سلاٹ چاہیں ہفتہ کو۔,بالکل عائشہ! ڈاکٹر حمزہ ہفتہ کو دستیاب ہیں۔ میں صبح 9:00 بجے سے شام 4:00 بجے تک آپ کی سلاٹ بک کر سکتا ہوں۔ کیا مجھے آگے بڑھنا چاہیے؟
"I am Hamza, mujhe Dr. Hamza se doctor sahib ko dikhana hai Friday ko.",Sure Hamza! Dr. Hamza is available on Friday. I can book your slot for 9:00 AM to 4:00 PM. Should I proceed?,book,میں حمزہ ہوں، مجھے ڈاکٹر حمزہ سے ڈاکٹر صاحب کو دیکھنا ہے جمعہ کو۔,بے شک حمزہ! ڈاکٹر حمزہ جمعہ کو دستیاب ہیں۔ میں صبح 9:00 بجے سے شام 4:00 بجے تک آپ کی سلاٹ بک کر سکتا ہوں۔ کیا مجھے آگے بڑھنا چاہیے؟
"I am Sara, mujhe Dr. Hamza se appointment leni hai Wednesday ko.",Sure Sara! Dr. Hamza is available on Wednesday. I can book your slot for 9:00 AM to 4:00 PM. Should I proceed?,book,میں سارہ ہوں، مجھے ڈاکٹر حمزہ سے ملاقات لینا ہے بدھ کو۔,ضرور سارہ! ڈاکٹر حمزہ بدھ کو دستیاب ہیں۔ میں صبح 9:00 بجے سے شام 4:00 بجے تک آپ کی سلاٹ بک کر سکتا ہوں۔ کیا مجھے آگے بڑھنا چاہیے؟
"I am Ali, mujhe Dr. Hamza se appointment leni hai Thursday ko.",Sure Ali! Dr. Hamza is available on Thursday. I can book your slot for 9:00 AM to 4:00 PM. Should I proceed?,book,میں علی ہوں، مجھے ڈاکٹر حمزہ سے ملاقات لینا ہے جمعرات کو۔,بے شک علی! ڈاکٹر حمزہ جمعرات کو دستیاب ہیں۔ میں صبح 9:00 بجے سے شام 4:00 بجے تک آپ کی سلاٹ بک کر سکتا ہوں۔ کیا مجھے آگے بڑھنا چاہیے؟
"I am Ahmed, mujhe Dr. Hamza se appointment leni hai Thursday ko.",Sure Ahmed! Dr. Hamza is available on Thursday. I can book your slot for 9:00 AM to 4:00 PM. Should I proceed?,book,میں احمد ہوں، مجھے ڈاکٹر حمزہ سے ملاقات لینا ہے جمعرات کو۔,ضرور احمد! ڈاکٹر حمزہ جمعرات کو دستیاب ہیں۔ میں صبح 9:00 بجے سے شام 4:00 بجے تک آپ کی سلاٹ بک کر سکتا ہوں۔ کیا مجھے آگے بڑھنا چاہیے؟
"I am Sana, mujhe Dr. Hamza se doctor sahib ko dikhana hai Thursday ko.",Sure Sana! Dr. Hamza is available on Thursday. I can book your slot for 9:00 AM to 4:00 PM. Should I proceed?,book,میں ہوں ثنا، مجھے ڈاکٹر حمزہ سے ڈاکٹر صاحب کو دیکھنا ہے جمعرات کو۔,ضرور ثناء! ڈاکٹر حمزہ جمعرات کو دستیاب ہیں۔ میں صبح 9:00 بجے سے شام 4:00 بجے تک آپ کی سلاٹ بک کر سکتا ہوں۔ کیا مجھے آگے بڑھنا چاہیے؟
"I am Khadija, mujhe Dr. Hamza se checkup karana hai Monday ko.",Sure Khadija! Dr. Hamza is available on Monday. I can book your slot for 9:00 AM to 4:00 PM. Should I proceed?,book,میں خدیجہ ہوں، مجھے ڈاکٹر حمزہ سے چیک اپ کرنا ہے پیر کو۔,بے شک خدیجہ! ڈاکٹر حمزہ پیر کو دستیاب ہیں۔ میں صبح 9:00 بجے سے شام 4:00 بجے تک آپ کی سلاٹ بک کر سکتا ہوں۔ کیا مجھے آگے بڑھنا چاہیے؟
"I am Khadija, mujhe Dr. Hamza se checkup karana hai Saturday ko.",Sure Khadija! Dr. Hamza is available on Saturday. I can book your slot for 9:00 AM to 4:00 PM. Should I proceed?,book,میں خدیجہ ہوں، مجھے ڈاکٹر حمزہ سے چیک اپ کرنا ہے ہفتہ کو۔,بے شک خدیجہ! ڈاکٹر حمزہ ہفتہ کو دستیاب ہیں۔ میں صبح 9:00 بجے سے شام 4:00 بجے تک آپ کی سلاٹ بک کر سکتا ہوں۔ کیا مجھے آگے بڑھنا چاہیے؟
"I am Hamza, mujhe Dr. Hamza se checkup karana hai Saturday ko.",Sure Hamza! Dr. Hamza is available on Saturday. I can book your slot for 9:00 AM to 4:00 PM. Should I proceed?,book,میں حمزہ ہوں، مجھے ڈاکٹر حمزہ سے چیک اپ کرنا ہے ہفتہ کو۔,بے شک حمزہ! ڈاکٹر حمزہ ہفتہ کو دستیاب ہیں۔ میں صبح 9:00 بجے سے شام 4:00 بجے تک آپ کی سلاٹ بک کر سکتا ہوں۔ کیا مجھے آگے بڑھنا چاہیے؟
"I am Omer, mujhe Dr. Hamza se checkup karana hai today ko.",Sure Omer! Dr. Hamza is available on today. I can book your slot for 9:00 AM to 4:00 PM. Should I proceed?,book,میں عمر ہوں، مجھے ڈاکٹر حمزہ سے چیک اپ کرنا ہے آج کو۔,بے شک عمر! ڈاکٹر حمزہ آج دستیاب ہیں۔ میں صبح 9:00 بجے سے شام 4:00 بجے تک آپ کی سلاٹ بک کر سکتا ہوں۔ کیا مجھے آگے بڑھنا چاہیے؟
"I am Ali, mujhe Dr. Hamza se slot chahiye Friday ko.",Sure Ali! Dr. Hamza is available on Friday. I can book your slot for 9:00 AM to 4:00 PM. Should I proceed?,book,میں علی ہوں، مجھے ڈاکٹر حمزہ سے سلاٹ چاہئیے جمعہ کو۔,بے شک علی! ڈاکٹر حمزہ جمعہ کو دستیاب ہیں۔ میں صبح 9:00 بجے سے شام 4:00 بجے تک آپ کی سلاٹ بک کر سکتا ہوں۔ کیا مجھے آگے بڑھنا چاہیے؟
"I am Bilal, mujhe Dr. Hamza se checkup karana hai Wednesday ko.",Sure Bilal! Dr. Hamza is available on Wednesday. I can book your slot for 9:00 AM to 4:00 PM. Should I proceed?,book,میں بلال ہوں، مجھے ڈاکٹر حمزہ سے چیک اپ کرنا ہے بدھ کو۔,بالکل بلال! ڈاکٹر حمزہ بدھ کو دستیاب ہیں۔ میں صبح 9:00 بجے سے شام 4:00 بجے تک آپ کی سلاٹ بک کر سکتا ہوں۔ کیا مجھے آگے بڑھنا چاہیے؟
"I am Usman, mujhe Dr. Hamza se appointment leni hai Monday ko.",Sure Usman! Dr. Hamza is available on Monday. I can book your slot for 9:00 AM to 4:00 PM. Should I proceed?,book,میں عثمان ہوں، مجھے ڈاکٹر حمزہ سے ملاقات لینا ہے پیر کو۔,بے شک عثمان! ڈاکٹر حمزہ پیر کو دستیاب ہیں۔ میں صبح 9:00 بجے سے شام 4:00 بجے تک آپ کی سلاٹ بک کر سکتا ہوں۔ کیا مجھے آگے بڑھنا چاہیے؟
"I am Bilal, mujhe Dr. Hamza se doctor sahib ko dikhana hai Saturday ko.",Sure Bilal! Dr. Hamza is available on Saturday. I can book your slot for 9:00 AM to 4:00 PM. Should I proceed?,book,میں بلال ہوں، مجھے ڈاکٹر حمزہ سے ڈاکٹر صاحب کو دیکھنا ہے ہفتہ کو۔,بالکل بلال! ڈاکٹر حمزہ ہفتہ کو دستیاب ہیں۔ میں صبح 9:00 بجے سے شام 4:00 بجے تک آپ کی سلاٹ بک کر سکتا ہوں۔ کیا مجھے آگے بڑھنا چاہیے؟
"I am Ahmed, mujhe Dr. Hamza se slot chahiye Friday ko.",Sure Ahmed! Dr. Hamza is available on Friday. I can book your slot for 9:00 AM to 4:00 PM. Should I proceed?,book,میں احمد ہوں، مجھے ڈاکٹر حمزہ سے سلاٹ چاہئیے جمعہ کو۔,ضرور احمد! ڈاکٹر حمزہ جمعہ کو دستیاب ہیں۔ میں صبح 9:00 بجے سے شام 4:00 بجے تک آپ کی سلاٹ بک کر سکتا ہوں۔ کیا مجھے آگے بڑھنا چاہیے؟
"I am Sana, mujhe Dr. Hamza se doctor sahib ko dikhana hai Tuesday ko.",Sure Sana! Dr. Hamza is available on Tuesday. I can book your slot for 9:00 AM to 4:00 PM. Should I proceed?,book,میں ہوں ثنا، مجھے ڈاکٹر حمزہ سے ڈاکٹر صاحب کو دیکھنا ہے منگل کو۔,ضرور ثناء! ڈاکٹر حمزہ منگل کو دستیاب ہیں۔ میں صبح 9:00 بجے سے شام 4:00 بجے تک آپ کی سلاٹ بک کر سکتا ہوں۔ کیا مجھے آگے بڑھنا چاہیے؟
"I am Zainab, mujhe Dr. Hamza se appointment leni hai Monday ko.",Sure Zainab! Dr. Hamza is available on Monday. I can book your slot for 9:00 AM to 4:00 PM. Should I proceed?,book,میں زینب ہوں، مجھے ڈاکٹر حمزہ سے ملاقات لینا ہے پیر کو۔,بے شک زینب! ڈاکٹر حمزہ پیر کو دستیاب ہیں۔ میں صبح 9:00 بجے سے شام 4:00 بجے تک آپ کی سلاٹ بک کر سکتا ہوں۔ کیا مجھے آگے بڑھنا چاہیے؟
"I am Usman, mujhe Dr. Hamza se checkup karana hai Thursday ko.",Sure Usman! Dr. Hamza is available on Thursday. I can book your slot for 9:00 AM to 4:00 PM. Should I proceed?,book,میں عثمان ہوں، مجھے ڈاکٹر حمزہ سے چیک اپ کرنا ہے جمعرات کو۔,بے شک عثمان! ڈاکٹر حمزہ جمعرات کو دستیاب ہیں۔ میں صبح 9:00 بجے سے شام 4:00 بجے تک آپ کی سلاٹ بک کر سکتا ہوں۔ کیا مجھے آگے بڑھنا چاہیے؟
"I am Sara, mujhe Dr. Hamza se appointment leni hai tomorrow ko.",Sure Sara! Dr. Hamza is available on tomorrow. I can book your slot for 9:00 AM to 4:00 PM. Should I proceed?,book,میں سارہ ہوں، مجھے ڈاکٹر حمزہ سے ملاقات لینا ہے کل کو۔,ضرور سارہ! ڈاکٹر حمزہ کل دستیاب ہیں۔ میں صبح 9:00 بجے سے شام 4:00 بجے تک آپ کی سلاٹ بک کر سکتا ہوں۔ کیا مجھے آگے بڑھنا چاہیے؟
"I am Bilal, mujhe Dr. Hamza se checkup karana hai today ko.",Sure Bilal! Dr. Hamza is available on today. I can book your slot for 9:00 AM to 4:00 PM. Should I proceed?,book,میں بلال ہوں، مجھے ڈاکٹر حمزہ سے چیک اپ کرنا ہے آج کو۔,بالکل بلال! ڈاکٹر حمزہ آج دستیاب ہیں۔ میں صبح 9:00 بجے سے شام 4:00 بجے تک آپ کی سلاٹ بک کر سکتا ہوں۔ کیا مجھے آگے بڑھنا چاہیے؟
"I am Omer, mujhe Dr. Hamza se slot chahiye today ko.",Sure Omer! Dr. Hamza is available on today. I can book your slot for 9:00 AM to 4:00 PM. Should I proceed?,book,میں عمر ہوں، مجھے ڈاکٹر حمزہ سے سلاٹ چاہیئے آج کو۔,بے شک عمر! ڈاکٹر حمزہ آج دستیاب ہیں۔ میں صبح 9:00 بجے سے شام 4:00 بجے تک آپ کی سلاٹ بک کر سکتا ہوں۔ کیا مجھے آگے بڑھنا چاہیے؟
"I am Zainab, mujhe Dr. Hamza se slot chahiye today ko.",Sure Zainab! Dr. Hamza is available on today. I can book your slot for 9:00 AM to 4:00 PM. Should I proceed?,book,میں زینب ہوں، مجھے ڈاکٹر حمزہ سے سلاٹ چاہیئے آج کو۔,بے شک زینب! ڈاکٹر حمزہ آج دستیاب ہیں۔ میں صبح 9:00 بجے سے شام 4:00 بجے تک آپ کی سلاٹ بک کر سکتا ہوں۔ کیا مجھے آگے بڑھنا چاہیے؟
"I am Sana, mujhe Dr. Hamza se checkup karana hai Thursday ko.",Sure Sana! Dr. Hamza is available on Thursday. I can book your slot for 9:00 AM to 4:00 PM. Should I proceed?,book,میں ثنا ہوں، مجھے ڈاکٹر حمزہ سے چیک اپ کرنا ہے جمعرات کو۔,ضرور ثناء! ڈاکٹر حمزہ جمعرات کو دستیاب ہیں۔ میں صبح 9:00 بجے سے شام 4:00 بجے تک آپ کی سلاٹ بک کر سکتا ہوں۔ کیا مجھے آگے بڑھنا چاہیے؟
"I am Bilal, mujhe Dr. Hamza se appointment leni hai Tuesday ko.",Sure Bilal! Dr. Hamza is available on Tuesday. I can book your slot for 9:00 AM to 4:00 PM. Should I proceed?,book,میں بلال ہوں، مجھے ڈاکٹر حمزہ سے ملاقات لینا ہے منگل کو۔,بالکل بلال! ڈاکٹر حمزہ منگل کو دستیاب ہیں۔ میں صبح 9:00 بجے سے شام 4:00 بجے تک آپ کی سلاٹ بک کر سکتا ہوں۔ کیا مجھے آگے بڑھنا چاہیے؟
"I am Ali, mujhe Dr. Hamza se checkup karana hai Tuesday ko.",Sure Ali! Dr. Hamza is available on Tuesday. I can book your slot for 9:00 AM to 4:00 PM. Should I proceed?,book,میں علی ہوں، مجھے ڈاکٹر حمزہ سے چیک اپ کرنا ہے منگل کو۔,بے شک علی! ڈاکٹر حمزہ منگل کو دستیاب ہیں۔ میں صبح 9:00 بجے سے شام 4:00 بجے تک آپ کی سلاٹ بک کر سکتا ہوں۔ کیا مجھے آگے بڑھنا چاہیے؟
"I am Bilal, mujhe Dr. Hamza se checkup karana hai Monday ko.",Sure Bilal! Dr. Hamza is available on Monday. I can book your slot for 9:00 AM to 4:00 PM. Should I proceed?,book,میں بلال ہوں، مجھے ڈاکٹر حمزہ سے چیک اپ کرنا ہے پیر کو۔,بالکل بلال! ڈاکٹر حمزہ پیر کو دستیاب ہیں۔ میں صبح 9:00 بجے سے شام 4:00 بجے تک آپ کی سلاٹ بک کر سکتا ہوں۔ کیا مجھے آگے بڑھنا چاہیے؟
"I am Ayesha, mujhe Dr. Hamza se checkup karana hai Monday ko.",Sure Ayesha! Dr. Hamza is available on Monday. I can book your slot for 9:00 AM to 4:00 PM. Should I proceed?,book,میں عائشہ ہوں، مجھے ڈاکٹر حمزہ سے چیک اپ کرنا ہے پیر کو۔,بالکل عائشہ! ڈاکٹر حمزہ پیر کو دستیاب ہیں۔ میں صبح 9:00 بجے سے شام 4:00 بجے تک آپ کی سلاٹ بک کر سکتا ہوں۔ کیا مجھے آگے بڑھنا چاہیے؟
"I am Hamza, mujhe Dr. Hamza se slot chahiye Thursday ko.",Sure Hamza! Dr. Hamza is available on Thursday. I can book your slot for 9:00 AM to 4:00 PM. Should I proceed?,book,میں حمزہ ہوں، مجھے ڈاکٹر حمزہ سے سلاٹ چاہئیے جمعرات کو۔,بے شک حمزہ! ڈاکٹر حمزہ جمعرات کو دستیاب ہیں۔ میں صبح 9:00 بجے سے شام 4:00 بجے تک آپ کی سلاٹ بک کر سکتا ہوں۔ کیا مجھے آگے بڑھنا چاہیے؟
"I am Usman, mujhe Dr. Hamza se checkup karana hai Wednesday ko.",Sure Usman! Dr. Hamza is available on Wednesday. I can book your slot for 9:00 AM to 4:00 PM. Should I proceed?,book,میں عثمان ہوں، مجھے ڈاکٹر حمزہ سے چیک اپ کرنا ہے بدھ کو۔,بے شک عثمان! ڈاکٹر حمزہ بدھ کو دستیاب ہیں۔ میں صبح 9:00 بجے سے شام 4:00 بجے تک آپ کی سلاٹ بک کر سکتا ہوں۔ کیا مجھے آگے بڑھنا چاہیے؟
"I am Ali, mujhe Dr. Hamza se appointment leni hai tomorrow ko.",Sure Ali! Dr. Hamza is available on tomorrow. I can book your slot for 9:00 AM to 4:00 PM. Should I proceed?,book,میں علی ہوں، مجھے ڈاکٹر حمزہ سے ملاقات لینا ہے کل کو۔,بے شک علی! ڈاکٹر حمزہ کل دستیاب ہیں۔ میں صبح 9:00 بجے سے شام 4:00 بجے تک آپ کی سلاٹ بک کر سکتا ہوں۔ کیا مجھے آگے بڑھنا چاہیے؟
Can I move my meeting with Dr. Hamza to Monday?,"Sure, I have moved your appointment with Dr. Hamza to Monday.",reschedule,کیا میں ڈاکٹر حمزہ کے ساتھ اپنی ملاقات کو پیر کو منتقل کر سکتا ہوں؟,بالکل، میں نے ڈاکٹر حمزہ کے ساتھ آپ کی ملاقات کا وقت پیر کو منتقل کر دیا ہے۔
"I am Khadija, mujhe Dr. Hamza se doctor sahib ko dikhana hai tomorrow ko.",Sure Khadija! Dr. Hamza is available on tomorrow. I can book your slot for 9:00 AM to 4:00 PM. Should I proceed?,book,میں خدیجہ ہوں، مجھے ڈاکٹر حمزہ سے ڈاکٹر صاحب کو دیکھنا ہے کل کو۔,بے شک خدیجہ! ڈاکٹر حمزہ کل دستیاب ہیں۔ میں صبح 9:00 بجے سے شام 4:00 بجے تک آپ کی سلاٹ بک کر سکتا ہوں۔ کیا مجھے آگے بڑھنا چاہیے؟
"I am Sara, mujhe Dr. Hamza se appointment leni hai today ko.",Sure Sara! Dr. Hamza is available on today. I can book your slot for 9:00 AM to 4:00 PM. Should I proceed?,book,میں سارہ ہوں، مجھے ڈاکٹر حمزہ سے ملاقات لینا ہے آج کو۔,ضرور سارہ! ڈاکٹر حمزہ آج دستیاب ہیں۔ میں صبح 9:00 بجے سے شام 4:00 بجے تک آپ کی سلاٹ بک کر سکتا ہوں۔ کیا مجھے آگے بڑھنا چاہیے؟
"I am Bilal, mujhe Dr. Hamza se checkup karana hai Tuesday ko.",Sure Bilal! Dr. Hamza is available on Tuesday. I can book your slot for 9:00 AM to 4:00 PM. Should I proceed?,book,میں بلال ہوں، مجھے ڈاکٹر حمزہ سے چیک اپ کرنا ہے منگل کو۔,بالکل بلال! ڈاکٹر حمزہ منگل کو دستیاب ہیں۔ میں صبح 9:00 بجے سے شام 4:00 بجے تک آپ کی سلاٹ بک کر سکتا ہوں۔ کیا مجھے آگے بڑھنا چاہیے؟
"I am Zainab, mujhe Dr. Hamza se appointment leni hai today ko.",Sure Zainab! Dr. Hamza is available on today. I can book your slot for 9:00 AM to 4:00 PM. Should I proceed?,book,میں زینب ہوں، مجھے ڈاکٹر حمزہ سے ملاقات لینا ہے آج کو۔,بے شک زینب! ڈاکٹر حمزہ آج دستیاب ہیں۔ میں صبح 9:00 بجے سے شام 4:00 بجے تک آپ کی سلاٹ بک کر سکتا ہوں۔ کیا مجھے آگے بڑھنا چاہیے؟
"I am Bilal, mujhe Dr. Hamza se appointment leni hai Saturday ko.",Sure Bilal! Dr. Hamza is available on Saturday. I can book your slot for 9:00 AM to 4:00 PM. Should I proceed?,book,میں بلال ہوں، مجھے ڈاکٹر حمزہ سے ملاقات لینا ہے ہفتہ کو۔,بالکل بلال! ڈاکٹر حمزہ ہفتہ کو دستیاب ہیں۔ میں صبح 9:00 بجے سے شام 4:00 بجے تک آپ کی سلاٹ بک کر سکتا ہوں۔ کیا مجھے آگے بڑھنا چاہیے؟
"I am Ali, mujhe Dr. Hamza se doctor sahib ko dikhana hai today ko.",Sure Ali! Dr. Hamza is available on today. I can book your slot for 9:00 AM to 4:00 PM. Should I proceed?,book,میں علی ہوں، مجھے ڈاکٹر حمزہ سے ڈاکٹر صاحب کو دیکھنا ہے آج کو۔,بے شک علی! ڈاکٹر حمزہ آج دستیاب ہیں۔ میں صبح 9:00 بجے سے شام 4:00 بجے تک آپ کی سلاٹ بک کر سکتا ہوں۔ کیا مجھے آگے بڑھنا چاہیے؟
"I am Bilal, mujhe Dr. Hamza se checkup karana hai Friday ko.",Sure Bilal! Dr. Hamza is available on Friday. I can book your slot for 9:00 AM to 4:00 PM. Should I proceed?,book,میں بلال ہوں، مجھے ڈاکٹر حمزہ سے چیک اپ کرنا ہے جمعہ کو۔,بالکل بلال! ڈاکٹر حمزہ جمعہ کو دستیاب ہیں۔ میں صبح 9:00 بجے سے شام 4:00 بجے تک آپ کی سلاٹ بک کر سکتا ہوں۔ کیا مجھے آگے بڑھنا چاہیے؟
"I am Ali, mujhe Dr. Hamza se appointment leni hai Wednesday ko.",Sure Ali! Dr. Hamza is available on Wednesday. I can book your slot for 9:00 AM to 4:00 PM. Should I proceed?,book,میں علی ہوں، مجھے ڈاکٹر حمزہ سے ملاقات لینا ہے بدھ کو۔,بے شک علی! ڈاکٹر حمزہ بدھ کو دستیاب ہیں۔ میں صبح 9:00 بجے سے شام 4:00 بجے تک آپ کی سلاٹ بک کر سکتا ہوں۔ کیا مجھے آگے بڑھنا چاہیے؟
"I am Ali, mujhe Dr. Hamza se checkup karana hai Friday ko.",Sure Ali! Dr. Hamza is available on Friday. I can book your slot for 9:00 AM to 4:00 PM. Should I proceed?,book,میں علی ہوں، مجھے ڈاکٹر حمزہ سے چیک اپ کرنا ہے جمعہ کو۔,بے شک علی! ڈاکٹر حمزہ جمعہ کو دستیاب ہیں۔ میں صبح 9:00 بجے سے شام 4:00 بجے تک آپ کی سلاٹ بک کر سکتا ہوں۔ کیا مجھے آگے بڑھنا چاہیے؟
"I am Hamza, mujhe Dr. Hamza se doctor sahib ko dikhana hai Tuesday ko.",Sure Hamza! Dr. Hamza is available on Tuesday. I can book your slot for 9:00 AM to 4:00 PM. Should I proceed?,book,میں حمزہ ہوں، مجھے ڈاکٹر حمزہ سے ڈاکٹر صاحب کو دیکھنا ہے منگل کو۔,بے شک حمزہ! ڈاکٹر حمزہ منگل کو دستیاب ہیں۔ میں صبح 9:00 بجے سے شام 4:00 بجے تک آپ کی سلاٹ بک کر سکتا ہوں۔ کیا مجھے آگے بڑھنا چاہیے؟
"I am Sara, mujhe Dr. Hamza se appointment leni hai Saturday ko.",Sure Sara! Dr. Hamza is available on Saturday. I can book your slot for 9:00 AM to 4:00 PM. Should I proceed?,book,میں سارہ ہوں، مجھے ڈاکٹر حمزہ سے ملاقات لینا ہے سنیچر کو۔,ضرور سارہ! ڈاکٹر حمزہ ہفتہ کو دستیاب ہیں۔ میں صبح 9:00 بجے سے شام 4:00 بجے تک آپ کی سلاٹ بک کر سکتا ہوں۔ کیا مجھے آگے بڑھنا چاہیے؟
"I am Sara, mujhe Dr. Hamza se checkup karana hai Thursday ko.",Sure Sara! Dr. Hamza is available on Thursday. I can book your slot for 9:00 AM to 4:00 PM. Should I proceed?,book,میں سارہ ہوں، مجھے ڈاکٹر حمزہ سے چیک اپ کرنا ہے جمعرات کو۔,ضرور سارہ! ڈاکٹر حمزہ جمعرات کو دستیاب ہیں۔ میں صبح 9:00 بجے سے شام 4:00 بجے تک آپ کی سلاٹ بک کر سکتا ہوں۔ کیا مجھے آگے بڑھنا چاہیے؟
"I am Usman, mujhe Dr. Hamza se doctor sahib ko dikhana hai Wednesday ko.",Sure Usman! Dr. Hamza is available on Wednesday. I can book your slot for 9:00 AM to 4:00 PM. Should I proceed?,book,میں عثمان ہوں، مجھے ڈاکٹر حمزہ سے ڈاکٹر صاحب کو دیکھنا ہے بدھ کو۔,بے شک عثمان! ڈاکٹر حمزہ بدھ کو دستیاب ہیں۔ میں صبح 9:00 بجے سے شام 4:00 بجے تک آپ کی سلاٹ بک کر سکتا ہوں۔ کیا مجھے آگے بڑھنا چاہیے؟
"I am Khadija, mujhe Dr. Hamza se checkup karana hai Wednesday ko.",Sure Khadija! Dr. Hamza is available on Wednesday. I can book your slot for 9:00 AM to 4:00 PM. Should I proceed?,book,میں خدیجہ ہوں، مجھے ڈاکٹر حمزہ سے چیک اپ کرنا ہے بدھ کو۔,بے شک خدیجہ! ڈاکٹر حمزہ بدھ کو دستیاب ہیں۔ میں صبح 9:00 بجے سے شام 4:00 بجے تک آپ کی سلاٹ بک کر سکتا ہوں۔ کیا مجھے آگے بڑھنا چاہیے؟
"I am Sana, mujhe Dr. Hamza se checkup karana hai today ko.",Sure Sana! Dr. Hamza is available on today. I can book your slot for 9:00 AM to 4:00 PM. Should I proceed?,book,میں ثنا ہوں، مجھے ڈاکٹر حمزہ سے چیک اپ کرنا ہے آج کو۔,ضرور ثناء! ڈاکٹر حمزہ آج دستیاب ہیں۔ میں صبح 9:00 بجے سے شام 4:00 بجے تک آپ کی سلاٹ بک کر سکتا ہوں۔ کیا مجھے آگے بڑھنا چاہیے؟
"I am Sana, mujhe Dr. Hamza se checkup karana hai Monday ko.",Sure Sana! Dr. Hamza is available on Monday. I can book your slot for 9:00 AM to 4:00 PM. Should I proceed?,book,میں ثنا ہوں، مجھے ڈاکٹر حمزہ سے چیک اپ کرنا ہے پیر کو۔,ضرور ثناء! ڈاکٹر حمزہ پیر کو دستیاب ہیں۔ میں صبح 9:00 بجے سے شام 4:00 بجے تک آپ کی سلاٹ بک کر سکتا ہوں۔ کیا مجھے آگے بڑھنا چاہیے؟
"I am Hamza, mujhe Dr. Hamza se slot chahiye Friday ko.",Sure Hamza! Dr. Hamza is available on Friday. I can book your slot for 9:00 AM to 4:00 PM. Should I proceed?,book,میں حمزہ ہوں، مجھے ڈاکٹر حمزہ سے سلاٹ چاہئیے جمعہ کو۔,بے شک حمزہ! ڈاکٹر حمزہ جمعہ کو دستیاب ہیں۔ میں صبح 9:00 بجے سے شام 4:00 بجے تک آپ کی سلاٹ بک کر سکتا ہوں۔ کیا مجھے آگے بڑھنا چاہیے؟
"I am Usman, mujhe Dr. Hamza se appointment leni hai today ko.",Sure Usman! Dr. Hamza is available on today. I can book your slot for 9:00 AM to 4:00 PM. Should I proceed?,book,میں عثمان ہوں، مجھے ڈاکٹر حمزہ سے ملاقات لینا ہے آج کو۔,بے شک عثمان! ڈاکٹر حمزہ آج دستیاب ہیں۔ میں صبح 9:00 بجے سے شام 4:00 بجے تک آپ کی سلاٹ بک کر سکتا ہوں۔ کیا مجھے آگے بڑھنا چاہیے؟
"I am Ayesha, mujhe Dr. Hamza se checkup karana hai tomorrow ko.",Sure Ayesha! Dr. Hamza is available on tomorrow. I can book your slot for 9:00 AM to 4:00 PM. Should I proceed?,book,میں عائشہ ہوں، مجھے ڈاکٹر حمزہ سے چیک اپ کرنا ہے کل کو۔,بالکل عائشہ! ڈاکٹر حمزہ کل دستیاب ہیں۔ میں صبح 9:00 بجے سے شام 4:00 بجے تک آپ کی سلاٹ بک کر سکتا ہوں۔ کیا مجھے آگے بڑھنا چاہیے؟
"I am Sana, mujhe Dr. Hamza se slot chahiye Tuesday ko.",Sure Sana! Dr. Hamza is available on Tuesday. I can book your slot for 9:00 AM to 4:00 PM. Should I proceed?,book,میں ہوں ثنا، مجھے ڈاکٹر حمزہ سے سلاٹ چاہئیے منگل کو۔,ضرور ثناء! ڈاکٹر حمزہ منگل کو دستیاب ہیں۔ میں صبح 9:00 بجے سے شام 4:00 بجے تک آپ کی سلاٹ بک کر سکتا ہوں۔ کیا مجھے آگے بڑھنا چاہیے؟
"I am Ahmed, mujhe Dr. Hamza se slot chahiye Thursday ko.",Sure Ahmed! Dr. Hamza is available on Thursday. I can book your slot for 9:00 AM to 4:00 PM. Should I proceed?,book,میں احمد ہوں، مجھے ڈاکٹر حمزہ سے سلاٹ چاہئیے جمعرات کو۔,ضرور احمد! ڈاکٹر حمزہ جمعرات کو دستیاب ہیں۔ میں صبح 9:00 بجے سے شام 4:00 بجے تک آپ کی سلاٹ بک کر سکتا ہوں۔ کیا مجھے آگے بڑھنا چاہیے؟
"I am Ayesha, mujhe Dr. Hamza se doctor sahib ko dikhana hai Tuesday ko.",Sure Ayesha! Dr. Hamza is available on Tuesday. I can book your slot for 9:00 AM to 4:00 PM. Should I proceed?,book,میں عائشہ ہوں، مجھے ڈاکٹر حمزہ سے ڈاکٹر صاحب کو دیکھنا ہے منگل کو۔,بالکل عائشہ! ڈاکٹر حمزہ منگل کو دستیاب ہیں۔ میں صبح 9:00 بجے سے شام 4:00 بجے تک آپ کی سلاٹ بک کر سکتا ہوں۔ کیا مجھے آگے بڑھنا چاہیے؟
"I am Sana, mujhe Dr. Hamza se appointment leni hai Thursday ko.",Sure Sana! Dr. Hamza is available on Thursday. I can book your slot for 9:00 AM to 4:00 PM. Should I proceed?,book,میں ثنا ہوں، مجھے ڈاکٹر حمزہ سے ملاقات لینا ہے جمعرات کو۔,ضرور ثناء! ڈاکٹر حمزہ جمعرات کو دستیاب ہیں۔ میں صبح 9:00 بجے سے شام 4:00 بجے تک آپ کی سلاٹ بک کر سکتا ہوں۔ کیا مجھے آگے بڑھنا چاہیے؟
"I am Omer, mujhe Dr. Hamza se doctor sahib ko dikhana hai Tuesday ko.",Sure Omer! Dr. Hamza is available on Tuesday. I can book your slot for 9:00 AM to 4:00 PM. Should I proceed?,book,میں عمر ہوں، مجھے ڈاکٹر حمزہ سے ڈاکٹر صاحب کو دیکھنا ہے منگل کو۔,بے شک عمر! ڈاکٹر حمزہ منگل کو دستیاب ہیں۔ میں صبح 9:00 بجے سے شام 4:00 بجے تک آپ کی سلاٹ بک کر سکتا ہوں۔ کیا مجھے آگے بڑھنا چاہیے؟
"I am Hamza, mujhe Dr. Hamza se appointment leni hai Saturday ko.",Sure Hamza! Dr. Hamza is available on Saturday. I can book your slot for 9:00 AM to 4:00 PM. Should I proceed?,book,میں حمزہ ہوں، مجھے ڈاکٹر حمزہ سے ملاقات لینا ہے ہفتہ کو۔,بے شک حمزہ! ڈاکٹر حمزہ ہفتہ کو دستیاب ہیں۔ میں صبح 9:00 بجے سے شام 4:00 بجے تک آپ کی سلاٹ بک کر سکتا ہوں۔ کیا مجھے آگے بڑھنا چاہیے؟
"I am Usman, mujhe Dr. Hamza se appointment leni hai Thursday ko.",Sure Usman! Dr. Hamza is available on Thursday. I can book your slot for 9:00 AM to 4:00 PM. Should I proceed?,book,میں عثمان ہوں، مجھے ڈاکٹر حمزہ سے ملاقات لینا ہے جمعرات کو۔,بے شک عثمان! ڈاکٹر حمزہ جمعرات کو دستیاب ہیں۔ میں صبح 9:00 بجے سے شام 4:00 بجے تک آپ کی سلاٹ بک کر سکتا ہوں۔ کیا مجھے آگے بڑھنا چاہیے؟
"I am Ali, mujhe Dr. Hamza se slot chahiye tomorrow ko.",Sure Ali! Dr. Hamza is available on tomorrow. I can book your slot for 9:00 AM to 4:00 PM. Should I proceed?,book,میں علی ہوں، مجھے ڈاکٹر حمزہ سے سلاٹ چاہیئے کل کو۔,بے شک علی! ڈاکٹر حمزہ کل دستیاب ہیں۔ میں صبح 9:00 بجے سے شام 4:00 بجے تک آپ کی سلاٹ بک کر سکتا ہوں۔ کیا مجھے آگے بڑھنا چاہیے؟
"I am Ali, mujhe Dr. Hamza se checkup karana hai Wednesday ko.",Sure Ali! Dr. Hamza is available on Wednesday. I can book your slot for 9:00 AM to 4:00 PM. Should I proceed?,book,میں علی ہوں، مجھے ڈاکٹر حمزہ سے چیک اپ کرنا ہے بدھ کو۔,بے شک علی! ڈاکٹر حمزہ بدھ کو دستیاب ہیں۔ میں صبح 9:00 بجے سے شام 4:00 بجے تک آپ کی سلاٹ بک کر سکتا ہوں۔ کیا مجھے آگے بڑھنا چاہیے؟
"I am Ahmed, mujhe Dr. Hamza se doctor sahib ko dikhana hai Monday ko.",Sure Ahmed! Dr. Hamza is available on Monday. I can book your slot for 9:00 AM to 4:00 PM. Should I proceed?,book,میں احمد ہوں، مجھے ڈاکٹر حمزہ سے ڈاکٹر صاحب کو دیکھنا ہے پیر کو۔,ضرور احمد! ڈاکٹر حمزہ پیر کو دستیاب ہیں۔ میں صبح 9:00 بجے سے شام 4:00 بجے تک آپ کی سلاٹ بک کر سکتا ہوں۔ کیا مجھے آگے بڑھنا چاہیے؟
"I am Khadija, mujhe Dr. Hamza se slot chahiye Saturday ko.",Sure Khadija! Dr. Hamza is available on Saturday. I can book your slot for 9:00 AM to 4:00 PM. Should I proceed?,book,میں خدیجہ ہوں، مجھے ڈاکٹر حمزہ سے سلاٹ چاہئیے ہفتہ کو۔,بے شک خدیجہ! ڈاکٹر حمزہ ہفتہ کو دستیاب ہیں۔ میں صبح 9:00 بجے سے شام 4:00 بجے تک آپ کی سلاٹ بک کر سکتا ہوں۔ کیا مجھے آگے بڑھنا چاہیے؟
"I am Zainab, mujhe Dr. Hamza se slot chahiye Saturday ko.",Sure Zainab! Dr. Hamza is available on Saturday. I can book your slot for 9:00 AM to 4:00 PM. Should I proceed?,book,میں زینب ہوں، مجھے ڈاکٹر حمزہ سے سلاٹ چاہئیے ہفتہ کو۔,بے شک زینب! ڈاکٹر حمزہ ہفتہ کو دستیاب ہیں۔ میں صبح 9:00 بجے سے شام 4:00 بجے تک آپ کی سلاٹ بک کر سکتا ہوں۔ کیا مجھے آگے بڑھنا چاہیے؟
"I am Omer, mujhe Dr. Hamza se doctor sahib ko dikhana hai Saturday ko.",Sure Omer! Dr. Hamza is available on Saturday. I can book your slot for 9:00 AM to 4:00 PM. Should I proceed?,book,میں عمر ہوں، مجھے ڈاکٹر حمزہ سے ڈاکٹر صاحب کو دیکھنا ہے ہفتہ کو۔,بے شک عمر! ڈاکٹر حمزہ ہفتہ کو دستیاب ہیں۔ میں صبح 9:00 بجے سے شام 4:00 بجے تک آپ کی سلاٹ بک کر سکتا ہوں۔ کیا مجھے آگے بڑھنا چاہیے؟
"I am Omer, mujhe Dr. Hamza se appointment leni hai tomorrow ko.",Sure Omer! Dr. Hamza is available on tomorrow. I can book your slot for 9:00 AM to 4:00 PM. Should I proceed?,book,میں عمر ہوں، مجھے ڈاکٹر حمزہ سے ملاقات لینا ہے کل کو۔,بے شک عمر! ڈاکٹر حمزہ کل دستیاب ہیں۔ میں صبح 9:00 بجے سے شام 4:00 بجے تک آپ کی سلاٹ بک کر سکتا ہوں۔ کیا مجھے آگے بڑھنا چاہیے؟
"I am Usman, mujhe Dr. Hamza se slot chahiye Wednesday ko.",Sure Usman! Dr. Hamza is available on Wednesday. I can book your slot for 9:00 AM to 4:00 PM. Should I proceed?,book,میں عثمان ہوں، مجھے ڈاکٹر حمزہ سے سلاٹ چاہئیے بدھ کو۔,بے شک عثمان! ڈاکٹر حمزہ بدھ کو دستیاب ہیں۔ میں صبح 9:00 بجے سے شام 4:00 بجے تک آپ کی سلاٹ بک کر سکتا ہوں۔ کیا مجھے آگے بڑھنا چاہیے؟
"I am Sara, mujhe Dr. Hamza se doctor sahib ko dikhana hai Wednesday ko.",Sure Sara! Dr. Hamza is available on Wednesday. I can book your slot for 9:00 AM to 4:00 PM. Should I proceed?,book,میں سارہ ہوں، مجھے ڈاکٹر حمزہ سے ڈاکٹر صاحب کو دیکھنا ہے بدھ کو۔,ضرور سارہ! ڈاکٹر حمزہ بدھ کو دستیاب ہیں۔ میں صبح 9:00 بجے سے شام 4:00 بجے تک آپ کی سلاٹ بک کر سکتا ہوں۔ کیا مجھے آگے بڑھنا چاہیے؟
"I am Ahmed, mujhe Dr. Hamza se appointment leni hai today ko.",Sure Ahmed! Dr. Hamza is available on today. I can book your slot for 9:00 AM to 4:00 PM. Should I proceed?,book,میں احمد ہوں، مجھے ڈاکٹر حمزہ سے ملاقات لینا ہے آج کو۔,ضرور احمد! ڈاکٹر حمزہ آج دستیاب ہیں۔ میں صبح 9:00 بجے سے شام 4:00 بجے تک آپ کی سلاٹ بک کر سکتا ہوں۔ کیا مجھے آگے بڑھنا چاہیے؟
"I am Ali, mujhe Dr. Hamza se slot chahiye Saturday ko.",Sure Ali! Dr. Hamza is available on Saturday. I can book your slot for 9:00 AM to 4:00 PM. Should I proceed?,book,میں علی ہوں، مجھے ڈاکٹر حمزہ سے سلاٹ چاہئیے ہفتہ کو۔,بے شک علی! ڈاکٹر حمزہ ہفتہ کو دستیاب ہیں۔ میں صبح 9:00 بجے سے شام 4:00 بجے تک آپ کی سلاٹ بک کر سکتا ہوں۔ کیا مجھے آگے بڑھنا چاہیے؟
"I am Fatima, mujhe Dr. Hamza se appointment leni hai Tuesday ko.",Sure Fatima! Dr. Hamza is available on Tuesday. I can book your slot for 9:00 AM to 4:00 PM. Should I proceed?,book,میں فاطمہ ہوں، مجھے ڈاکٹر حمزہ سے ملاقات لینا ہے منگل کو۔,بے شک فاطمہ! ڈاکٹر حمزہ منگل کو دستیاب ہیں۔ میں صبح 9:00 بجے سے شام 4:00 بجے تک آپ کی سلاٹ بک کر سکتا ہوں۔ کیا مجھے آگے بڑھنا چاہیے؟
"I am Ayesha, mujhe Dr. Hamza se appointment leni hai Wednesday ko.",Sure Ayesha! Dr. Hamza is available on Wednesday. I can book your slot for 9:00 AM to 4:00 PM. Should I proceed?,book,میں عائشہ ہوں، مجھے ڈاکٹر حمزہ سے ملاقات لینا ہے بدھ کو۔,بالکل عائشہ! ڈاکٹر حمزہ بدھ کو دستیاب ہیں۔ میں صبح 9:00 بجے سے شام 4:00 بجے تک آپ کی سلاٹ بک کر سکتا ہوں۔ کیا مجھے آگے بڑھنا چاہیے؟
"I am Sara, mujhe Dr. Hamza se checkup karana hai Monday ko.",Sure Sara! Dr. Hamza is available on Monday. I can book your slot for 9:00 AM to 4:00 PM. Should I proceed?,book,میں سارہ ہوں، مجھے ڈاکٹر حمزہ سے چیک اپ کرنا ہے پیر کو۔,ضرور سارہ! ڈاکٹر حمزہ پیر کو دستیاب ہیں۔ میں صبح 9:00 بجے سے شام 4:00 بجے تک آپ کی سلاٹ بک کر سکتا ہوں۔ کیا مجھے آگے بڑھنا چاہیے؟
"I am Bilal, mujhe Dr. Hamza se doctor sahib ko dikhana hai Monday ko.",Sure Bilal! Dr. Hamza is available on Monday. I can book your slot for 9:00 AM to 4:00 PM. Should I proceed?,book,میں بلال ہوں، مجھے ڈاکٹر حمزہ سے ڈاکٹر صاحب کو دیکھنا ہے پیر کو۔,بالکل بلال! ڈاکٹر حمزہ پیر کو دستیاب ہیں۔ میں صبح 9:00 بجے سے شام 4:00 بجے تک آپ کی سلاٹ بک کر سکتا ہوں۔ کیا مجھے آگے بڑھنا چاہیے؟
"I am Zainab, mujhe Dr. Hamza se doctor sahib ko dikhana hai Thursday ko.",Sure Zainab! Dr. Hamza is available on Thursday. I can book your slot for 9:00 AM to 4:00 PM. Should I proceed?,book,میں زینب ہوں، مجھے ڈاکٹر حمزہ سے ڈاکٹر صاحب کو دیکھنا ہے جمعرات کو۔,بے شک زینب! ڈاکٹر حمزہ جمعرات کو دستیاب ہیں۔ میں صبح 9:00 بجے سے شام 4:00 بجے تک آپ کی سلاٹ بک کر سکتا ہوں۔ کیا مجھے آگے بڑھنا چاہیے؟
"I am Usman, mujhe Dr. Hamza se checkup karana hai Friday ko.",Sure Usman! Dr. Hamza is available on Friday. I can book your slot for 9:00 AM to 4:00 PM. Should I proceed?,book,میں عثمان ہوں، مجھے ڈاکٹر حمزہ سے چیک اپ کرنا ہے جمعہ کو۔,بے شک عثمان! ڈاکٹر حمزہ جمعہ کو دستیاب ہیں۔ میں صبح 9:00 بجے سے شام 4:00 بجے تک آپ کی سلاٹ بک کر سکتا ہوں۔ کیا مجھے آگے بڑھنا چاہیے؟
"I am Ahmed, mujhe Dr. Hamza se doctor sahib ko dikhana hai Friday ko.",Sure Ahmed! Dr. Hamza is available on Friday. I can book your slot for 9:00 AM to 4:00 PM. Should I proceed?,book,میں احمد ہوں، مجھے ڈاکٹر حمزہ سے ڈاکٹر صاحب کو دیکھنا ہے جمعہ کو۔,ضرور احمد! ڈاکٹر حمزہ جمعہ کو دستیاب ہیں۔ میں صبح 9:00 بجے سے شام 4:00 بجے تک آپ کی سلاٹ بک کر سکتا ہوں۔ کیا مجھے آگے بڑھنا چاہیے؟
"I am Ali, mujhe Dr. Hamza se slot chahiye today ko.",Sure Ali! Dr. Hamza is available on today. I can book your slot for 9:00 AM to 4:00 PM. Should I proceed?,book,میں علی ہوں، مجھے ڈاکٹر حمزہ سے سلاٹ چاہیئے آج کو۔,بے شک علی! ڈاکٹر حمزہ آج دستیاب ہیں۔ میں صبح 9:00 بجے سے شام 4:00 بجے تک آپ کی سلاٹ بک کر سکتا ہوں۔ کیا مجھے آگے بڑھنا چاہیے؟
"I am Zainab, mujhe Dr. Hamza se doctor sahib ko dikhana hai Monday ko.",Sure Zainab! Dr. Hamza is available on Monday. I can book your slot for 9:00 AM to 4:00 PM. Should I proceed?,book,میں زینب ہوں، مجھے ڈاکٹر حمزہ سے ڈاکٹر صاحب کو دیکھنا ہے پیر کو۔,بے شک زینب! ڈاکٹر حمزہ پیر کو دستیاب ہیں۔ میں صبح 9:00 بجے سے شام 4:00 بجے تک آپ کی سلاٹ بک کر سکتا ہوں۔ کیا مجھے آگے بڑھنا چاہیے؟
"I am Hamza, mujhe Dr. Hamza se doctor sahib ko dikhana hai tomorrow ko.",Sure Hamza! Dr. Hamza is available on tomorrow. I can book your slot for 9:00 AM to 4:00 PM. Should I proceed?,book,میں حمزہ ہوں، مجھے ڈاکٹر حمزہ سے ڈاکٹر صاحب کو دیکھنا ہے کل کو۔,بے شک حمزہ! ڈاکٹر حمزہ کل دستیاب ہیں۔ میں صبح 9:00 بجے سے شام 4:00 بجے تک آپ کی سلاٹ بک کر سکتا ہوں۔ کیا مجھے آگے بڑھنا چاہیے؟
"I am Omer, mujhe Dr. Hamza se doctor sahib ko dikhana hai today ko.",Sure Omer! Dr. Hamza is available on today. I can book your slot for 9:00 AM to 4:00 PM. Should I proceed?,book,میں عمر ہوں، مجھے ڈاکٹر حمزہ سے ڈاکٹر صاحب کو دیکھنا ہے آج کو۔,بے شک عمر! ڈاکٹر حمزہ آج دستیاب ہیں۔ میں صبح 9:00 بجے سے شام 4:00 بجے تک آپ کی سلاٹ بک کر سکتا ہوں۔ کیا مجھے آگے بڑھنا چاہیے؟
"I am Bilal, mujhe Dr. Hamza se slot chahiye Monday ko.",Sure Bilal! Dr. Hamza is available on Monday. I can book your slot for 9:00 AM to 4:00 PM. Should I proceed?,book,میں ہوں بلال، مجھے ڈاکٹر حمزہ سے سلاٹ چاہئیے پیر کو۔,بالکل بلال! ڈاکٹر حمزہ پیر کو دستیاب ہیں۔ میں صبح 9:00 بجے سے شام 4:00 بجے تک آپ کی سلاٹ بک کر سکتا ہوں۔ کیا مجھے آگے بڑھنا چاہیے؟
"I am Ayesha, mujhe Dr. Hamza se slot chahiye today ko.",Sure Ayesha! Dr. Hamza is available on today. I can book your slot for 9:00 AM to 4:00 PM. Should I proceed?,book,میں عائشہ ہوں، مجھے ڈاکٹر حمزہ سے سلاٹ چاہیئے آج کو۔,بالکل عائشہ! ڈاکٹر حمزہ آج دستیاب ہیں۔ میں صبح 9:00 بجے سے شام 4:00 بجے تک آپ کی سلاٹ بک کر سکتا ہوں۔ کیا مجھے آگے بڑھنا چاہیے؟
"I am Omer, mujhe Dr. Hamza se doctor sahib ko dikhana hai tomorrow ko.",Sure Omer! Dr. Hamza is available on tomorrow. I can book your slot for 9:00 AM to 4:00 PM. Should I proceed?,book,میں عمر ہوں، مجھے ڈاکٹر حمزہ سے ڈاکٹر صاحب کو دیکھنا ہے کل کو۔,بے شک عمر! ڈاکٹر حمزہ کل دستیاب ہیں۔ میں صبح 9:00 بجے سے شام 4:00 بجے تک آپ کی سلاٹ بک کر سکتا ہوں۔ کیا مجھے آگے بڑھنا چاہیے؟
"I am Omer, mujhe Dr. Hamza se slot chahiye Thursday ko.",Sure Omer! Dr. Hamza is available on Thursday. I can book your slot for 9:00 AM to 4:00 PM. Should I proceed?,book,میں عمر ہوں، مجھے ڈاکٹر حمزہ سے سلاٹ چاہئیے جمعرات کو۔,بے شک عمر! ڈاکٹر حمزہ جمعرات کو دستیاب ہیں۔ میں صبح 9:00 بجے سے شام 4:00 بجے تک آپ کی سلاٹ بک کر سکتا ہوں۔ کیا مجھے آگے بڑھنا چاہیے؟
"I am Fatima, mujhe Dr. Hamza se appointment leni hai tomorrow ko.",Sure Fatima! Dr. Hamza is available on tomorrow. I can book your slot for 9:00 AM to 4:00 PM. Should I proceed?,book,میں فاطمہ ہوں، مجھے ڈاکٹر حمزہ سے ملاقات لینا ہے کل کو۔,بے شک فاطمہ! ڈاکٹر حمزہ کل دستیاب ہیں۔ میں صبح 9:00 بجے سے شام 4:00 بجے تک آپ کی سلاٹ بک کر سکتا ہوں۔ کیا مجھے آگے بڑھنا چاہیے؟
"I am Zainab, mujhe Dr. Hamza se checkup karana hai Tuesday ko.",Sure Zainab! Dr. Hamza is available on Tuesday. I can book your slot for 9:00 AM to 4:00 PM. Should I proceed?,book,میں زینب ہوں، مجھے ڈاکٹر حمزہ سے چیک اپ کرنا ہے منگل کو۔,بے شک زینب! ڈاکٹر حمزہ منگل کو دستیاب ہیں۔ میں صبح 9:00 بجے سے شام 4:00 بجے تک آپ کی سلاٹ بک کر سکتا ہوں۔ کیا مجھے آگے بڑھنا چاہیے؟
"I am Sana, mujhe Dr. Hamza se doctor sahib ko dikhana hai tomorrow ko.",Sure Sana! Dr. Hamza is available on tomorrow. I can book your slot for 9:00 AM to 4:00 PM. Should I proceed?,book,میں ہوں ثنا، مجھے ڈاکٹر حمزہ سے ڈاکٹر صاحب کو دیکھنا ہے کل کو۔,ضرور ثناء! ڈاکٹر حمزہ کل دستیاب ہیں۔ میں صبح 9:00 بجے سے شام 4:00 بجے تک آپ کی سلاٹ بک کر سکتا ہوں۔ کیا مجھے آگے بڑھنا چاہیے؟
"I am Hamza, mujhe Dr. Hamza se appointment leni hai Wednesday ko.",Sure Hamza! Dr. Hamza is available on Wednesday. I can book your slot for 9:00 AM to 4:00 PM. Should I proceed?,book,میں حمزہ ہوں، مجھے ڈاکٹر حمزہ سے ملاقات لینا ہے بدھ کو۔,بے شک حمزہ! ڈاکٹر حمزہ بدھ کو دستیاب ہیں۔ میں صبح 9:00 بجے سے شام 4:00 بجے تک آپ کی سلاٹ بک کر سکتا ہوں۔ کیا مجھے آگے بڑھنا چاہیے؟
"I am Usman, mujhe Dr. Hamza se appointment leni hai tomorrow ko.",Sure Usman! Dr. Hamza is available on tomorrow. I can book your slot for 9:00 AM to 4:00 PM. Should I proceed?,book,میں عثمان ہوں، مجھے ڈاکٹر حمزہ سے ملاقات لینا ہے کل کو۔,بے شک عثمان! ڈاکٹر حمزہ کل دستیاب ہیں۔ میں صبح 9:00 بجے سے شام 4:00 بجے تک آپ کی سلاٹ بک کر سکتا ہوں۔ کیا مجھے آگے بڑھنا چاہیے؟
"I am Omer, mujhe Dr. Hamza se appointment leni hai Tuesday ko.",Sure Omer! Dr. Hamza is available on Tuesday. I can book your slot for 9:00 AM to 4:00 PM. Should I proceed?,book,میں عمر ہوں، مجھے ڈاکٹر حمزہ سے ملاقات لینا ہے منگل کو۔,بے شک عمر! ڈاکٹر حمزہ منگل کو دستیاب ہیں۔ میں صبح 9:00 بجے سے شام 4:00 بجے تک آپ کی سلاٹ بک کر سکتا ہوں۔ کیا مجھے آگے بڑھنا چاہیے؟
"I am Ali, mujhe Dr. Hamza se appointment leni hai today ko.",Sure Ali! Dr. Hamza is available on today. I can book your slot for 9:00 AM to 4:00 PM. Should I proceed?,book,میں علی ہوں، مجھے ڈاکٹر حمزہ سے ملاقات لینا ہے آج کو۔,بے شک علی! ڈاکٹر حمزہ آج دستیاب ہیں۔ میں صبح 9:00 بجے سے شام 4:00 بجے تک آپ کی سلاٹ بک کر سکتا ہوں۔ کیا مجھے آگے بڑھنا چاہیے؟
"I am Sana, mujhe Dr. Hamza se checkup karana hai Friday ko.",Sure Sana! Dr. Hamza is available on Friday. I can book your slot for 9:00 AM to 4:00 PM. Should I proceed?,book,میں ثنا ہوں، مجھے ڈاکٹر حمزہ سے چیک اپ کرنا ہے جمعہ کو۔,ضرور ثناء! ڈاکٹر حمزہ جمعہ کو دستیاب ہیں۔ میں صبح 9:00 بجے سے شام 4:00 بجے تک آپ کی سلاٹ بک کر سکتا ہوں۔ کیا مجھے آگے بڑھنا چاہیے؟
"I am Ayesha, mujhe Dr. Hamza se slot chahiye Friday ko.",Sure Ayesha! Dr. Hamza is available on Friday. I can book your slot for 9:00 AM to 4:00 PM. Should I proceed?,book,میں عائشہ ہوں، مجھے ڈاکٹر حمزہ سے سلاٹ چاہئیے جمعہ کو۔,بالکل عائشہ! ڈاکٹر حمزہ جمعہ کو دستیاب ہیں۔ میں صبح 9:00 بجے سے شام 4:00 بجے تک آپ کی سلاٹ بک کر سکتا ہوں۔ کیا مجھے آگے بڑھنا چاہیے؟
"I am Zainab, mujhe Dr. Hamza se checkup karana hai Thursday ko.",Sure Zainab! Dr. Hamza is available on Thursday. I can book your slot for 9:00 AM to 4:00 PM. Should I proceed?,book,میں زینب ہوں، مجھے ڈاکٹر حمزہ سے چیک اپ کرنا ہے جمعرات کو۔,بے شک زینب! ڈاکٹر حمزہ جمعرات کو دستیاب ہیں۔ میں صبح 9:00 بجے سے شام 4:00 بجے تک آپ کی سلاٹ بک کر سکتا ہوں۔ کیا مجھے آگے بڑھنا چاہیے؟
"I am Khadija, mujhe Dr. Hamza se appointment leni hai Friday ko.",Sure Khadija! Dr. Hamza is available on Friday. I can book your slot for 9:00 AM to 4:00 PM. Should I proceed?,book,میں خدیجہ ہوں، مجھے ڈاکٹر حمزہ سے ملاقات لینا ہے جمعہ کو۔,بے شک خدیجہ! ڈاکٹر حمزہ جمعہ کو دستیاب ہیں۔ میں صبح 9:00 بجے سے شام 4:00 بجے تک آپ کی سلاٹ بک کر سکتا ہوں۔ کیا مجھے آگے بڑھنا چاہیے؟
"I am Bilal, mujhe Dr. Hamza se slot chahiye Saturday ko.",Sure Bilal! Dr. Hamza is available on Saturday. I can book your slot for 9:00 AM to 4:00 PM. Should I proceed?,book,میں بلال ہوں، مجھے ڈاکٹر حمزہ سے سلاٹ چاہئیے ہفتہ کو۔,بالکل بلال! ڈاکٹر حمزہ ہفتہ کو دستیاب ہیں۔ میں صبح 9:00 بجے سے شام 4:00 بجے تک آپ کی سلاٹ بک کر سکتا ہوں۔ کیا مجھے آگے بڑھنا چاہیے؟
"I am Khadija, mujhe Dr. Hamza se doctor sahib ko dikhana hai Friday ko.",Sure Khadija! Dr. Hamza is available on Friday. I can book your slot for 9:00 AM to 4:00 PM. Should I proceed?,book,میں خدیجہ ہوں، مجھے ڈاکٹر حمزہ سے ڈاکٹر صاحب کو دیکھنا ہے جمعہ کو۔,بے شک خدیجہ! ڈاکٹر حمزہ جمعہ کو دستیاب ہیں۔ میں صبح 9:00 بجے سے شام 4:00 بجے تک آپ کی سلاٹ بک کر سکتا ہوں۔ کیا مجھے آگے بڑھنا چاہیے؟
"I am Hamza, mujhe Dr. Hamza se appointment leni hai tomorrow ko.",Sure Hamza! Dr. Hamza is available on tomorrow. I can book your slot for 9:00 AM to 4:00 PM. Should I proceed?,book,میں حمزہ ہوں، مجھے ڈاکٹر حمزہ سے ملاقات لینا ہے کل کو۔,بے شک حمزہ! ڈاکٹر حمزہ کل دستیاب ہیں۔ میں صبح 9:00 بجے سے شام 4:00 بجے تک آپ کی سلاٹ بک کر سکتا ہوں۔ کیا مجھے آگے بڑھنا چاہیے؟
"I am Bilal, mujhe Dr. Hamza se doctor sahib ko dikhana hai Friday ko.",Sure Bilal! Dr. Hamza is available on Friday. I can book your slot for 9:00 AM to 4:00 PM. Should I proceed?,book,میں بلال ہوں، مجھے ڈاکٹر حمزہ سے ڈاکٹر صاحب کو دیکھنا ہے جمعہ کو۔,بالکل بلال! ڈاکٹر حمزہ جمعہ کو دستیاب ہیں۔ میں صبح 9:00 بجے سے شام 4:00 بجے تک آپ کی سلاٹ بک کر سکتا ہوں۔ کیا مجھے آگے بڑھنا چاہیے؟
"I am Zainab, mujhe Dr. Hamza se checkup karana hai tomorrow ko.",Sure Zainab! Dr. Hamza is available on tomorrow. I can book your slot for 9:00 AM to 4:00 PM. Should I proceed?,book,میں زینب ہوں، مجھے ڈاکٹر حمزہ سے چیک اپ کرنا ہے کل کو۔,بے شک زینب! ڈاکٹر حمزہ کل دستیاب ہیں۔ میں صبح 9:00 بجے سے شام 4:00 بجے تک آپ کی سلاٹ بک کر سکتا ہوں۔ کیا مجھے آگے بڑھنا چاہیے؟
"I am Ayesha, mujhe Dr. Hamza se slot chahiye Tuesday ko.",Sure Ayesha! Dr. Hamza is available on Tuesday. I can book your slot for 9:00 AM to 4:00 PM. Should I proceed?,book,میں عائشہ ہوں، مجھے ڈاکٹر حمزہ سے سلاٹ چاہئیے منگل کو۔,بالکل عائشہ! ڈاکٹر حمزہ منگل کو دستیاب ہیں۔ میں صبح 9:00 بجے سے شام 4:00 بجے تک آپ کی سلاٹ بک کر سکتا ہوں۔ کیا مجھے آگے بڑھنا چاہیے؟
"I am Bilal, mujhe Dr. Hamza se checkup karana hai tomorrow ko.",Sure Bilal! Dr. Hamza is available on tomorrow. I can book your slot for 9:00 AM to 4:00 PM. Should I proceed?,book,میں بلال ہوں، مجھے ڈاکٹر حمزہ سے چیک اپ کرنا ہے کل کو۔,بالکل بلال! ڈاکٹر حمزہ کل دستیاب ہیں۔ میں صبح 9:00 بجے سے شام 4:00 بجے تک آپ کی سلاٹ بک کر سکتا ہوں۔ کیا مجھے آگے بڑھنا چاہیے؟
"I am Usman, mujhe Dr. Hamza se doctor sahib ko dikhana hai Thursday ko.",Sure Usman! Dr. Hamza is available on Thursday. I can book your slot for 9:00 AM to 4:00 PM. Should I proceed?,book,میں عثمان ہوں، مجھے ڈاکٹر حمزہ سے ڈاکٹر صاحب کو دیکھنا ہے جمعرات کو۔,بے شک عثمان! ڈاکٹر حمزہ جمعرات کو دستیاب ہیں۔ میں صبح 9:00 بجے سے شام 4:00 بجے تک آپ کی سلاٹ بک کر سکتا ہوں۔ کیا مجھے آگے بڑھنا چاہیے؟
"I am Usman, mujhe Dr. Hamza se slot chahiye today ko.",Sure Usman! Dr. Hamza is available on today. I can book your slot for 9:00 AM to 4:00 PM. Should I proceed?,book,میں عثمان ہوں، مجھے ڈاکٹر حمزہ سے سلاٹ چاہیئے آج کو۔,بے شک عثمان! ڈاکٹر حمزہ آج دستیاب ہیں۔ میں صبح 9:00 بجے سے شام 4:00 بجے تک آپ کی سلاٹ بک کر سکتا ہوں۔ کیا مجھے آگے بڑھنا چاہیے؟
"I am Sana, mujhe Dr. Hamza se slot chahiye tomorrow ko.",Sure Sana! Dr. Hamza is available on tomorrow. I can book your slot for 9:00 AM to 4:00 PM. Should I proceed?,book,میں ہوں ثناء، مجھے ڈاکٹر حمزہ سے سلاٹ چاہئیے کل کو۔,ضرور ثناء! ڈاکٹر حمزہ کل دستیاب ہیں۔ میں صبح 9:00 بجے سے شام 4:00 بجے تک آپ کی سلاٹ بک کر سکتا ہوں۔ کیا مجھے آگے بڑھنا چاہیے؟
"I am Ayesha, mujhe Dr. Hamza se checkup karana hai Thursday ko.",Sure Ayesha! Dr. Hamza is available on Thursday. I can book your slot for 9:00 AM to 4:00 PM. Should I proceed?,book,میں عائشہ ہوں، مجھے ڈاکٹر حمزہ سے چیک اپ کرنا ہے جمعرات کو۔,بالکل عائشہ! ڈاکٹر حمزہ جمعرات کو دستیاب ہیں۔ میں صبح 9:00 بجے سے شام 4:00 بجے تک آپ کی سلاٹ بک کر سکتا ہوں۔ کیا مجھے آگے بڑھنا چاہیے؟
"I am Fatima, mujhe Dr. Hamza se checkup karana hai Saturday ko.",Sure Fatima! Dr. Hamza is available on Saturday. I can book your slot for 9:00 AM to 4:00 PM. Should I proceed?,book,میں فاطمہ ہوں، مجھے ڈاکٹر حمزہ سے چیک اپ کرنا ہے ہفتہ کو۔,بے شک فاطمہ! ڈاکٹر حمزہ ہفتہ کو دستیاب ہیں۔ میں صبح 9:00 بجے سے شام 4:00 بجے تک آپ کی سلاٹ بک کر سکتا ہوں۔ کیا مجھے آگے بڑھنا چاہیے؟
"I am Ayesha, mujhe Dr. Hamza se doctor sahib ko dikhana hai Friday ko.",Sure Ayesha! Dr. Hamza is available on Friday. I can book your slot for 9:00 AM to 4:00 PM. Should I proceed?,book,میں عائشہ ہوں، مجھے ڈاکٹر حمزہ سے ڈاکٹر صاحب کو دیکھنا ہے جمعہ کو۔,بالکل عائشہ! ڈاکٹر حمزہ جمعہ کو دستیاب ہیں۔ میں صبح 9:00 بجے سے شام 4:00 بجے تک آپ کی سلاٹ بک کر سکتا ہوں۔ کیا مجھے آگے بڑھنا چاہیے؟
"I am Zainab, mujhe Dr. Hamza se slot chahiye Friday ko.",Sure Zainab! Dr. Hamza is available on Friday. I can book your slot for 9:00 AM to 4:00 PM. Should I proceed?,book,میں زینب ہوں، مجھے ڈاکٹر حمزہ سے سلاٹ چاہئیے جمعہ کو۔,بے شک زینب! ڈاکٹر حمزہ جمعہ کو دستیاب ہیں۔ میں صبح 9:00 بجے سے شام 4:00 بجے تک آپ کی سلاٹ بک کر سکتا ہوں۔ کیا مجھے آگے بڑھنا چاہیے؟
"I am Ali, mujhe Dr. Hamza se checkup karana hai tomorrow ko.",Sure Ali! Dr. Hamza is available on tomorrow. I can book your slot for 9:00 AM to 4:00 PM. Should I proceed?,book,میں علی ہوں، مجھے ڈاکٹر حمزہ سے چیک اپ کرنا ہے کل کو۔,بے شک علی! ڈاکٹر حمزہ کل دستیاب ہیں۔ میں صبح 9:00 بجے سے شام 4:00 بجے تک آپ کی سلاٹ بک کر سکتا ہوں۔ کیا مجھے آگے بڑھنا چاہیے؟
"I am Omer, mujhe Dr. Hamza se appointment leni hai Saturday ko.",Sure Omer! Dr. Hamza is available on Saturday. I can book your slot for 9:00 AM to 4:00 PM. Should I proceed?,book,میں عمر ہوں، مجھے ڈاکٹر حمزہ سے ملاقات لینا ہے ہفتہ کو۔,بے شک عمر! ڈاکٹر حمزہ ہفتہ کو دستیاب ہیں۔ میں صبح 9:00 بجے سے شام 4:00 بجے تک آپ کی سلاٹ بک کر سکتا ہوں۔ کیا مجھے آگے بڑھنا چاہیے؟
"I am Ayesha, mujhe Dr. Hamza se doctor sahib ko dikhana hai Thursday ko.",Sure Ayesha! Dr. Hamza is available on Thursday. I can book your slot for 9:00 AM to 4:00 PM. Should I proceed?,book,میں عائشہ ہوں، مجھے ڈاکٹر حمزہ سے ڈاکٹر صاحب کو دیکھنا ہے جمعرات کو۔,بالکل عائشہ! ڈاکٹر حمزہ جمعرات کو دستیاب ہیں۔ میں صبح 9:00 بجے سے شام 4:00 بجے تک آپ کی سلاٹ بک کر سکتا ہوں۔ کیا مجھے آگے بڑھنا چاہیے؟
"I am Ahmed, mujhe Dr. Hamza se slot chahiye today ko.",Sure Ahmed! Dr. Hamza is available on today. I can book your slot for 9:00 AM to 4:00 PM. Should I proceed?,book,میں احمد ہوں، مجھے ڈاکٹر حمزہ سے سلاٹ چاہیئے آج کو۔,ضرور احمد! ڈاکٹر حمزہ آج دستیاب ہیں۔ میں صبح 9:00 بجے سے شام 4:00 بجے تک آپ کی سلاٹ بک کر سکتا ہوں۔ کیا مجھے آگے بڑھنا چاہیے؟
"I am Zainab, mujhe Dr. Hamza se appointment leni hai Friday ko.",Sure Zainab! Dr. Hamza is available on Friday. I can book your slot for 9:00 AM to 4:00 PM. Should I proceed?,book,میں زینب ہوں، مجھے ڈاکٹر حمزہ سے ملاقات لینا ہے جمعہ کو۔,بے شک زینب! ڈاکٹر حمزہ جمعہ کو دستیاب ہیں۔ میں صبح 9:00 بجے سے شام 4:00 بجے تک آپ کی سلاٹ بک کر سکتا ہوں۔ کیا مجھے آگے بڑھنا چاہیے؟
"I am Bilal, mujhe Dr. Hamza se doctor sahib ko dikhana hai Thursday ko.",Sure Bilal! Dr. Hamza is available on Thursday. I can book your slot for 9:00 AM to 4:00 PM. Should I proceed?,book,میں بلال ہوں، مجھے ڈاکٹر حمزہ سے ڈاکٹر صاحب کو دیکھنا ہے جمعرات کو۔,بالکل بلال! ڈاکٹر حمزہ جمعرات کو دستیاب ہیں۔ میں صبح 9:00 بجے سے شام 4:00 بجے تک آپ کی سلاٹ بک کر سکتا ہوں۔ کیا مجھے آگے بڑھنا چاہیے؟
"I am Fatima, mujhe Dr. Hamza se slot chahiye Tuesday ko.",Sure Fatima! Dr. Hamza is available on Tuesday. I can book your slot for 9:00 AM to 4:00 PM. Should I proceed?,book,میں فاطمہ ہوں، مجھے ڈاکٹر حمزہ سے سلاٹ چاہئیے منگل کو۔,بے شک فاطمہ! ڈاکٹر حمزہ منگل کو دستیاب ہیں۔ میں صبح 9:00 بجے سے شام 4:00 بجے تک آپ کی سلاٹ بک کر سکتا ہوں۔ کیا مجھے آگے بڑھنا چاہیے؟
"I am Hamza, mujhe Dr. Hamza se slot chahiye Wednesday ko.",Sure Hamza! Dr. Hamza is available on Wednesday. I can book your slot for 9:00 AM to 4:00 PM. Should I proceed?,book,میں حمزہ ہوں، مجھے ڈاکٹر حمزہ سے سلاٹ چاہئیے بدھ کو۔,بے شک حمزہ! ڈاکٹر حمزہ بدھ کو دستیاب ہیں۔ میں صبح 9:00 بجے سے شام 4:00 بجے تک آپ کی سلاٹ بک کر سکتا ہوں۔ کیا مجھے آگے بڑھنا چاہیے؟
"I am Sana, mujhe Dr. Hamza se checkup karana hai Tuesday ko.",Sure Sana! Dr. Hamza is available on Tuesday. I can book your slot for 9:00 AM to 4:00 PM. Should I proceed?,book,میں ثنا ہوں، مجھے ڈاکٹر حمزہ سے چیک اپ کرنا ہے منگل کو۔,ضرور ثناء! ڈاکٹر حمزہ منگل کو دستیاب ہیں۔ میں صبح 9:00 بجے سے شام 4:00 بجے تک آپ کی سلاٹ بک کر سکتا ہوں۔ کیا مجھے آگے بڑھنا چاہیے؟
"I am Sana, mujhe Dr. Hamza se slot chahiye Saturday ko.",Sure Sana! Dr. Hamza is available on Saturday. I can book your slot for 9:00 AM to 4:00 PM. Should I proceed?,book,میں ہوں ثناء، مجھے ڈاکٹر حمزہ سے سلاٹ چاہئیے ہفتہ کو۔,ضرور ثناء! ڈاکٹر حمزہ ہفتہ کو دستیاب ہیں۔ میں صبح 9:00 بجے سے شام 4:00 بجے تک آپ کی سلاٹ بک کر سکتا ہوں۔ کیا مجھے آگے بڑھنا چاہیے؟
"I am Bilal, mujhe Dr. Hamza se slot chahiye Tuesday ko.",Sure Bilal! Dr. Hamza is available on Tuesday. I can book your slot for 9:00 AM to 4:00 PM. Should I proceed?,book,میں ہوں بلال، مجھے ڈاکٹر حمزہ سے سلاٹ چاہئیے منگل کو۔,بالکل بلال! ڈاکٹر حمزہ منگل کو دستیاب ہیں۔ میں صبح 9:00 بجے سے شام 4:00 بجے تک آپ کی سلاٹ بک کر سکتا ہوں۔ کیا مجھے آگے بڑھنا چاہیے؟
"I am Ali, mujhe Dr. Hamza se appointment leni hai Monday ko.",Sure Ali! Dr. Hamza is available on Monday. I can book your slot for 9:00 AM to 4:00 PM. Should I proceed?,book,میں علی ہوں، مجھے ڈاکٹر حمزہ سے ملاقات لینا ہے پیر کو۔,بے شک علی! ڈاکٹر حمزہ پیر کو دستیاب ہیں۔ میں صبح 9:00 بجے سے شام 4:00 بجے تک آپ کی سلاٹ بک کر سکتا ہوں۔ کیا مجھے آگے بڑھنا چاہیے؟
"I am Sana, mujhe Dr. Hamza se doctor sahib ko dikhana hai Saturday ko.",Sure Sana! Dr. Hamza is available on Saturday. I can book your slot for 9:00 AM to 4:00 PM. Should I proceed?,book,میں ہوں ثنا، مجھے ڈاکٹر حمزہ سے ڈاکٹر صاحب کو دیکھنا ہے ہفتہ کو۔,ضرور ثناء! ڈاکٹر حمزہ ہفتہ کو دستیاب ہیں۔ میں صبح 9:00 بجے سے شام 4:00 بجے تک آپ کی سلاٹ بک کر سکتا ہوں۔ کیا مجھے آگے بڑھنا چاہیے؟
"I am Fatima, mujhe Dr. Hamza se checkup karana hai Tuesday ko.",Sure Fatima! Dr. Hamza is available on Tuesday. I can book your slot for 9:00 AM to 4:00 PM. Should I proceed?,book,میں فاطمہ ہوں، مجھے ڈاکٹر حمزہ سے چیک اپ کرنا ہے منگل کو۔,بے شک فاطمہ! ڈاکٹر حمزہ منگل کو دستیاب ہیں۔ میں صبح 9:00 بجے سے شام 4:00 بجے تک آپ کی سلاٹ بک کر سکتا ہوں۔ کیا مجھے آگے بڑھنا چاہیے؟
"I am Ali, mujhe Dr. Hamza se doctor sahib ko dikhana hai Friday ko.",Sure Ali! Dr. Hamza is available on Friday. I can book your slot for 9:00 AM to 4:00 PM. Should I proceed?,book,میں علی ہوں، مجھے ڈاکٹر حمزہ سے ڈاکٹر صاحب کو دیکھنا ہے جمعہ کو۔,بے شک علی! ڈاکٹر حمزہ جمعہ کو دستیاب ہیں۔ میں صبح 9:00 بجے سے شام 4:00 بجے تک آپ کی سلاٹ بک کر سکتا ہوں۔ کیا مجھے آگے بڑھنا چاہیے؟
"I am Zainab, mujhe Dr. Hamza se checkup karana hai today ko.",Sure Zainab! Dr. Hamza is available on today. I can book your slot for 9:00 AM to 4:00 PM. Should I proceed?,book,میں زینب ہوں، مجھے ڈاکٹر حمزہ سے چیک اپ کرنا ہے آج کو۔,بے شک زینب! ڈاکٹر حمزہ آج دستیاب ہیں۔ میں صبح 9:00 بجے سے شام 4:00 بجے تک آپ کی سلاٹ بک کر سکتا ہوں۔ کیا مجھے آگے بڑھنا چاہیے؟
"I am Hamza, mujhe Dr. Hamza se doctor sahib ko dikhana hai Thursday ko.",Sure Hamza! Dr. Hamza is available on Thursday. I can book your slot for 9:00 AM to 4:00 PM. Should I proceed?,book,میں حمزہ ہوں، مجھے ڈاکٹر حمزہ سے ڈاکٹر صاحب کو دیکھنا ہے جمعرات کو۔,بے شک حمزہ! ڈاکٹر حمزہ جمعرات کو دستیاب ہیں۔ میں صبح 9:00 بجے سے شام 4:00 بجے تک آپ کی سلاٹ بک کر سکتا ہوں۔ کیا مجھے آگے بڑھنا چاہیے؟
"I am Zainab, mujhe Dr. Hamza se doctor sahib ko dikhana hai Tuesday ko.",Sure Zainab! Dr. Hamza is available on Tuesday. I can book your slot for 9:00 AM to 4:00 PM. Should I proceed?,book,میں زینب ہوں، مجھے ڈاکٹر حمزہ سے ڈاکٹر صاحب کو دیکھنا ہے منگل کو۔,بے شک زینب! ڈاکٹر حمزہ منگل کو دستیاب ہیں۔ میں صبح 9:00 بجے سے شام 4:00 بجے تک آپ کی سلاٹ بک کر سکتا ہوں۔ کیا مجھے آگے بڑھنا چاہیے؟
"I am Zainab, mujhe Dr. Hamza se appointment leni hai Wednesday ko.",Sure Zainab! Dr. Hamza is available on Wednesday. I can book your slot for 9:00 AM to 4:00 PM. Should I proceed?,book,میں زینب ہوں، مجھے ڈاکٹر حمزہ سے ملاقات لینا ہے بدھ کو۔,بے شک زینب! ڈاکٹر حمزہ بدھ کو دستیاب ہیں۔ میں صبح 9:00 بجے سے شام 4:00 بجے تک آپ کی سلاٹ بک کر سکتا ہوں۔ کیا مجھے آگے بڑھنا چاہیے؟
"I am Ayesha, mujhe Dr. Hamza se doctor sahib ko dikhana hai Monday ko.",Sure Ayesha! Dr. Hamza is available on Monday. I can book your slot for 9:00 AM to 4:00 PM. Should I proceed?,book,میں عائشہ ہوں، مجھے ڈاکٹر حمزہ سے ڈاکٹر صاحب کو دیکھنا ہے پیر کو۔,بالکل عائشہ! ڈاکٹر حمزہ پیر کو دستیاب ہیں۔ میں صبح 9:00 بجے سے شام 4:00 بجے تک آپ کی سلاٹ بک کر سکتا ہوں۔ کیا مجھے آگے بڑھنا چاہیے؟
"I am Usman, mujhe Dr. Hamza se slot chahiye Monday ko.",Sure Usman! Dr. Hamza is available on Monday. I can book your slot for 9:00 AM to 4:00 PM. Should I proceed?,book,میں عثمان ہوں، مجھے ڈاکٹر حمزہ سے سلاٹ چاہئیے پیر کو۔,بے شک عثمان! ڈاکٹر حمزہ پیر کو دستیاب ہیں۔ میں صبح 9:00 بجے سے شام 4:00 بجے تک آپ کی سلاٹ بک کر سکتا ہوں۔ کیا مجھے آگے بڑھنا چاہیے؟
"I am Sara, mujhe Dr. Hamza se checkup karana hai Saturday ko.",Sure Sara! Dr. Hamza is available on Saturday. I can book your slot for 9:00 AM to 4:00 PM. Should I proceed?,book,میں سارہ ہوں، مجھے ڈاکٹر حمزہ سے چیک اپ کرنا ہے ہفتہ کو۔,ضرور سارہ! ڈاکٹر حمزہ ہفتہ کو دستیاب ہیں۔ میں صبح 9:00 بجے سے شام 4:00 بجے تک آپ کی سلاٹ بک کر سکتا ہوں۔ کیا مجھے آگے بڑھنا چاہیے؟
"I am Ahmed, mujhe Dr. Hamza se appointment leni hai tomorrow ko.",Sure Ahmed! Dr. Hamza is available on tomorrow. I can book your slot for 9:00 AM to 4:00 PM. Should I proceed?,book,میں احمد ہوں، مجھے ڈاکٹر حمزہ سے ملاقات لینا ہے کل کو۔,ضرور احمد! ڈاکٹر حمزہ کل دستیاب ہیں۔ میں صبح 9:00 بجے سے شام 4:00 بجے تک آپ کی سلاٹ بک کر سکتا ہوں۔ کیا مجھے آگے بڑھنا چاہیے؟
"I am Khadija, mujhe Dr. Hamza se checkup karana hai Tuesday ko.",Sure Khadija! Dr. Hamza is available on Tuesday. I can book your slot for 9:00 AM to 4:00 PM. Should I proceed?,book,میں خدیجہ ہوں، مجھے ڈاکٹر حمزہ سے چیک اپ کرنا ہے منگل کو۔,بے شک خدیجہ! ڈاکٹر حمزہ منگل کو دستیاب ہیں۔ میں صبح 9:00 بجے سے شام 4:00 بجے تک آپ کی سلاٹ بک کر سکتا ہوں۔ کیا مجھے آگے بڑھنا چاہیے؟
"I am Ayesha, mujhe Dr. Hamza se checkup karana hai Tuesday ko.",Sure Ayesha! Dr. Hamza is available on Tuesday. I can book your slot for 9:00 AM to 4:00 PM. Should I proceed?,book,میں عائشہ ہوں، مجھے ڈاکٹر حمزہ سے چیک اپ کرنا ہے منگل کو۔,بالکل عائشہ! ڈاکٹر حمزہ منگل کو دستیاب ہیں۔ میں صبح 9:00 بجے سے شام 4:00 بجے تک آپ کی سلاٹ بک کر سکتا ہوں۔ کیا مجھے آگے بڑھنا چاہیے؟
"I am Khadija, mujhe Dr. Hamza se doctor sahib ko dikhana hai Tuesday ko.",Sure Khadija! Dr. Hamza is available on Tuesday. I can book your slot for 9:00 AM to 4:00 PM. Should I proceed?,book,میں خدیجہ ہوں، مجھے ڈاکٹر حمزہ سے ڈاکٹر صاحب کو دیکھنا ہے منگل کو۔,بے شک خدیجہ! ڈاکٹر حمزہ منگل کو دستیاب ہیں۔ میں صبح 9:00 بجے سے شام 4:00 بجے تک آپ کی سلاٹ بک کر سکتا ہوں۔ کیا مجھے آگے بڑھنا چاہیے؟
"I am Ali, mujhe Dr. Hamza se appointment leni hai Saturday ko.",Sure Ali! Dr. Hamza is available on Saturday. I can book your slot for 9:00 AM to 4:00 PM. Should I proceed?,book,میں علی ہوں، مجھے ڈاکٹر حمزہ سے ملاقات لینا ہے ہفتہ کو۔,بے شک علی! ڈاکٹر حمزہ ہفتہ کو دستیاب ہیں۔ میں صبح 9:00 بجے سے شام 4:00 بجے تک آپ کی سلاٹ بک کر سکتا ہوں۔ کیا مجھے آگے بڑھنا چاہیے؟
"I am Usman, mujhe Dr. Hamza se slot chahiye Thursday ko.",Sure Usman! Dr. Hamza is available on Thursday. I can book your slot for 9:00 AM to 4:00 PM. Should I proceed?,book,میں عثمان ہوں، مجھے ڈاکٹر حمزہ سے سلاٹ چاہئیے جمعرات کو۔,بے شک عثمان! ڈاکٹر حمزہ جمعرات کو دستیاب ہیں۔ میں صبح 9:00 بجے سے شام 4:00 بجے تک آپ کی سلاٹ بک کر سکتا ہوں۔ کیا مجھے آگے بڑھنا چاہیے؟
"I am Sana, mujhe Dr. Hamza se appointment leni hai tomorrow ko.",Sure Sana! Dr. Hamza is available on tomorrow. I can book your slot for 9:00 AM to 4:00 PM. Should I proceed?,book,میں ثنا ہوں، مجھے ڈاکٹر حمزہ سے ملاقات لینا ہے کل کو۔,ضرور ثناء! ڈاکٹر حمزہ کل دستیاب ہیں۔ میں صبح 9:00 بجے سے شام 4:00 بجے تک آپ کی سلاٹ بک کر سکتا ہوں۔ کیا مجھے آگے بڑھنا چاہیے؟
"I am Fatima, mujhe Dr. Hamza se slot chahiye tomorrow ko.",Sure Fatima! Dr. Hamza is available on tomorrow. I can book your slot for 9:00 AM to 4:00 PM. Should I proceed?,book,میں فاطمہ ہوں، مجھے ڈاکٹر حمزہ سے سلاٹ چاہیئے کل کو۔,بے شک فاطمہ! ڈاکٹر حمزہ کل دستیاب ہیں۔ میں صبح 9:00 بجے سے شام 4:00 بجے تک آپ کی سلاٹ بک کر سکتا ہوں۔ کیا مجھے آگے بڑھنا چاہیے؟
"I am Khadija, mujhe Dr. Hamza se appointment leni hai tomorrow ko.",Sure Khadija! Dr. Hamza is available on tomorrow. I can book your slot for 9:00 AM to 4:00 PM. Should I proceed?,book,میں خدیجہ ہوں، مجھے ڈاکٹر حمزہ سے ملاقات لینا ہے کل کو۔,بے شک خدیجہ! ڈاکٹر حمزہ کل دستیاب ہیں۔ میں صبح 9:00 بجے سے شام 4:00 بجے تک آپ کی سلاٹ بک کر سکتا ہوں۔ کیا مجھے آگے بڑھنا چاہیے؟
"I am Hamza, mujhe Dr. Hamza se appointment leni hai Tuesday ko.",Sure Hamza! Dr. Hamza is available on Tuesday. I can book your slot for 9:00 AM to 4:00 PM. Should I proceed?,book,میں حمزہ ہوں، مجھے ڈاکٹر حمزہ سے ملاقات لینا ہے منگل کو۔,بے شک حمزہ! ڈاکٹر حمزہ منگل کو دستیاب ہیں۔ میں صبح 9:00 بجے سے شام 4:00 بجے تک آپ کی سلاٹ بک کر سکتا ہوں۔ کیا مجھے آگے بڑھنا چاہیے؟
"I am Usman, mujhe Dr. Hamza se slot chahiye tomorrow ko.",Sure Usman! Dr. Hamza is available on tomorrow. I can book your slot for 9:00 AM to 4:00 PM. Should I proceed?,book,میں عثمان ہوں، مجھے ڈاکٹر حمزہ سے سلاٹ چاہیئے کل کو۔,بے شک عثمان! ڈاکٹر حمزہ کل دستیاب ہیں۔ میں صبح 9:00 بجے سے شام 4:00 بجے تک آپ کی سلاٹ بک کر سکتا ہوں۔ کیا مجھے آگے بڑھنا چاہیے؟
"I am Sara, mujhe Dr. Hamza se appointment leni hai Friday ko.",Sure Sara! Dr. Hamza is available on Friday. I can book your slot for 9:00 AM to 4:00 PM. Should I proceed?,book,میں سارہ ہوں، مجھے ڈاکٹر حمزہ سے ملاقات لینا ہے جمعہ کو۔,ضرور سارہ! ڈاکٹر حمزہ جمعہ کو دستیاب ہیں۔ میں صبح 9:00 بجے سے شام 4:00 بجے تک آپ کی سلاٹ بک کر سکتا ہوں۔ کیا مجھے آگے بڑھنا چاہیے؟
"I am Sana, mujhe Dr. Hamza se appointment leni hai Monday ko.",Sure Sana! Dr. Hamza is available on Monday. I can book your slot for 9:00 AM to 4:00 PM. Should I proceed?,book,میں ثنا ہوں، مجھے ڈاکٹر حمزہ سے ملاقات لینا ہے پیر کو۔,ضرور ثناء! ڈاکٹر حمزہ پیر کو دستیاب ہیں۔ میں صبح 9:00 بجے سے شام 4:00 بجے تک آپ کی سلاٹ بک کر سکتا ہوں۔ کیا مجھے آگے بڑھنا چاہیے؟
"I am Hamza, mujhe Dr. Hamza se checkup karana hai Wednesday ko.",Sure Hamza! Dr. Hamza is available on Wednesday. I can book your slot for 9:00 AM to 4:00 PM. Should I proceed?,book,میں حمزہ ہوں، مجھے ڈاکٹر حمزہ سے چیک اپ کرنا ہے بدھ کو۔,بے شک حمزہ! ڈاکٹر حمزہ بدھ کو دستیاب ہیں۔ میں صبح 9:00 بجے سے شام 4:00 بجے تک آپ کی سلاٹ بک کر سکتا ہوں۔ کیا مجھے آگے بڑھنا چاہیے؟
"I am Sana, mujhe Dr. Hamza se checkup karana hai Saturday ko.",Sure Sana! Dr. Hamza is available on Saturday. I can book your slot for 9:00 AM to 4:00 PM. Should I proceed?,book,میں ثنا ہوں، مجھے ڈاکٹر حمزہ سے چیک اپ کرنا ہے ہفتہ کو۔,ضرور ثناء! ڈاکٹر حمزہ ہفتہ کو دستیاب ہیں۔ میں صبح 9:00 بجے سے شام 4:00 بجے تک آپ کی سلاٹ بک کر سکتا ہوں۔ کیا مجھے آگے بڑھنا چاہیے؟
"I am Fatima, mujhe Dr. Hamza se doctor sahib ko dikhana hai Monday ko.",Sure Fatima! Dr. Hamza is available on Monday. I can book your slot for 9:00 AM to 4:00 PM. Should I proceed?,book,میں فاطمہ ہوں، مجھے ڈاکٹر حمزہ سے ڈاکٹر صاحب کو دیکھنا ہے پیر کو۔,بے شک فاطمہ! ڈاکٹر حمزہ پیر کو دستیاب ہیں۔ میں صبح 9:00 بجے سے شام 4:00 بجے تک آپ کی سلاٹ بک کر سکتا ہوں۔ کیا مجھے آگے بڑھنا چاہیے؟
"I am Bilal, mujhe Dr. Hamza se appointment leni hai Wednesday ko.",Sure Bilal! Dr. Hamza is available on Wednesday. I can book your slot for 9:00 AM to 4:00 PM. Should I proceed?,book,میں بلال ہوں، مجھے ڈاکٹر حمزہ سے ملاقات لینا ہے بدھ کو۔,بالکل بلال! ڈاکٹر حمزہ بدھ کو دستیاب ہیں۔ میں صبح 9:00 بجے سے شام 4:00 بجے تک آپ کی سلاٹ بک کر سکتا ہوں۔ کیا مجھے آگے بڑھنا چاہیے؟
"I am Khadija, mujhe Dr. Hamza se doctor sahib ko dikhana hai Wednesday ko.",Sure Khadija! Dr. Hamza is available on Wednesday. I can book your slot for 9:00 AM to 4:00 PM. Should I proceed?,book,میں خدیجہ ہوں، مجھے ڈاکٹر حمزہ سے ڈاکٹر صاحب کو دیکھنا ہے بدھ کو۔,بے شک خدیجہ! ڈاکٹر حمزہ بدھ کو دستیاب ہیں۔ میں صبح 9:00 بجے سے شام 4:00 بجے تک آپ کی سلاٹ بک کر سکتا ہوں۔ کیا مجھے آگے بڑھنا چاہیے؟
"I am Sara, mujhe Dr. Hamza se appointment leni hai Monday ko.",Sure Sara! Dr. Hamza is available on Monday. I can book your slot for 9:00 AM to 4:00 PM. Should I proceed?,book,میں سارہ ہوں، مجھے ڈاکٹر حمزہ سے ملاقات لینا ہے پیر کو۔,ضرور سارہ! ڈاکٹر حمزہ پیر کو دستیاب ہیں۔ میں صبح 9:00 بجے سے شام 4:00 بجے تک آپ کی سلاٹ بک کر سکتا ہوں۔ کیا مجھے آگے بڑھنا چاہیے؟
"I am Usman, mujhe Dr. Hamza se doctor sahib ko dikhana hai Tuesday ko.",Sure Usman! Dr. Hamza is available on Tuesday. I can book your slot for 9:00 AM to 4:00 PM. Should I proceed?,book,میں عثمان ہوں، مجھے ڈاکٹر حمزہ سے ڈاکٹر صاحب کو دیکھنا ہے منگل کو۔,بے شک عثمان! ڈاکٹر حمزہ منگل کو دستیاب ہیں۔ میں صبح 9:00 بجے سے شام 4:00 بجے تک آپ کی سلاٹ بک کر سکتا ہوں۔ کیا مجھے آگے بڑھنا چاہیے؟
"I am Omer, mujhe Dr. Hamza se checkup karana hai tomorrow ko.",Sure Omer! Dr. Hamza is available on tomorrow. I can book your slot for 9:00 AM to 4:00 PM. Should I proceed?,book,میں عمر ہوں، مجھے ڈاکٹر حمزہ سے چیک اپ کرنا ہے کل کو۔,بے شک عمر! ڈاکٹر حمزہ کل دستیاب ہیں۔ میں صبح 9:00 بجے سے شام 4:00 بجے تک آپ کی سلاٹ بک کر سکتا ہوں۔ کیا مجھے آگے بڑھنا چاہیے؟
"I am Khadija, mujhe Dr. Hamza se slot chahiye today ko.",Sure Khadija! Dr. Hamza is available on today. I can book your slot for 9:00 AM to 4:00 PM. Should I proceed?,book,میں خدیجہ ہوں، مجھے ڈاکٹر حمزہ سے سلاٹ چاہیئے آج کو۔,بے شک خدیجہ! ڈاکٹر حمزہ آج دستیاب ہیں۔ میں صبح 9:00 بجے سے شام 4:00 بجے تک آپ کی سلاٹ بک کر سکتا ہوں۔ کیا مجھے آگے بڑھنا چاہیے؟
"I am Ahmed, mujhe Dr. Hamza se slot chahiye tomorrow ko.",Sure Ahmed! Dr. Hamza is available on tomorrow. I can book your slot for 9:00 AM to 4:00 PM. Should I proceed?,book,میں احمد ہوں، مجھے ڈاکٹر حمزہ سے سلاٹ چاہئیے کل کو۔,ضرور احمد! ڈاکٹر حمزہ کل دستیاب ہیں۔ میں صبح 9:00 بجے سے شام 4:00 بجے تک آپ کی سلاٹ بک کر سکتا ہوں۔ کیا مجھے آگے بڑھنا چاہیے؟
"I am Sara, mujhe Dr. Hamza se slot chahiye Saturday ko.",Sure Sara! Dr. Hamza is available on Saturday. I can book your slot for 9:00 AM to 4:00 PM. Should I proceed?,book,میں سارہ ہوں، مجھے ڈاکٹر حمزہ سے سلاٹ چاہئیے ہفتہ کو۔,ضرور سارہ! ڈاکٹر حمزہ ہفتہ کو دستیاب ہیں۔ میں صبح 9:00 بجے سے شام 4:00 بجے تک آپ کی سلاٹ بک کر سکتا ہوں۔ کیا مجھے آگے بڑھنا چاہیے؟
"I am Fatima, mujhe Dr. Hamza se slot chahiye today ko.",Sure Fatima! Dr. Hamza is available on today. I can book your slot for 9:00 AM to 4:00 PM. Should I proceed?,book,میں فاطمہ ہوں، مجھے ڈاکٹر حمزہ سے سلاٹ چاہیئے آج کو۔,بے شک فاطمہ! ڈاکٹر حمزہ آج دستیاب ہیں۔ میں صبح 9:00 بجے سے شام 4:00 بجے تک آپ کی سلاٹ بک کر سکتا ہوں۔ کیا مجھے آگے بڑھنا چاہیے؟
"I am Fatima, mujhe Dr. Hamza se doctor sahib ko dikhana hai tomorrow ko.",Sure Fatima! Dr. Hamza is available on tomorrow. I can book your slot for 9:00 AM to 4:00 PM. Should I proceed?,book,میں فاطمہ ہوں، مجھے ڈاکٹر حمزہ سے ڈاکٹر صاحب کو دیکھنا ہے کل کو۔,بے شک فاطمہ! ڈاکٹر حمزہ کل دستیاب ہیں۔ میں صبح 9:00 بجے سے شام 4:00 بجے تک آپ کی سلاٹ بک کر سکتا ہوں۔ کیا مجھے آگے بڑھنا چاہیے؟
"I am Omer, mujhe Dr. Hamza se doctor sahib ko dikhana hai Wednesday ko.",Sure Omer! Dr. Hamza is available on Wednesday. I can book your slot for 9:00 AM to 4:00 PM. Should I proceed?,book,میں عمر ہوں، مجھے ڈاکٹر حمزہ سے ڈاکٹر صاحب کو دیکھنا ہے بدھ کو۔,بے شک عمر! ڈاکٹر حمزہ بدھ کو دستیاب ہیں۔ میں صبح 9:00 بجے سے شام 4:00 بجے تک آپ کی سلاٹ بک کر سکتا ہوں۔ کیا مجھے آگے بڑھنا چاہیے؟
"I am Zainab, mujhe Dr. Hamza se checkup karana hai Saturday ko.",Sure Zainab! Dr. Hamza is available on Saturday. I can book your slot for 9:00 AM to 4:00 PM. Should I proceed?,book,میں زینب ہوں، مجھے ڈاکٹر حمزہ سے چیک اپ کرنا ہے ہفتہ کو۔,بے شک زینب! ڈاکٹر حمزہ ہفتہ کو دستیاب ہیں۔ میں صبح 9:00 بجے سے شام 4:00 بجے تک آپ کی سلاٹ بک کر سکتا ہوں۔ کیا مجھے آگے بڑھنا چاہیے؟
"I am Usman, mujhe Dr. Hamza se doctor sahib ko dikhana hai Friday ko.",Sure Usman! Dr. Hamza is available on Friday. I can book your slot for 9:00 AM to 4:00 PM. Should I proceed?,book,میں عثمان ہوں، مجھے ڈاکٹر حمزہ سے ڈاکٹر صاحب کو دیکھنا ہے جمعہ کو۔,بے شک عثمان! ڈاکٹر حمزہ جمعہ کو دستیاب ہیں۔ میں صبح 9:00 بجے سے شام 4:00 بجے تک آپ کی سلاٹ بک کر سکتا ہوں۔ کیا مجھے آگے بڑھنا چاہیے؟
"I am Ahmed, mujhe Dr. Hamza se checkup karana hai tomorrow ko.",Sure Ahmed! Dr. Hamza is available on tomorrow. I can book your slot for 9:00 AM to 4:00 PM. Should I proceed?,book,میں احمد ہوں، مجھے ڈاکٹر حمزہ سے چیک اپ کرنا ہے کل کو۔,ضرور احمد! ڈاکٹر حمزہ کل دستیاب ہیں۔ میں صبح 9:00 بجے سے شام 4:00 بجے تک آپ کی سلاٹ بک کر سکتا ہوں۔ کیا مجھے آگے بڑھنا چاہیے؟
"I am Ahmed, mujhe Dr. Hamza se checkup karana hai Monday ko.",Sure Ahmed! Dr. Hamza is available on Monday. I can book your slot for 9:00 AM to 4:00 PM. Should I proceed?,book,میں احمد ہوں، مجھے ڈاکٹر حمزہ سے چیک اپ کرنا ہے پیر کو۔,ضرور احمد! ڈاکٹر حمزہ پیر کو دستیاب ہیں۔ میں صبح 9:00 بجے سے شام 4:00 بجے تک آپ کی سلاٹ بک کر سکتا ہوں۔ کیا مجھے آگے بڑھنا چاہیے؟
"I am Omer, mujhe Dr. Hamza se slot chahiye Monday ko.",Sure Omer! Dr. Hamza is available on Monday. I can book your slot for 9:00 AM to 4:00 PM. Should I proceed?,book,میں عمر ہوں، مجھے ڈاکٹر حمزہ سے سلاٹ چاہیے پیر کو۔,بے شک عمر! ڈاکٹر حمزہ پیر کو دستیاب ہیں۔ میں صبح 9:00 بجے سے شام 4:00 بجے تک آپ کی سلاٹ بک کر سکتا ہوں۔ کیا مجھے آگے بڑھنا چاہیے؟
"I am Sana, mujhe Dr. Hamza se doctor sahib ko dikhana hai Friday ko.",Sure Sana! Dr. Hamza is available on Friday. I can book your slot for 9:00 AM to 4:00 PM. Should I proceed?,book,میں ہوں ثنا، مجھے ڈاکٹر حمزہ سے ڈاکٹر صاحب کو دیکھنا ہے جمعہ کو۔,ضرور ثناء! ڈاکٹر حمزہ جمعہ کو دستیاب ہیں۔ میں صبح 9:00 بجے سے شام 4:00 بجے تک آپ کی سلاٹ بک کر سکتا ہوں۔ کیا مجھے آگے بڑھنا چاہیے؟
"I am Omer, mujhe Dr. Hamza se checkup karana hai Saturday ko.",Sure Omer! Dr. Hamza is available on Saturday. I can book your slot for 9:00 AM to 4:00 PM. Should I proceed?,book,میں عمر ہوں، مجھے ڈاکٹر حمزہ سے چیک اپ کرنا ہے ہفتہ کو۔,بے شک عمر! ڈاکٹر حمزہ ہفتہ کو دستیاب ہیں۔ میں صبح 9:00 بجے سے شام 4:00 بجے تک آپ کی سلاٹ بک کر سکتا ہوں۔ کیا مجھے آگے بڑھنا چاہیے؟
"I am Hamza, mujhe Dr. Hamza se slot chahiye today ko.",Sure Hamza! Dr. Hamza is available on today. I can book your slot for 9:00 AM to 4:00 PM. Should I proceed?,book,میں حمزہ ہوں، مجھے ڈاکٹر حمزہ سے سلاٹ چاہئیے آج کو۔,بے شک حمزہ! ڈاکٹر حمزہ آج دستیاب ہیں۔ میں صبح 9:00 بجے سے شام 4:00 بجے تک آپ کی سلاٹ بک کر سکتا ہوں۔ کیا مجھے آگے بڑھنا چاہیے؟
"I am Hamza, mujhe Dr. Hamza se doctor sahib ko dikhana hai Monday ko.",Sure Hamza! Dr. Hamza is available on Monday. I can book your slot for 9:00 AM to 4:00 PM. Should I proceed?,book,میں حمزہ ہوں، مجھے ڈاکٹر حمزہ سے ڈاکٹر صاحب کو دیکھنا ہے پیر کو۔,بے شک حمزہ! ڈاکٹر حمزہ پیر کو دستیاب ہیں۔ میں صبح 9:00 بجے سے شام 4:00 بجے تک آپ کی سلاٹ بک کر سکتا ہوں۔ کیا مجھے آگے بڑھنا چاہیے؟
"I am Ali, mujhe Dr. Hamza se doctor sahib ko dikhana hai Tuesday ko.",Sure Ali! Dr. Hamza is available on Tuesday. I can book your slot for 9:00 AM to 4:00 PM. Should I proceed?,book,میں علی ہوں، مجھے ڈاکٹر حمزہ سے ڈاکٹر صاحب کو دیکھنا ہے منگل کو۔,بے شک علی! ڈاکٹر حمزہ منگل کو دستیاب ہیں۔ میں صبح 9:00 بجے سے شام 4:00 بجے تک آپ کی سلاٹ بک کر سکتا ہوں۔ کیا مجھے آگے بڑھنا چاہیے؟
"I am Bilal, mujhe Dr. Hamza se appointment leni hai tomorrow ko.",Sure Bilal! Dr. Hamza is available on tomorrow. I can book your slot for 9:00 AM to 4:00 PM. Should I proceed?,book,میں بلال ہوں، مجھے ڈاکٹر حمزہ سے ملاقات لینا ہے کل کو۔,بالکل بلال! ڈاکٹر حمزہ کل دستیاب ہیں۔ میں صبح 9:00 بجے سے شام 4:00 بجے تک آپ کی سلاٹ بک کر سکتا ہوں۔ کیا مجھے آگے بڑھنا چاہیے؟
"I am Sara, mujhe Dr. Hamza se checkup karana hai Tuesday ko.",Sure Sara! Dr. Hamza is available on Tuesday. I can book your slot for 9:00 AM to 4:00 PM. Should I proceed?,book,میں سارہ ہوں، مجھے ڈاکٹر حمزہ سے چیک اپ کرنا ہے منگل کو۔,ضرور سارہ! ڈاکٹر حمزہ منگل کو دستیاب ہیں۔ میں صبح 9:00 بجے سے شام 4:00 بجے تک آپ کی سلاٹ بک کر سکتا ہوں۔ کیا مجھے آگے بڑھنا چاہیے؟
"I am Ahmed, mujhe Dr. Hamza se checkup karana hai Thursday ko.",Sure Ahmed! Dr. Hamza is available on Thursday. I can book your slot for 9:00 AM to 4:00 PM. Should I proceed?,book,میں احمد ہوں، مجھے ڈاکٹر حمزہ سے چیک اپ کرنا ہے جمعرات کو۔,ضرور احمد! ڈاکٹر حمزہ جمعرات کو دستیاب ہیں۔ میں صبح 9:00 بجے سے شام 4:00 بجے تک آپ کی سلاٹ بک کر سکتا ہوں۔ کیا مجھے آگے بڑھنا چاہیے؟
"I am Bilal, mujhe Dr. Hamza se doctor sahib ko dikhana hai Tuesday ko.",Sure Bilal! Dr. Hamza is available on Tuesday. I can book your slot for 9:00 AM to 4:00 PM. Should I proceed?,book,میں بلال ہوں، مجھے ڈاکٹر حمزہ سے ڈاکٹر صاحب کو دیکھنا ہے منگل کو۔,بالکل بلال! ڈاکٹر حمزہ منگل کو دستیاب ہیں۔ میں صبح 9:00 بجے سے شام 4:00 بجے تک آپ کی سلاٹ بک کر سکتا ہوں۔ کیا مجھے آگے بڑھنا چاہیے؟
"I am Sara, mujhe Dr. Hamza se doctor sahib ko dikhana hai tomorrow ko.",Sure Sara! Dr. Hamza is available on tomorrow. I can book your slot for 9:00 AM to 4:00 PM. Should I proceed?,book,میں سارہ ہوں، مجھے ڈاکٹر حمزہ سے ڈاکٹر صاحب کو دیکھنا ہے کل کو۔,ضرور سارہ! ڈاکٹر حمزہ کل دستیاب ہیں۔ میں صبح 9:00 بجے سے شام 4:00 بجے تک آپ کی سلاٹ بک کر سکتا ہوں۔ کیا مجھے آگے بڑھنا چاہیے؟
"I am Usman, mujhe Dr. Hamza se appointment leni hai Tuesday ko.",Sure Usman! Dr. Hamza is available on Tuesday. I can book your slot for 9:00 AM to 4:00 PM. Should I proceed?,book,میں عثمان ہوں، مجھے ڈاکٹر حمزہ سے ملاقات لینا ہے منگل کو۔,بے شک عثمان! ڈاکٹر حمزہ منگل کو دستیاب ہیں۔ میں صبح 9:00 بجے سے شام 4:00 بجے تک آپ کی سلاٹ بک کر سکتا ہوں۔ کیا مجھے آگے بڑھنا چاہیے؟
"I am Usman, mujhe Dr. Hamza se slot chahiye Friday ko.",Sure Usman! Dr. Hamza is available on Friday. I can book your slot for 9:00 AM to 4:00 PM. Should I proceed?,book,میں عثمان ہوں، مجھے ڈاکٹر حمزہ سے سلاٹ چاہئیے جمعہ کو۔,بے شک عثمان! ڈاکٹر حمزہ جمعہ کو دستیاب ہیں۔ میں صبح 9:00 بجے سے شام 4:00 بجے تک آپ کی سلاٹ بک کر سکتا ہوں۔ کیا مجھے آگے بڑھنا چاہیے؟
"I am Khadija, mujhe Dr. Hamza se checkup karana hai tomorrow ko.",Sure Khadija! Dr. Hamza is available on tomorrow. I can book your slot for 9:00 AM to 4:00 PM. Should I proceed?,book,میں خدیجہ ہوں، مجھے ڈاکٹر حمزہ سے چیک اپ کرنا ہے کل کو۔,بے شک خدیجہ! ڈاکٹر حمزہ کل دستیاب ہیں۔ میں صبح 9:00 بجے سے شام 4:00 بجے تک آپ کی سلاٹ بک کر سکتا ہوں۔ کیا مجھے آگے بڑھنا چاہیے؟
"I am Ahmed, mujhe Dr. Hamza se slot chahiye Monday ko.",Sure Ahmed! Dr. Hamza is available on Monday. I can book your slot for 9:00 AM to 4:00 PM. Should I proceed?,book,میں احمد ہوں، مجھے ڈاکٹر حمزہ سے سلاٹ چاہئیے پیر کو۔,ضرور احمد! ڈاکٹر حمزہ پیر کو دستیاب ہیں۔ میں صبح 9:00 بجے سے شام 4:00 بجے تک آپ کی سلاٹ بک کر سکتا ہوں۔ کیا مجھے آگے بڑھنا چاہیے؟
"I am Zainab, mujhe Dr. Hamza se checkup karana hai Monday ko.",Sure Zainab! Dr. Hamza is available on Monday. I can book your slot for 9:00 AM to 4:00 PM. Should I proceed?,book,میں زینب ہوں، مجھے ڈاکٹر حمزہ سے چیک اپ کرنا ہے پیر کو۔,بے شک زینب! ڈاکٹر حمزہ پیر کو دستیاب ہیں۔ میں صبح 9:00 بجے سے شام 4:00 بجے تک آپ کی سلاٹ بک کر سکتا ہوں۔ کیا مجھے آگے بڑھنا چاہیے؟
"I am Fatima, mujhe Dr. Hamza se appointment leni hai Wednesday ko.",Sure Fatima! Dr. Hamza is available on Wednesday. I can book your slot for 9:00 AM to 4:00 PM. Should I proceed?,book,میں فاطمہ ہوں، مجھے ڈاکٹر حمزہ سے ملاقات لینا ہے بدھ کو۔,بے شک فاطمہ! ڈاکٹر حمزہ بدھ کو دستیاب ہیں۔ میں صبح 9:00 بجے سے شام 4:00 بجے تک آپ کی سلاٹ بک کر سکتا ہوں۔ کیا مجھے آگے بڑھنا چاہیے؟
"I am Hamza, mujhe Dr. Hamza se checkup karana hai Monday ko.",Sure Hamza! Dr. Hamza is available on Monday. I can book your slot for 9:00 AM to 4:00 PM. Should I proceed?,book,میں حمزہ ہوں، مجھے ڈاکٹر حمزہ سے چیک اپ کرنا ہے پیر کو۔,بے شک حمزہ! ڈاکٹر حمزہ پیر کو دستیاب ہیں۔ میں صبح 9:00 بجے سے شام 4:00 بجے تک آپ کی سلاٹ بک کر سکتا ہوں۔ کیا مجھے آگے بڑھنا چاہیے؟
"I am Omer, mujhe Dr. Hamza se appointment leni hai Friday ko.",Sure Omer! Dr. Hamza is available on Friday. I can book your slot for 9:00 AM to 4:00 PM. Should I proceed?,book,میں عمر ہوں، مجھے ڈاکٹر حمزہ سے ملاقات لینا ہے جمعہ کو۔,بے شک عمر! ڈاکٹر حمزہ جمعہ کو دستیاب ہیں۔ میں صبح 9:00 بجے سے شام 4:00 بجے تک آپ کی سلاٹ بک کر سکتا ہوں۔ کیا مجھے آگے بڑھنا چاہیے؟
"I am Omer, mujhe Dr. Hamza se slot chahiye Friday ko.",Sure Omer! Dr. Hamza is available on Friday. I can book your slot for 9:00 AM to 4:00 PM. Should I proceed?,book,میں عمر ہوں، مجھے ڈاکٹر حمزہ سے سلاٹ چاہئیے جمعہ کو۔,بے شک عمر! ڈاکٹر حمزہ جمعہ کو دستیاب ہیں۔ میں صبح 9:00 بجے سے شام 4:00 بجے تک آپ کی سلاٹ بک کر سکتا ہوں۔ کیا مجھے آگے بڑھنا چاہیے؟
"I am Zainab, mujhe Dr. Hamza se doctor sahib ko dikhana hai today ko.",Sure Zainab! Dr. Hamza is available on today. I can book your slot for 9:00 AM to 4:00 PM. Should I proceed?,book,میں زینب ہوں، مجھے ڈاکٹر حمزہ سے ڈاکٹر صاحب کو دیکھنا ہے آج کو۔,بے شک زینب! ڈاکٹر حمزہ آج دستیاب ہیں۔ میں صبح 9:00 بجے سے شام 4:00 بجے تک آپ کی سلاٹ بک کر سکتا ہوں۔ کیا مجھے آگے بڑھنا چاہیے؟
"I am Bilal, mujhe Dr. Hamza se checkup karana hai Saturday ko.",Sure Bilal! Dr. Hamza is available on Saturday. I can book your slot for 9:00 AM to 4:00 PM. Should I proceed?,book,میں بلال ہوں، مجھے ڈاکٹر حمزہ سے چیک اپ کرنا ہے ہفتہ کو۔,بالکل بلال! ڈاکٹر حمزہ ہفتہ کو دستیاب ہیں۔ میں صبح 9:00 بجے سے شام 4:00 بجے تک آپ کی سلاٹ بک کر سکتا ہوں۔ کیا مجھے آگے بڑھنا چاہیے؟
"I am Ahmed, mujhe Dr. Hamza se slot chahiye Wednesday ko.",Sure Ahmed! Dr. Hamza is available on Wednesday. I can book your slot for 9:00 AM to 4:00 PM. Should I proceed?,book,میں احمد ہوں، مجھے ڈاکٹر حمزہ سے سلاٹ چاہئیے بدھ کو۔,ضرور احمد! ڈاکٹر حمزہ بدھ کو دستیاب ہیں۔ میں صبح 9:00 بجے سے شام 4:00 بجے تک آپ کی سلاٹ بک کر سکتا ہوں۔ کیا مجھے آگے بڑھنا چاہیے؟
"I am Sana, mujhe Dr. Hamza se slot chahiye Thursday ko.",Sure Sana! Dr. Hamza is available on Thursday. I can book your slot for 9:00 AM to 4:00 PM. Should I proceed?,book,میں ہوں ثنا، مجھے ڈاکٹر حمزہ سے سلاٹ چاہئیے جمعرات کو۔,ضرور ثناء! ڈاکٹر حمزہ جمعرات کو دستیاب ہیں۔ میں صبح 9:00 بجے سے شام 4:00 بجے تک آپ کی سلاٹ بک کر سکتا ہوں۔ کیا مجھے آگے بڑھنا چاہیے؟
"I am Bilal, mujhe Dr. Hamza se doctor sahib ko dikhana hai tomorrow ko.",Sure Bilal! Dr. Hamza is available on tomorrow. I can book your slot for 9:00 AM to 4:00 PM. Should I proceed?,book,میں بلال ہوں، مجھے ڈاکٹر حمزہ سے ڈاکٹر صاحب کو دیکھنا ہے کل کو۔,بالکل بلال! ڈاکٹر حمزہ کل دستیاب ہیں۔ میں صبح 9:00 بجے سے شام 4:00 بجے تک آپ کی سلاٹ بک کر سکتا ہوں۔ کیا مجھے آگے بڑھنا چاہیے؟
"I am Fatima, mujhe Dr. Hamza se doctor sahib ko dikhana hai Tuesday ko.",Sure Fatima! Dr. Hamza is available on Tuesday. I can book your slot for 9:00 AM to 4:00 PM. Should I proceed?,book,میں فاطمہ ہوں، مجھے ڈاکٹر حمزہ سے ڈاکٹر صاحب کو دیکھنا ہے منگل کو۔,بے شک فاطمہ! ڈاکٹر حمزہ منگل کو دستیاب ہیں۔ میں صبح 9:00 بجے سے شام 4:00 بجے تک آپ کی سلاٹ بک کر سکتا ہوں۔ کیا مجھے آگے بڑھنا چاہیے؟
"I am Khadija, mujhe Dr. Hamza se slot chahiye tomorrow ko.",Sure Khadija! Dr. Hamza is available on tomorrow. I can book your slot for 9:00 AM to 4:00 PM. Should I proceed?,book,میں خدیجہ ہوں، مجھے ڈاکٹر حمزہ سے سلاٹ چاہئیے کل کو۔,بے شک خدیجہ! ڈاکٹر حمزہ کل دستیاب ہیں۔ میں صبح 9:00 بجے سے شام 4:00 بجے تک آپ کی سلاٹ بک کر سکتا ہوں۔ کیا مجھے آگے بڑھنا چاہیے؟
"I am Ahmed, mujhe Dr. Hamza se appointment leni hai Monday ko.",Sure Ahmed! Dr. Hamza is available on Monday. I can book your slot for 9:00 AM to 4:00 PM. Should I proceed?,book,میں احمد ہوں، مجھے ڈاکٹر حمزہ سے ملاقات لینا ہے پیر کو۔,ضرور احمد! ڈاکٹر حمزہ پیر کو دستیاب ہیں۔ میں صبح 9:00 بجے سے شام 4:00 بجے تک آپ کی سلاٹ بک کر سکتا ہوں۔ کیا مجھے آگے بڑھنا چاہیے؟
"I am Hamza, mujhe Dr. Hamza se doctor sahib ko dikhana hai Saturday ko.",Sure Hamza! Dr. Hamza is available on Saturday. I can book your slot for 9:00 AM to 4:00 PM. Should I proceed?,book,میں حمزہ ہوں، مجھے ڈاکٹر حمزہ سے ڈاکٹر صاحب کو دیکھنا ہے ہفتہ کو۔,بے شک حمزہ! ڈاکٹر حمزہ ہفتہ کو دستیاب ہیں۔ میں صبح 9:00 بجے سے شام 4:00 بجے تک آپ کی سلاٹ بک کر سکتا ہوں۔ کیا مجھے آگے بڑھنا چاہیے؟
"I am Ali, mujhe Dr. Hamza se doctor sahib ko dikhana hai Saturday ko.",Sure Ali! Dr. Hamza is available on Saturday. I can book your slot for 9:00 AM to 4:00 PM. Should I proceed?,book,میں علی ہوں، مجھے ڈاکٹر حمزہ سے ڈاکٹر صاحب کو دیکھنا ہے ہفتہ کو۔,بے شک علی! ڈاکٹر حمزہ ہفتہ کو دستیاب ہیں۔ میں صبح 9:00 بجے سے شام 4:00 بجے تک آپ کی سلاٹ بک کر سکتا ہوں۔ کیا مجھے آگے بڑھنا چاہیے؟
"I am Ahmed, mujhe Dr. Hamza se appointment leni hai Wednesday ko.",Sure Ahmed! Dr. Hamza is available on Wednesday. I can book your slot for 9:00 AM to 4:00 PM. Should I proceed?,book,میں احمد ہوں، مجھے ڈاکٹر حمزہ سے ملاقات لینا ہے بدھ کو۔,ضرور احمد! ڈاکٹر حمزہ بدھ کو دستیاب ہیں۔ میں صبح 9:00 بجے سے شام 4:00 بجے تک آپ کی سلاٹ بک کر سکتا ہوں۔ کیا مجھے آگے بڑھنا چاہیے؟
"I am Sana, mujhe Dr. Hamza se appointment leni hai today ko.",Sure Sana! Dr. Hamza is available on today. I can book your slot for 9:00 AM to 4:00 PM. Should I proceed?,book,میں ثناء ہوں، مجھے ڈاکٹر حمزہ سے ملاقات لینا ہے آج کو۔,ضرور ثناء! ڈاکٹر حمزہ آج دستیاب ہیں۔ میں صبح 9:00 بجے سے شام 4:00 بجے تک آپ کی سلاٹ بک کر سکتا ہوں۔ کیا مجھے آگے بڑھنا چاہیے؟
"I am Khadija, mujhe Dr. Hamza se appointment leni hai Tuesday ko.",Sure Khadija! Dr. Hamza is available on Tuesday. I can book your slot for 9:00 AM to 4:00 PM. Should I proceed?,book,میں خدیجہ ہوں، مجھے ڈاکٹر حمزہ سے ملاقات لینا ہے منگل کو۔,بے شک خدیجہ! ڈاکٹر حمزہ منگل کو دستیاب ہیں۔ میں صبح 9:00 بجے سے شام 4:00 بجے تک آپ کی سلاٹ بک کر سکتا ہوں۔ کیا مجھے آگے بڑھنا چاہیے؟
"I am Zainab, mujhe Dr. Hamza se slot chahiye Tuesday ko.",Sure Zainab! Dr. Hamza is available on Tuesday. I can book your slot for 9:00 AM to 4:00 PM. Should I proceed?,book,میں زینب ہوں، مجھے ڈاکٹر حمزہ سے سلاٹ چاہئیے منگل کو۔,بے شک زینب! ڈاکٹر حمزہ منگل کو دستیاب ہیں۔ میں صبح 9:00 بجے سے شام 4:00 بجے تک آپ کی سلاٹ بک کر سکتا ہوں۔ کیا مجھے آگے بڑھنا چاہیے؟
"I am Ahmed, mujhe Dr. Hamza se doctor sahib ko dikhana hai Wednesday ko.",Sure Ahmed! Dr. Hamza is available on Wednesday. I can book your slot for 9:00 AM to 4:00 PM. Should I proceed?,book,میں احمد ہوں، مجھے ڈاکٹر حمزہ سے ڈاکٹر صاحب کو دیکھنا ہے بدھ کو۔,ضرور احمد! ڈاکٹر حمزہ بدھ کو دستیاب ہیں۔ میں صبح 9:00 بجے سے شام 4:00 بجے تک آپ کی سلاٹ بک کر سکتا ہوں۔ کیا مجھے آگے بڑھنا چاہیے؟
"I am Ahmed, mujhe Dr. Hamza se appointment leni hai Friday ko.",Sure Ahmed! Dr. Hamza is available on Friday. I can book your slot for 9:00 AM to 4:00 PM. Should I proceed?,book,میں احمد ہوں، مجھے ڈاکٹر حمزہ سے ملاقات لینا ہے جمعہ کو۔,ضرور احمد! ڈاکٹر حمزہ جمعہ کو دستیاب ہیں۔ میں صبح 9:00 بجے سے شام 4:00 بجے تک آپ کی سلاٹ بک کر سکتا ہوں۔ کیا مجھے آگے بڑھنا چاہیے؟
"I am Ahmed, mujhe Dr. Hamza se doctor sahib ko dikhana hai Tuesday ko.",Sure Ahmed! Dr. Hamza is available on Tuesday. I can book your slot for 9:00 AM to 4:00 PM. Should I proceed?,book,میں احمد ہوں، مجھے ڈاکٹر حمزہ سے ڈاکٹر صاحب کو دیکھنا ہے منگل کو۔,ضرور احمد! ڈاکٹر حمزہ منگل کو دستیاب ہیں۔ میں صبح 9:00 بجے سے شام 4:00 بجے تک آپ کی سلاٹ بک کر سکتا ہوں۔ کیا مجھے آگے بڑھنا چاہیے؟
"I am Sara, mujhe Dr. Hamza se checkup karana hai tomorrow ko.",Sure Sara! Dr. Hamza is available on tomorrow. I can book your slot for 9:00 AM to 4:00 PM. Should I proceed?,book,میں سارہ ہوں، مجھے ڈاکٹر حمزہ سے چیک اپ کرنا ہے کل کو۔,ضرور سارہ! ڈاکٹر حمزہ کل دستیاب ہیں۔ میں صبح 9:00 بجے سے شام 4:00 بجے تک آپ کی سلاٹ بک کر سکتا ہوں۔ کیا مجھے آگے بڑھنا چاہیے؟
"I am Zainab, mujhe Dr. Hamza se doctor sahib ko dikhana hai Friday ko.",Sure Zainab! Dr. Hamza is available on Friday. I can book your slot for 9:00 AM to 4:00 PM. Should I proceed?,book,میں زینب ہوں، مجھے ڈاکٹر حمزہ سے ڈاکٹر صاحب کو دیکھنا ہے جمعہ کو۔,بے شک زینب! ڈاکٹر حمزہ جمعہ کو دستیاب ہیں۔ میں صبح 9:00 بجے سے شام 4:00 بجے تک آپ کی سلاٹ بک کر سکتا ہوں۔ کیا مجھے آگے بڑھنا چاہیے؟
"I am Fatima, mujhe Dr. Hamza se slot chahiye Friday ko.",Sure Fatima! Dr. Hamza is available on Friday. I can book your slot for 9:00 AM to 4:00 PM. Should I proceed?,book,میں فاطمہ ہوں، مجھے ڈاکٹر حمزہ سے سلاٹ چاہئیے جمعہ کو۔,بے شک فاطمہ! ڈاکٹر حمزہ جمعہ کو دستیاب ہیں۔ میں صبح 9:00 بجے سے شام 4:00 بجے تک آپ کی سلاٹ بک کر سکتا ہوں۔ کیا مجھے آگے بڑھنا چاہیے؟
"I am Khadija, mujhe Dr. Hamza se appointment leni hai Wednesday ko.",Sure Khadija! Dr. Hamza is available on Wednesday. I can book your slot for 9:00 AM to 4:00 PM. Should I proceed?,book,میں خدیجہ ہوں، مجھے ڈاکٹر حمزہ سے ملاقات لینا ہے بدھ کو۔,بے شک خدیجہ! ڈاکٹر حمزہ بدھ کو دستیاب ہیں۔ میں صبح 9:00 بجے سے شام 4:00 بجے تک آپ کی سلاٹ بک کر سکتا ہوں۔ کیا مجھے آگے بڑھنا چاہیے؟
"I am Sara, mujhe Dr. Hamza se slot chahiye Thursday ko.",Sure Sara! Dr. Hamza is available on Thursday. I can book your slot for 9:00 AM to 4:00 PM. Should I proceed?,book,میں سارہ ہوں، مجھے ڈاکٹر حمزہ سے سلاٹ چاہئیے جمعرات کو۔,ضرور سارہ! ڈاکٹر حمزہ جمعرات کو دستیاب ہیں۔ میں صبح 9:00 بجے سے شام 4:00 بجے تک آپ کی سلاٹ بک کر سکتا ہوں۔ کیا مجھے آگے بڑھنا چاہیے؟
"I am Ali, mujhe Dr. Hamza se slot chahiye Tuesday ko.",Sure Ali! Dr. Hamza is available on Tuesday. I can book your slot for 9:00 AM to 4:00 PM. Should I proceed?,book,میں علی ہوں، مجھے ڈاکٹر حمزہ سے سلاٹ چاہئیے منگل کو۔,بے شک علی! ڈاکٹر حمزہ منگل کو دستیاب ہیں۔ میں صبح 9:00 بجے سے شام 4:00 بجے تک آپ کی سلاٹ بک کر سکتا ہوں۔ کیا مجھے آگے بڑھنا چاہیے؟
"I am Ayesha, mujhe Dr. Hamza se appointment leni hai Tuesday ko.",Sure Ayesha! Dr. Hamza is available on Tuesday. I can book your slot for 9:00 AM to 4:00 PM. Should I proceed?,book,میں عائشہ ہوں، مجھے ڈاکٹر حمزہ سے ملاقات لینا ہے منگل کو۔,بالکل عائشہ! ڈاکٹر حمزہ منگل کو دستیاب ہیں۔ میں صبح 9:00 بجے سے شام 4:00 بجے تک آپ کی سلاٹ بک کر سکتا ہوں۔ کیا مجھے آگے بڑھنا چاہیے؟
"I am Bilal, mujhe Dr. Hamza se slot chahiye Thursday ko.",Sure Bilal! Dr. Hamza is available on Thursday. I can book your slot for 9:00 AM to 4:00 PM. Should I proceed?,book,میں ہوں بلال، مجھے ڈاکٹر حمزہ سے سلاٹ چاہئیے جمعرات کو۔,بالکل بلال! ڈاکٹر حمزہ جمعرات کو دستیاب ہیں۔ میں صبح 9:00 بجے سے شام 4:00 بجے تک آپ کی سلاٹ بک کر سکتا ہوں۔ کیا مجھے آگے بڑھنا چاہیے؟
"I am Khadija, mujhe Dr. Hamza se slot chahiye Friday ko.",Sure Khadija! Dr. Hamza is available on Friday. I can book your slot for 9:00 AM to 4:00 PM. Should I proceed?,book,میں خدیجہ ہوں، مجھے ڈاکٹر حمزہ سے سلاٹ چاہئیے جمعہ کو۔,بے شک خدیجہ! ڈاکٹر حمزہ جمعہ کو دستیاب ہیں۔ میں صبح 9:00 بجے سے شام 4:00 بجے تک آپ کی سلاٹ بک کر سکتا ہوں۔ کیا مجھے آگے بڑھنا چاہیے؟
"I am Sara, mujhe Dr. Hamza se doctor sahib ko dikhana hai Thursday ko.",Sure Sara! Dr. Hamza is available on Thursday. I can book your slot for 9:00 AM to 4:00 PM. Should I proceed?,book,میں سارہ ہوں، مجھے ڈاکٹر حمزہ سے ڈاکٹر صاحب کو دیکھنا ہے جمعرات کو۔,ضرور سارہ! ڈاکٹر حمزہ جمعرات کو دستیاب ہیں۔ میں صبح 9:00 بجے سے شام 4:00 بجے تک آپ کی سلاٹ بک کر سکتا ہوں۔ کیا مجھے آگے بڑھنا چاہیے؟
"I am Fatima, mujhe Dr. Hamza se doctor sahib ko dikhana hai Thursday ko.",Sure Fatima! Dr. Hamza is available on Thursday. I can book your slot for 9:00 AM to 4:00 PM. Should I proceed?,book,میں فاطمہ ہوں، مجھے ڈاکٹر حمزہ سے ڈاکٹر صاحب کو دیکھنا ہے جمعرات کو۔,بے شک فاطمہ! ڈاکٹر حمزہ جمعرات کو دستیاب ہیں۔ میں صبح 9:00 بجے سے شام 4:00 بجے تک آپ کی سلاٹ بک کر سکتا ہوں۔ کیا مجھے آگے بڑھنا چاہیے؟
"I am Fatima, mujhe Dr. Hamza se checkup karana hai Wednesday ko.",Sure Fatima! Dr. Hamza is available on Wednesday. I can book your slot for 9:00 AM to 4:00 PM. Should I proceed?,book,میں فاطمہ ہوں، مجھے ڈاکٹر حمزہ سے چیک اپ کرنا ہے بدھ کو۔,بے شک فاطمہ! ڈاکٹر حمزہ بدھ کو دستیاب ہیں۔ میں صبح 9:00 بجے سے شام 4:00 بجے تک آپ کی سلاٹ بک کر سکتا ہوں۔ کیا مجھے آگے بڑھنا چاہیے؟
"I am Ayesha, mujhe Dr. Hamza se slot chahiye Wednesday ko.",Sure Ayesha! Dr. Hamza is available on Wednesday. I can book your slot for 9:00 AM to 4:00 PM. Should I proceed?,book,میں عائشہ ہوں، مجھے ڈاکٹر حمزہ سے سلاٹ چاہئیے بدھ کو۔,بالکل عائشہ! ڈاکٹر حمزہ بدھ کو دستیاب ہیں۔ میں صبح 9:00 بجے سے شام 4:00 بجے تک آپ کی سلاٹ بک کر سکتا ہوں۔ کیا مجھے آگے بڑھنا چاہیے؟
"I am Fatima, mujhe Dr. Hamza se checkup karana hai today ko.",Sure Fatima! Dr. Hamza is available on today. I can book your slot for 9:00 AM to 4:00 PM. Should I proceed?,book,میں فاطمہ ہوں، مجھے ڈاکٹر حمزہ سے چیک اپ کرنا ہے آج کو۔,بے شک فاطمہ! ڈاکٹر حمزہ آج دستیاب ہیں۔ میں صبح 9:00 بجے سے شام 4:00 بجے تک آپ کی سلاٹ بک کر سکتا ہوں۔ کیا مجھے آگے بڑھنا چاہیے؟
"I am Sara, mujhe Dr. Hamza se slot chahiye Tuesday ko.",Sure Sara! Dr. Hamza is available on Tuesday. I can book your slot for 9:00 AM to 4:00 PM. Should I proceed?,book,میں سارہ ہوں، مجھے ڈاکٹر حمزہ سے سلاٹ چاہئیے منگل کو۔,ضرور سارہ! ڈاکٹر حمزہ منگل کو دستیاب ہیں۔ میں صبح 9:00 بجے سے شام 4:00 بجے تک آپ کی سلاٹ بک کر سکتا ہوں۔ کیا مجھے آگے بڑھنا چاہیے؟
"I am Khadija, mujhe Dr. Hamza se checkup karana hai today ko.",Sure Khadija! Dr. Hamza is available on today. I can book your slot for 9:00 AM to 4:00 PM. Should I proceed?,book,میں خدیجہ ہوں، مجھے ڈاکٹر حمزہ سے چیک اپ کرنا ہے آج کو۔,بے شک خدیجہ! ڈاکٹر حمزہ آج دستیاب ہیں۔ میں صبح 9:00 بجے سے شام 4:00 بجے تک آپ کی سلاٹ بک کر سکتا ہوں۔ کیا مجھے آگے بڑھنا چاہیے؟
"I am Zainab, mujhe Dr. Hamza se slot chahiye Thursday ko.",Sure Zainab! Dr. Hamza is available on Thursday. I can book your slot for 9:00 AM to 4:00 PM. Should I proceed?,book,میں زینب ہوں، مجھے ڈاکٹر حمزہ سے سلاٹ چاہئیے جمعرات کو۔,بے شک زینب! ڈاکٹر حمزہ جمعرات کو دستیاب ہیں۔ میں صبح 9:00 بجے سے شام 4:00 بجے تک آپ کی سلاٹ بک کر سکتا ہوں۔ کیا مجھے آگے بڑھنا چاہیے؟
"I am Fatima, mujhe Dr. Hamza se slot chahiye Saturday ko.",Sure Fatima! Dr. Hamza is available on Saturday. I can book your slot for 9:00 AM to 4:00 PM. Should I proceed?,book,میں فاطمہ ہوں، مجھے ڈاکٹر حمزہ سے سلاٹ چاہئیے ہفتہ کو۔,بے شک فاطمہ! ڈاکٹر حمزہ ہفتہ کو دستیاب ہیں۔ میں صبح 9:00 بجے سے شام 4:00 بجے تک آپ کی سلاٹ بک کر سکتا ہوں۔ کیا مجھے آگے بڑھنا چاہیے؟
"I am Usman, mujhe Dr. Hamza se checkup karana hai Saturday ko.",Sure Usman! Dr. Hamza is available on Saturday. I can book your slot for 9:00 AM to 4:00 PM. Should I proceed?,book,میں عثمان ہوں، مجھے ڈاکٹر حمزہ سے چیک اپ کرنا ہے ہفتہ کو۔,بے شک عثمان! ڈاکٹر حمزہ ہفتہ کو دستیاب ہیں۔ میں صبح 9:00 بجے سے شام 4:00 بجے تک آپ کی سلاٹ بک کر سکتا ہوں۔ کیا مجھے آگے بڑھنا چاہیے؟
"I am Ayesha, mujhe Dr. Hamza se doctor sahib ko dikhana hai Wednesday ko.",Sure Ayesha! Dr. Hamza is available on Wednesday. I can book your slot for 9:00 AM to 4:00 PM. Should I proceed?,book,میں عائشہ ہوں، مجھے ڈاکٹر حمزہ سے ڈاکٹر صاحب کو دیکھنا ہے بدھ کو۔,بالکل عائشہ! ڈاکٹر حمزہ بدھ کو دستیاب ہیں۔ میں صبح 9:00 بجے سے شام 4:00 بجے تک آپ کی سلاٹ بک کر سکتا ہوں۔ کیا مجھے آگے بڑھنا چاہیے؟
"I am Bilal, mujhe Dr. Hamza se checkup karana hai Thursday ko.",Sure Bilal! Dr. Hamza is available on Thursday. I can book your slot for 9:00 AM to 4:00 PM. Should I proceed?,book,میں بلال ہوں، مجھے ڈاکٹر حمزہ سے چیک اپ کرنا ہے جمعرات کو۔,بالکل بلال! ڈاکٹر حمزہ جمعرات کو دستیاب ہیں۔ میں صبح 9:00 بجے سے شام 4:00 بجے تک آپ کی سلاٹ بک کر سکتا ہوں۔ کیا مجھے آگے بڑھنا چاہیے؟
"I am Zainab, mujhe Dr. Hamza se doctor sahib ko dikhana hai Wednesday ko.",Sure Zainab! Dr. Hamza is available on Wednesday. I can book your slot for 9:00 AM to 4:00 PM. Should I proceed?,book,میں زینب ہوں، مجھے ڈاکٹر حمزہ سے ڈاکٹر صاحب کو دیکھنا ہے بدھ کو۔,بے شک زینب! ڈاکٹر حمزہ بدھ کو دستیاب ہیں۔ میں صبح 9:00 بجے سے شام 4:00 بجے تک آپ کی سلاٹ بک کر سکتا ہوں۔ کیا مجھے آگے بڑھنا چاہیے؟
"I am Bilal, mujhe Dr. Hamza se appointment leni hai Friday ko.",Sure Bilal! Dr. Hamza is available on Friday. I can book your slot for 9:00 AM to 4:00 PM. Should I proceed?,book,میں بلال ہوں، مجھے ڈاکٹر حمزہ سے ملاقات لینا ہے جمعہ کو۔,بالکل بلال! ڈاکٹر حمزہ جمعہ کو دستیاب ہیں۔ میں صبح 9:00 بجے سے شام 4:00 بجے تک آپ کی سلاٹ بک کر سکتا ہوں۔ کیا مجھے آگے بڑھنا چاہیے؟
"I am Fatima, mujhe Dr. Hamza se doctor sahib ko dikhana hai today ko.",Sure Fatima! Dr. Hamza is available on today. I can book your slot for 9:00 AM to 4:00 PM. Should I proceed?,book,میں فاطمہ ہوں، مجھے ڈاکٹر حمزہ سے ڈاکٹر صاحب کو دیکھنا ہے آج کو۔,بے شک فاطمہ! ڈاکٹر حمزہ آج دستیاب ہیں۔ میں صبح 9:00 بجے سے شام 4:00 بجے تک آپ کی سلاٹ بک کر سکتا ہوں۔ کیا مجھے آگے بڑھنا چاہیے؟
"I am Hamza, mujhe Dr. Hamza se slot chahiye Saturday ko.",Sure Hamza! Dr. Hamza is available on Saturday. I can book your slot for 9:00 AM to 4:00 PM. Should I proceed?,book,میں حمزہ ہوں، مجھے ڈاکٹر حمزہ سے سلاٹ چاہئیے ہفتہ کو۔,بے شک حمزہ! ڈاکٹر حمزہ ہفتہ کو دستیاب ہیں۔ میں صبح 9:00 بجے سے شام 4:00 بجے تک آپ کی سلاٹ بک کر سکتا ہوں۔ کیا مجھے آگے بڑھنا چاہیے؟
"I am Sana, mujhe Dr. Hamza se checkup karana hai Wednesday ko.",Sure Sana! Dr. Hamza is available on Wednesday. I can book your slot for 9:00 AM to 4:00 PM. Should I proceed?,book,میں ثنا ہوں، مجھے ڈاکٹر حمزہ سے چیک اپ کرنا ہے بدھ کو۔,ضرور ثناء! ڈاکٹر حمزہ بدھ کو دستیاب ہیں۔ میں صبح 9:00 بجے سے شام 4:00 بجے تک آپ کی سلاٹ بک کر سکتا ہوں۔ کیا مجھے آگے بڑھنا چاہیے؟
"I am Sara, mujhe Dr. Hamza se doctor sahib ko dikhana hai Tuesday ko.",Sure Sara! Dr. Hamza is available on Tuesday. I can book your slot for 9:00 AM to 4:00 PM. Should I proceed?,book,میں سارہ ہوں، مجھے ڈاکٹر حمزہ سے ڈاکٹر صاحب کو دیکھنا ہے منگل کو۔,ضرور سارہ! ڈاکٹر حمزہ منگل کو دستیاب ہیں۔ میں صبح 9:00 بجے سے شام 4:00 بجے تک آپ کی سلاٹ بک کر سکتا ہوں۔ کیا مجھے آگے بڑھنا چاہیے؟
"I am Zainab, mujhe Dr. Hamza se slot chahiye Monday ko.",Sure Zainab! Dr. Hamza is available on Monday. I can book your slot for 9:00 AM to 4:00 PM. Should I proceed?,book,میں زینب ہوں، مجھے ڈاکٹر حمزہ سے سلاٹ چاہئیے پیر کو۔,بے شک زینب! ڈاکٹر حمزہ پیر کو دستیاب ہیں۔ میں صبح 9:00 بجے سے شام 4:00 بجے تک آپ کی سلاٹ بک کر سکتا ہوں۔ کیا مجھے آگے بڑھنا چاہیے؟
"I am Hamza, mujhe Dr. Hamza se checkup karana hai Friday ko.",Sure Hamza! Dr. Hamza is available on Friday. I can book your slot for 9:00 AM to 4:00 PM. Should I proceed?,book,میں حمزہ ہوں، مجھے ڈاکٹر حمزہ سے چیک اپ کرنا ہے جمعہ کو۔,بے شک حمزہ! ڈاکٹر حمزہ جمعہ کو دستیاب ہیں۔ میں صبح 9:00 بجے سے شام 4:00 بجے تک آپ کی سلاٹ بک کر سکتا ہوں۔ کیا مجھے آگے بڑھنا چاہیے؟
"I am Sara, mujhe Dr. Hamza se slot chahiye today ko.",Sure Sara! Dr. Hamza is available on today. I can book your slot for 9:00 AM to 4:00 PM. Should I proceed?,book,میں سارہ ہوں، مجھے ڈاکٹر حمزہ سے سلاٹ چاہئیے آج کو۔,ضرور سارہ! ڈاکٹر حمزہ آج دستیاب ہیں۔ میں صبح 9:00 بجے سے شام 4:00 بجے تک آپ کی سلاٹ بک کر سکتا ہوں۔ کیا مجھے آگے بڑھنا چاہیے؟
"I am Usman, mujhe Dr. Hamza se slot chahiye Tuesday ko.",Sure Usman! Dr. Hamza is available on Tuesday. I can book your slot for 9:00 AM to 4:00 PM. Should I proceed?,book,میں عثمان ہوں، مجھے ڈاکٹر حمزہ سے سلاٹ چاہئیے منگل کو۔,بے شک عثمان! ڈاکٹر حمزہ منگل کو دستیاب ہیں۔ میں صبح 9:00 بجے سے شام 4:00 بجے تک آپ کی سلاٹ بک کر سکتا ہوں۔ کیا مجھے آگے بڑھنا چاہیے؟
"I am Fatima, mujhe Dr. Hamza se slot chahiye Thursday ko.",Sure Fatima! Dr. Hamza is available on Thursday. I can book your slot for 9:00 AM to 4:00 PM. Should I proceed?,book,میں فاطمہ ہوں، مجھے ڈاکٹر حمزہ سے سلاٹ چاہئیے جمعرات کو۔,بے شک فاطمہ! ڈاکٹر حمزہ جمعرات کو دستیاب ہیں۔ میں صبح 9:00 بجے سے شام 4:00 بجے تک آپ کی سلاٹ بک کر سکتا ہوں۔ کیا مجھے آگے بڑھنا چاہیے؟
"I am Fatima, mujhe Dr. Hamza se slot chahiye Monday ko.",Sure Fatima! Dr. Hamza is available on Monday. I can book your slot for 9:00 AM to 4:00 PM. Should I proceed?,book,میں فاطمہ ہوں، مجھے ڈاکٹر حمزہ سے سلاٹ چاہئیے پیر کو۔,بے شک فاطمہ! ڈاکٹر حمزہ پیر کو دستیاب ہیں۔ میں صبح 9:00 بجے سے شام 4:00 بجے تک آپ کی سلاٹ بک کر سکتا ہوں۔ کیا مجھے آگے بڑھنا چاہیے؟
"I am Zainab, mujhe Dr. Hamza se slot chahiye tomorrow ko.",Sure Zainab! Dr. Hamza is available on tomorrow. I can book your slot for 9:00 AM to 4:00 PM. Should I proceed?,book,میں زینب ہوں، مجھے ڈاکٹر حمزہ سے سلاٹ چاہئیے کل کو۔,بے شک زینب! ڈاکٹر حمزہ کل دستیاب ہیں۔ میں صبح 9:00 بجے سے شام 4:00 بجے تک آپ کی سلاٹ بک کر سکتا ہوں۔ کیا مجھے آگے بڑھنا چاہیے؟
"I am Zainab, mujhe Dr. Hamza se slot chahiye Wednesday ko.",Sure Zainab! Dr. Hamza is available on Wednesday. I can book your slot for 9:00 AM to 4:00 PM. Should I proceed?,book,میں زینب ہوں، مجھے ڈاکٹر حمزہ سے سلاٹ چاہئیے بدھ کو۔,بے شک زینب! ڈاکٹر حمزہ بدھ کو دستیاب ہیں۔ میں صبح 9:00 بجے سے شام 4:00 بجے تک آپ کی سلاٹ بک کر سکتا ہوں۔ کیا مجھے آگے بڑھنا چاہیے؟
"I am Omer, mujhe Dr. Hamza se slot chahiye Tuesday ko.",Sure Omer! Dr. Hamza is available on Tuesday. I can book your slot for 9:00 AM to 4:00 PM. Should I proceed?,book,میں عمر ہوں، مجھے ڈاکٹر حمزہ سے سلاٹ چاہئیے منگل کو۔,بے شک عمر! ڈاکٹر حمزہ منگل کو دستیاب ہیں۔ میں صبح 9:00 بجے سے شام 4:00 بجے تک آپ کی سلاٹ بک کر سکتا ہوں۔ کیا مجھے آگے بڑھنا چاہیے؟
"I am Omer, mujhe Dr. Hamza se appointment leni hai Wednesday ko.",Sure Omer! Dr. Hamza is available on Wednesday. I can book your slot for 9:00 AM to 4:00 PM. Should I proceed?,book,میں عمر ہوں، مجھے ڈاکٹر حمزہ سے ملاقات لینا ہے بدھ کو۔,بے شک عمر! ڈاکٹر حمزہ بدھ کو دستیاب ہیں۔ میں صبح 9:00 بجے سے شام 4:00 بجے تک آپ کی سلاٹ بک کر سکتا ہوں۔ کیا مجھے آگے بڑھنا چاہیے؟
"I am Sana, mujhe Dr. Hamza se appointment leni hai Saturday ko.",Sure Sana! Dr. Hamza is available on Saturday. I can book your slot for 9:00 AM to 4:00 PM. Should I proceed?,book,میں ثنا ہوں، مجھے ڈاکٹر حمزہ سے ملاقات لینا ہے ہفتہ کو۔,ضرور ثناء! ڈاکٹر حمزہ ہفتہ کو دستیاب ہیں۔ میں صبح 9:00 بجے سے شام 4:00 بجے تک آپ کی سلاٹ بک کر سکتا ہوں۔ کیا مجھے آگے بڑھنا چاہیے؟
"I am Ahmed, mujhe Dr. Hamza se slot chahiye Tuesday ko.",Sure Ahmed! Dr. Hamza is available on Tuesday. I can book your slot for 9:00 AM to 4:00 PM. Should I proceed?,book,میں احمد ہوں، مجھے ڈاکٹر حمزہ سے سلاٹ چاہئیے منگل کو۔,ضرور احمد! ڈاکٹر حمزہ منگل کو دستیاب ہیں۔ میں صبح 9:00 بجے سے شام 4:00 بجے تک آپ کی سلاٹ بک کر سکتا ہوں۔ کیا مجھے آگے بڑھنا چاہیے؟
"I am Ayesha, mujhe Dr. Hamza se appointment leni hai tomorrow ko.",Sure Ayesha! Dr. Hamza is available on tomorrow. I can book your slot for 9:00 AM to 4:00 PM. Should I proceed?,book,میں عائشہ ہوں، مجھے ڈاکٹر حمزہ سے ملاقات لینا ہے کل کو۔,بالکل عائشہ! ڈاکٹر حمزہ کل دستیاب ہیں۔ میں صبح 9:00 بجے سے شام 4:00 بجے تک آپ کی سلاٹ بک کر سکتا ہوں۔ کیا مجھے آگے بڑھنا چاہیے؟
"I am Usman, mujhe Dr. Hamza se appointment leni hai Wednesday ko.",Sure Usman! Dr. Hamza is available on Wednesday. I can book your slot for 9:00 AM to 4:00 PM. Should I proceed?,book,میں عثمان ہوں، مجھے ڈاکٹر حمزہ سے ملاقات لینا ہے بدھ کو۔,بے شک عثمان! ڈاکٹر حمزہ بدھ کو دستیاب ہیں۔ میں صبح 9:00 بجے سے شام 4:00 بجے تک آپ کی سلاٹ بک کر سکتا ہوں۔ کیا مجھے آگے بڑھنا چاہیے؟
"I am Khadija, mujhe Dr. Hamza se doctor sahib ko dikhana hai today ko.",Sure Khadija! Dr. Hamza is available on today. I can book your slot for 9:00 AM to 4:00 PM. Should I proceed?,book,میں خدیجہ ہوں، مجھے ڈاکٹر حمزہ سے ڈاکٹر صاحب کو دیکھنا ہے آج کو۔,بے شک خدیجہ! ڈاکٹر حمزہ آج دستیاب ہیں۔ میں صبح 9:00 بجے سے شام 4:00 بجے تک آپ کی سلاٹ بک کر سکتا ہوں۔ کیا مجھے آگے بڑھنا چاہیے؟
"I am Sara, mujhe Dr. Hamza se checkup karana hai Wednesday ko.",Sure Sara! Dr. Hamza is available on Wednesday. I can book your slot for 9:00 AM to 4:00 PM. Should I proceed?,book,میں سارہ ہوں، مجھے ڈاکٹر حمزہ سے چیک اپ کرنا ہے بدھ کو۔,ضرور سارہ! ڈاکٹر حمزہ بدھ کو دستیاب ہیں۔ میں صبح 9:00 بجے سے شام 4:00 بجے تک آپ کی سلاٹ بک کر سکتا ہوں۔ کیا مجھے آگے بڑھنا چاہیے؟
"I am Ali, mujhe Dr. Hamza se doctor sahib ko dikhana hai Thursday ko.",Sure Ali! Dr. Hamza is available on Thursday. I can book your slot for 9:00 AM to 4:00 PM. Should I proceed?,book,میں علی ہوں، مجھے ڈاکٹر حمزہ سے ڈاکٹر صاحب کو دیکھنا ہے جمعرات کو۔,بے شک علی! ڈاکٹر حمزہ جمعرات کو دستیاب ہیں۔ میں صبح 9:00 بجے سے شام 4:00 بجے تک آپ کی سلاٹ بک کر سکتا ہوں۔ کیا مجھے آگے بڑھنا چاہیے؟
"I am Hamza, mujhe Dr. Hamza se appointment leni hai Friday ko.",Sure Hamza! Dr. Hamza is available on Friday. I can book your slot for 9:00 AM to 4:00 PM. Should I proceed?,book,میں حمزہ ہوں، مجھے ڈاکٹر حمزہ سے ملاقات لینا ہے جمعہ کو۔,بے شک حمزہ! ڈاکٹر حمزہ جمعہ کو دستیاب ہیں۔ میں صبح 9:00 بجے سے شام 4:00 بجے تک آپ کی سلاٹ بک کر سکتا ہوں۔ کیا مجھے آگے بڑھنا چاہیے؟
"I am Ahmed, mujhe Dr. Hamza se checkup karana hai Tuesday ko.",Sure Ahmed! Dr. Hamza is available on Tuesday. I can book your slot for 9:00 AM to 4:00 PM. Should I proceed?,book,میں احمد ہوں، مجھے ڈاکٹر حمزہ سے چیک اپ کرنا ہے منگل کو۔,ضرور احمد! ڈاکٹر حمزہ منگل کو دستیاب ہیں۔ میں صبح 9:00 بجے سے شام 4:00 بجے تک آپ کی سلاٹ بک کر سکتا ہوں۔ کیا مجھے آگے بڑھنا چاہیے؟
"I am Khadija, mujhe Dr. Hamza se doctor sahib ko dikhana hai Thursday ko.",Sure Khadija! Dr. Hamza is available on Thursday. I can book your slot for 9:00 AM to 4:00 PM. Should I proceed?,book,میں خدیجہ ہوں، مجھے ڈاکٹر حمزہ سے ڈاکٹر صاحب کو دیکھنا ہے جمعرات کو۔,بے شک خدیجہ! ڈاکٹر حمزہ جمعرات کو دستیاب ہیں۔ میں صبح 9:00 بجے سے شام 4:00 بجے تک آپ کی سلاٹ بک کر سکتا ہوں۔ کیا مجھے آگے بڑھنا چاہیے؟
"I am Ayesha, mujhe Dr. Hamza se checkup karana hai Wednesday ko.",Sure Ayesha! Dr. Hamza is available on Wednesday. I can book your slot for 9:00 AM to 4:00 PM. Should I proceed?,book,میں عائشہ ہوں، مجھے ڈاکٹر حمزہ سے چیک اپ کرنا ہے بدھ کو۔,بالکل عائشہ! ڈاکٹر حمزہ بدھ کو دستیاب ہیں۔ میں صبح 9:00 بجے سے شام 4:00 بجے تک آپ کی سلاٹ بک کر سکتا ہوں۔ کیا مجھے آگے بڑھنا چاہیے؟
"I am Sara, mujhe Dr. Hamza se doctor sahib ko dikhana hai Saturday ko.",Sure Sara! Dr. Hamza is available on Saturday. I can book your slot for 9:00 AM to 4:00 PM. Should I proceed?,book,میں سارہ ہوں، مجھے ڈاکٹر حمزہ سے ڈاکٹر صاحب کو دیکھنا ہے ہفتہ کو۔,ضرور سارہ! ڈاکٹر حمزہ ہفتہ کو دستیاب ہیں۔ میں صبح 9:00 بجے سے شام 4:00 بجے تک آپ کی سلاٹ بک کر سکتا ہوں۔ کیا مجھے آگے بڑھنا چاہیے؟
"I am Sana, mujhe Dr. Hamza se appointment leni hai Wednesday ko.",Sure Sana! Dr. Hamza is available on Wednesday. I can book your slot for 9:00 AM to 4:00 PM. Should I proceed?,book,میں ثنا ہوں، مجھے ڈاکٹر حمزہ سے ملاقات لینا ہے بدھ کو۔,ضرور ثناء! ڈاکٹر حمزہ بدھ کو دستیاب ہیں۔ میں صبح 9:00 بجے سے شام 4:00 بجے تک آپ کی سلاٹ بک کر سکتا ہوں۔ کیا مجھے آگے بڑھنا چاہیے؟
"I am Ali, mujhe Dr. Hamza se doctor sahib ko dikhana hai tomorrow ko.",Sure Ali! Dr. Hamza is available on tomorrow. I can book your slot for 9:00 AM to 4:00 PM. Should I proceed?,book,میں علی ہوں، مجھے ڈاکٹر حمزہ سے ڈاکٹر صاحب کو دیکھنا ہے کل کو۔,بے شک علی! ڈاکٹر حمزہ کل دستیاب ہیں۔ میں صبح 9:00 بجے سے شام 4:00 بجے تک آپ کی سلاٹ بک کر سکتا ہوں۔ کیا مجھے آگے بڑھنا چاہیے؟
"I am Khadija, mujhe Dr. Hamza se checkup karana hai Friday ko.",Sure Khadija! Dr. Hamza is available on Friday. I can book your slot for 9:00 AM to 4:00 PM. Should I proceed?,book,میں خدیجہ ہوں، مجھے ڈاکٹر حمزہ سے چیک اپ کرنا ہے جمعہ کو۔,بے شک خدیجہ! ڈاکٹر حمزہ جمعہ کو دستیاب ہیں۔ میں صبح 9:00 بجے سے شام 4:00 بجے تک آپ کی سلاٹ بک کر سکتا ہوں۔ کیا مجھے آگے بڑھنا چاہیے؟
"I am Omer, mujhe Dr. Hamza se slot chahiye Wednesday ko.",Sure Omer! Dr. Hamza is available on Wednesday. I can book your slot for 9:00 AM to 4:00 PM. Should I proceed?,book,میں عمر ہوں، مجھے ڈاکٹر حمزہ سے سلاٹ چاہئیے بدھ کو۔,بے شک عمر! ڈاکٹر حمزہ بدھ کو دستیاب ہیں۔ میں صبح 9:00 بجے سے شام 4:00 بجے تک آپ کی سلاٹ بک کر سکتا ہوں۔ کیا مجھے آگے بڑھنا چاہیے؟
"I am Ali, mujhe Dr. Hamza se appointment leni hai Tuesday ko.",Sure Ali! Dr. Hamza is available on Tuesday. I can book your slot for 9:00 AM to 4:00 PM. Should I proceed?,book,میں علی ہوں، مجھے ڈاکٹر حمزہ سے ملاقات لینا ہے منگل کو۔,بے شک علی! ڈاکٹر حمزہ منگل کو دستیاب ہیں۔ میں صبح 9:00 بجے سے شام 4:00 بجے تک آپ کی سلاٹ بک کر سکتا ہوں۔ کیا مجھے آگے بڑھنا چاہیے؟
"I am Sana, mujhe Dr. Hamza se slot chahiye Friday ko.",Sure Sana! Dr. Hamza is available on Friday. I can book your slot for 9:00 AM to 4:00 PM. Should I proceed?,book,میں ہوں ثنا، مجھے ڈاکٹر حمزہ سے سلاٹ چاہئیے جمعہ کو۔,ضرور ثناء! ڈاکٹر حمزہ جمعہ کو دستیاب ہیں۔ میں صبح 9:00 بجے سے شام 4:00 بجے تک آپ کی سلاٹ بک کر سکتا ہوں۔ کیا مجھے آگے بڑھنا چاہیے؟
"I am Omer, mujhe Dr. Hamza se slot chahiye tomorrow ko.",Sure Omer! Dr. Hamza is available on tomorrow. I can book your slot for 9:00 AM to 4:00 PM. Should I proceed?,book,میں عمر ہوں، مجھے ڈاکٹر حمزہ سے سلاٹ چاہئیے کل کو۔,بے شک عمر! ڈاکٹر حمزہ کل دستیاب ہیں۔ میں صبح 9:00 بجے سے شام 4:00 بجے تک آپ کی سلاٹ بک کر سکتا ہوں۔ کیا مجھے آگے بڑھنا چاہیے؟
"I am Omer, mujhe Dr. Hamza se checkup karana hai Tuesday ko.",Sure Omer! Dr. Hamza is available on Tuesday. I can book your slot for 9:00 AM to 4:00 PM. Should I proceed?,book,میں عمر ہوں، مجھے ڈاکٹر حمزہ سے چیک اپ کرنا ہے منگل کو۔,بے شک عمر! ڈاکٹر حمزہ منگل کو دستیاب ہیں۔ میں صبح 9:00 بجے سے شام 4:00 بجے تک آپ کی سلاٹ بک کر سکتا ہوں۔ کیا مجھے آگے بڑھنا چاہیے؟
"I am Sana, mujhe Dr. Hamza se doctor sahib ko dikhana hai Wednesday ko.",Sure Sana! Dr. Hamza is available on Wednesday. I can book your slot for 9:00 AM to 4:00 PM. Should I proceed?,book,میں ثنا ہوں، مجھے ڈاکٹر حمزہ سے ڈاکٹر صاحب کو دیکھنا ہے بدھ کو۔,ضرور ثناء! ڈاکٹر حمزہ بدھ کو دستیاب ہیں۔ میں صبح 9:00 بجے سے شام 4:00 بجے تک آپ کی سلاٹ بک کر سکتا ہوں۔ کیا مجھے آگے بڑھنا چاہیے؟
"I am Bilal, mujhe Dr. Hamza se slot chahiye Wednesday ko.",Sure Bilal! Dr. Hamza is available on Wednesday. I can book your slot for 9:00 AM to 4:00 PM. Should I proceed?,book,میں بلال ہوں، مجھے ڈاکٹر حمزہ سے سلاٹ چاہئیے بدھ کو۔,بالکل بلال! ڈاکٹر حمزہ بدھ کو دستیاب ہیں۔ میں صبح 9:00 بجے سے شام 4:00 بجے تک آپ کی سلاٹ بک کر سکتا ہوں۔ کیا مجھے آگے بڑھنا چاہیے؟
"I am Zainab, mujhe Dr. Hamza se appointment leni hai Tuesday ko.",Sure Zainab! Dr. Hamza is available on Tuesday. I can book your slot for 9:00 AM to 4:00 PM. Should I proceed?,book,میں زینب ہوں، مجھے ڈاکٹر حمزہ سے ملاقات لینا ہے منگل کو۔,بے شک زینب! ڈاکٹر حمزہ منگل کو دستیاب ہیں۔ میں صبح 9:00 بجے سے شام 4:00 بجے تک آپ کی سلاٹ بک کر سکتا ہوں۔ کیا مجھے آگے بڑھنا چاہیے؟
"I am Hamza, mujhe Dr. Hamza se checkup karana hai tomorrow ko.",Sure Hamza! Dr. Hamza is available on tomorrow. I can book your slot for 9:00 AM to 4:00 PM. Should I proceed?,book,میں حمزہ ہوں، مجھے ڈاکٹر حمزہ سے چیک اپ کرنا ہے کل کو۔,بے شک حمزہ! ڈاکٹر حمزہ کل دستیاب ہیں۔ میں صبح 9:00 بجے سے شام 4:00 بجے تک آپ کی سلاٹ بک کر سکتا ہوں۔ کیا مجھے آگے بڑھنا چاہیے؟
"I am Khadija, mujhe Dr. Hamza se checkup karana hai Thursday ko.",Sure Khadija! Dr. Hamza is available on Thursday. I can book your slot for 9:00 AM to 4:00 PM. Should I proceed?,book,میں خدیجہ ہوں، مجھے ڈاکٹر حمزہ سے چیک اپ کرنا ہے جمعرات کو۔,بے شک خدیجہ! ڈاکٹر حمزہ جمعرات کو دستیاب ہیں۔ میں صبح 9:00 بجے سے شام 4:00 بجے تک آپ کی سلاٹ بک کر سکتا ہوں۔ کیا مجھے آگے بڑھنا چاہیے؟
"I am Bilal, mujhe Dr. Hamza se appointment leni hai Thursday ko.",Sure Bilal! Dr. Hamza is available on Thursday. I can book your slot for 9:00 AM to 4:00 PM. Should I proceed?,book,میں بلال ہوں، مجھے ڈاکٹر حمزہ سے ملاقات لینا ہے جمعرات کو۔,بالکل بلال! ڈاکٹر حمزہ جمعرات کو دستیاب ہیں۔ میں صبح 9:00 بجے سے شام 4:00 بجے تک آپ کی سلاٹ بک کر سکتا ہوں۔ کیا مجھے آگے بڑھنا چاہیے؟
"I am Fatima, mujhe Dr. Hamza se checkup karana hai tomorrow ko.",Sure Fatima! Dr. Hamza is available on tomorrow. I can book your slot for 9:00 AM to 4:00 PM. Should I proceed?,book,میں فاطمہ ہوں، مجھے ڈاکٹر حمزہ سے چیک اپ کرنا ہے کل کو۔,بے شک فاطمہ! ڈاکٹر حمزہ کل دستیاب ہیں۔ میں صبح 9:00 بجے سے شام 4:00 بجے تک آپ کی سلاٹ بک کر سکتا ہوں۔ کیا مجھے آگے بڑھنا چاہیے؟
"I am Sana, mujhe Dr. Hamza se appointment leni hai Tuesday ko.",Sure Sana! Dr. Hamza is available on Tuesday. I can book your slot for 9:00 AM to 4:00 PM. Should I proceed?,book,میں ثنا ہوں، مجھے ڈاکٹر حمزہ سے ملاقات لینا ہے منگل کو۔,ضرور ثناء! ڈاکٹر حمزہ منگل کو دستیاب ہیں۔ میں صبح 9:00 بجے سے شام 4:00 بجے تک آپ کی سلاٹ بک کر سکتا ہوں۔ کیا مجھے آگے بڑھنا چاہیے؟
"I am Zainab, mujhe Dr. Hamza se appointment leni hai Saturday ko.",Sure Zainab! Dr. Hamza is available on Saturday. I can book your slot for 9:00 AM to 4:00 PM. Should I proceed?,book,میں زینب ہوں، مجھے ڈاکٹر حمزہ سے ملاقات لینا ہے ہفتہ کو۔,بے شک زینب! ڈاکٹر حمزہ ہفتہ کو دستیاب ہیں۔ میں صبح 9:00 بجے سے شام 4:00 بجے تک آپ کی سلاٹ بک کر سکتا ہوں۔ کیا مجھے آگے بڑھنا چاہیے؟
"I am Ayesha, mujhe Dr. Hamza se checkup karana hai Saturday ko.",Sure Ayesha! Dr. Hamza is available on Saturday. I can book your slot for 9:00 AM to 4:00 PM. Should I proceed?,book,میں عائشہ ہوں، مجھے ڈاکٹر حمزہ سے چیک اپ کرنا ہے ہفتہ کو۔,بالکل عائشہ! ڈاکٹر حمزہ ہفتہ کو دستیاب ہیں۔ میں صبح 9:00 بجے سے شام 4:00 بجے تک آپ کی سلاٹ بک کر سکتا ہوں۔ کیا مجھے آگے بڑھنا چاہیے؟
"I am Omer, mujhe Dr. Hamza se doctor sahib ko dikhana hai Thursday ko.",Sure Omer! Dr. Hamza is available on Thursday. I can book your slot for 9:00 AM to 4:00 PM. Should I proceed?,book,میں عمر ہوں، مجھے ڈاکٹر حمزہ سے ڈاکٹر صاحب کو دیکھنا ہے جمعرات کو۔,بے شک عمر! ڈاکٹر حمزہ جمعرات کو دستیاب ہیں۔ میں صبح 9:00 بجے سے شام 4:00 بجے تک آپ کی سلاٹ بک کر سکتا ہوں۔ کیا مجھے آگے بڑھنا چاہیے؟
"I am Hamza, mujhe Dr. Hamza se doctor sahib ko dikhana hai today ko.",Sure Hamza! Dr. Hamza is available on today. I can book your slot for 9:00 AM to 4:00 PM. Should I proceed?,book,میں حمزہ ہوں، مجھے ڈاکٹر حمزہ سے ڈاکٹر صاحب کو دیکھنا ہے آج کو۔,بے شک حمزہ! ڈاکٹر حمزہ آج دستیاب ہیں۔ میں صبح 9:00 بجے سے شام 4:00 بجے تک آپ کی سلاٹ بک کر سکتا ہوں۔ کیا مجھے آگے بڑھنا چاہیے؟
"I am Ali, mujhe Dr. Hamza se checkup karana hai Thursday ko.",Sure Ali! Dr. Hamza is available on Thursday. I can book your slot for 9:00 AM to 4:00 PM. Should I proceed?,book,میں علی ہوں، مجھے ڈاکٹر حمزہ سے چیک اپ کرنا ہے جمعرات کو۔,بے شک علی! ڈاکٹر حمزہ جمعرات کو دستیاب ہیں۔ میں صبح 9:00 بجے سے شام 4:00 بجے تک آپ کی سلاٹ بک کر سکتا ہوں۔ کیا مجھے آگے بڑھنا چاہیے؟
"I am Omer, mujhe Dr. Hamza se checkup karana hai Friday ko.",Sure Omer! Dr. Hamza is available on Friday. I can book your slot for 9:00 AM to 4:00 PM. Should I proceed?,book,میں عمر ہوں، مجھے ڈاکٹر حمزہ سے چیک اپ کرنا ہے جمعہ کو۔,بے شک عمر! ڈاکٹر حمزہ جمعہ کو دستیاب ہیں۔ میں صبح 9:00 بجے سے شام 4:00 بجے تک آپ کی سلاٹ بک کر سکتا ہوں۔ کیا مجھے آگے بڑھنا چاہیے؟
"I am Omer, mujhe Dr. Hamza se appointment leni hai Thursday ko.",Sure Omer! Dr. Hamza is available on Thursday. I can book your slot for 9:00 AM to 4:00 PM. Should I proceed?,book,میں عمر ہوں، مجھے ڈاکٹر حمزہ سے ملاقات لینا ہے جمعرات کو۔,بے شک عمر! ڈاکٹر حمزہ جمعرات کو دستیاب ہیں۔ میں صبح 9:00 بجے سے شام 4:00 بجے تک آپ کی سلاٹ بک کر سکتا ہوں۔ کیا مجھے آگے بڑھنا چاہیے؟
"I am Zainab, mujhe Dr. Hamza se doctor sahib ko dikhana hai tomorrow ko.",Sure Zainab! Dr. Hamza is available on tomorrow. I can book your slot for 9:00 AM to 4:00 PM. Should I proceed?,book,میں زینب ہوں، مجھے ڈاکٹر حمزہ سے ڈاکٹر صاحب کو دیکھنا ہے کل کو۔,بے شک زینب! ڈاکٹر حمزہ کل دستیاب ہیں۔ میں صبح 9:00 بجے سے شام 4:00 بجے تک آپ کی سلاٹ بک کر سکتا ہوں۔ کیا مجھے آگے بڑھنا چاہیے؟
"I am Ali, mujhe Dr. Hamza se slot chahiye Wednesday ko.",Sure Ali! Dr. Hamza is available on Wednesday. I can book your slot for 9:00 AM to 4:00 PM. Should I proceed?,book,میں علی ہوں، مجھے ڈاکٹر حمزہ سے سلاٹ چاہئیے بدھ کو۔,بے شک علی! ڈاکٹر حمزہ بدھ کو دستیاب ہیں۔ میں صبح 9:00 بجے سے شام 4:00 بجے تک آپ کی سلاٹ بک کر سکتا ہوں۔ کیا مجھے آگے بڑھنا چاہیے؟
"I am Usman, mujhe Dr. Hamza se appointment leni hai Saturday ko.",Sure Usman! Dr. Hamza is available on Saturday. I can book your slot for 9:00 AM to 4:00 PM. Should I proceed?,book,میں عثمان ہوں، مجھے ڈاکٹر حمزہ سے ملاقات لینا ہے ہفتہ کو۔,بے شک عثمان! ڈاکٹر حمزہ ہفتہ کو دستیاب ہیں۔ میں صبح 9:00 بجے سے شام 4:00 بجے تک آپ کی سلاٹ بک کر سکتا ہوں۔ کیا مجھے آگے بڑھنا چاہیے؟
"I am Usman, mujhe Dr. Hamza se checkup karana hai today ko.",Sure Usman! Dr. Hamza is available on today. I can book your slot for 9:00 AM to 4:00 PM. Should I proceed?,book,میں عثمان ہوں، مجھے ڈاکٹر حمزہ سے چیک اپ کرنا ہے آج کو۔,بے شک عثمان! ڈاکٹر حمزہ آج دستیاب ہیں۔ میں صبح 9:00 بجے سے شام 4:00 بجے تک آپ کی سلاٹ بک کر سکتا ہوں۔ کیا مجھے آگے بڑھنا چاہیے؟
"I am Sara, mujhe Dr. Hamza se slot chahiye Wednesday ko.",Sure Sara! Dr. Hamza is available on Wednesday. I can book your slot for 9:00 AM to 4:00 PM. Should I proceed?,book,میں سارہ ہوں، مجھے ڈاکٹر حمزہ سے سلاٹ چاہئیے بدھ کو۔,ضرور سارہ! ڈاکٹر حمزہ بدھ کو دستیاب ہیں۔ میں صبح 9:00 بجے سے شام 4:00 بجے تک آپ کی سلاٹ بک کر سکتا ہوں۔ کیا مجھے آگے بڑھنا چاہیے؟
"I am Ali, mujhe Dr. Hamza se doctor sahib ko dikhana hai Wednesday ko.",Sure Ali! Dr. Hamza is available on Wednesday. I can book your slot for 9:00 AM to 4:00 PM. Should I proceed?,book,میں علی ہوں، مجھے ڈاکٹر حمزہ سے ڈاکٹر صاحب کو دیکھنا ہے بدھ کو۔,بے شک علی! ڈاکٹر حمزہ بدھ کو دستیاب ہیں۔ میں صبح 9:00 بجے سے شام 4:00 بجے تک آپ کی سلاٹ بک کر سکتا ہوں۔ کیا مجھے آگے بڑھنا چاہیے؟
"I am Ahmed, mujhe Dr. Hamza se doctor sahib ko dikhana hai tomorrow ko.",Sure Ahmed! Dr. Hamza is available on tomorrow. I can book your slot for 9:00 AM to 4:00 PM. Should I proceed?,book,میں احمد ہوں، مجھے ڈاکٹر حمزہ سے ڈاکٹر صاحب کو دیکھنا ہے کل کو۔,ضرور احمد! ڈاکٹر حمزہ کل دستیاب ہیں۔ میں صبح 9:00 بجے سے شام 4:00 بجے تک آپ کی سلاٹ بک کر سکتا ہوں۔ کیا مجھے آگے بڑھنا چاہیے؟
"I am Usman, mujhe Dr. Hamza se doctor sahib ko dikhana hai Monday ko.",Sure Usman! Dr. Hamza is available on Monday. I can book your slot for 9:00 AM to 4:00 PM. Should I proceed?,book,میں عثمان ہوں، مجھے ڈاکٹر حمزہ سے ڈاکٹر صاحب کو دیکھنا ہے پیر کو۔,بے شک عثمان! ڈاکٹر حمزہ پیر کو دستیاب ہیں۔ میں صبح 9:00 بجے سے شام 4:00 بجے تک آپ کی سلاٹ بک کر سکتا ہوں۔ کیا مجھے آگے بڑھنا چاہیے؟
"I am Khadija, mujhe Dr. Hamza se appointment leni hai Thursday ko.",Sure Khadija! Dr. Hamza is available on Thursday. I can book your slot for 9:00 AM to 4:00 PM. Should I proceed?,book,میں خدیجہ ہوں، مجھے ڈاکٹر حمزہ سے ملاقات لینا ہے جمعرات کو۔,بے شک خدیجہ! ڈاکٹر حمزہ جمعرات کو دستیاب ہیں۔ میں صبح 9:00 بجے سے شام 4:00 بجے تک آپ کی سلاٹ بک کر سکتا ہوں۔ کیا مجھے آگے بڑھنا چاہیے؟
"I am Hamza, mujhe Dr. Hamza se appointment leni hai Monday ko.",Sure Hamza! Dr. Hamza is available on Monday. I can book your slot for 9:00 AM to 4:00 PM. Should I proceed?,book,میں حمزہ ہوں، مجھے ڈاکٹر حمزہ سے ملاقات لینا ہے پیر کو۔,بے شک حمزہ! ڈاکٹر حمزہ پیر کو دستیاب ہیں۔ میں صبح 9:00 بجے سے شام 4:00 بجے تک آپ کی سلاٹ بک کر سکتا ہوں۔ کیا مجھے آگے بڑھنا چاہیے؟
"I am Ayesha, mujhe Dr. Hamza se checkup karana hai today ko.",Sure Ayesha! Dr. Hamza is available on today. I can book your slot for 9:00 AM to 4:00 PM. Should I proceed?,book,میں عائشہ ہوں، مجھے ڈاکٹر حمزہ سے چیک اپ کرنا ہے آج کو۔,بالکل عائشہ! ڈاکٹر حمزہ آج دستیاب ہیں۔ میں صبح 9:00 بجے سے شام 4:00 بجے تک آپ کی سلاٹ بک کر سکتا ہوں۔ کیا مجھے آگے بڑھنا چاہیے؟
"I am Usman, mujhe Dr. Hamza se doctor sahib ko dikhana hai today ko.",Sure Usman! Dr. Hamza is available on today. I can book your slot for 9:00 AM to 4:00 PM. Should I proceed?,book,میں عثمان ہوں، مجھے ڈاکٹر حمزہ سے ڈاکٹر صاحب کو دیکھنا ہے آج کو۔,بے شک عثمان! ڈاکٹر حمزہ آج دستیاب ہیں۔ میں صبح 9:00 بجے سے شام 4:00 بجے تک آپ کی سلاٹ بک کر سکتا ہوں۔ کیا مجھے آگے بڑھنا چاہیے؟
"I am Zainab, mujhe Dr. Hamza se checkup karana hai Wednesday ko.",Sure Zainab! Dr. Hamza is available on Wednesday. I can book your slot for 9:00 AM to 4:00 PM. Should I proceed?,book,میں زینب ہوں، مجھے ڈاکٹر حمزہ سے چیک اپ کرنا ہے بدھ کو۔,بے شک زینب! ڈاکٹر حمزہ بدھ کو دستیاب ہیں۔ میں صبح 9:00 بجے سے شام 4:00 بجے تک آپ کی سلاٹ بک کر سکتا ہوں۔ کیا مجھے آگے بڑھنا چاہیے؟
"I am Ayesha, mujhe Dr. Hamza se appointment leni hai today ko.",Sure Ayesha! Dr. Hamza is available on today. I can book your slot for 9:00 AM to 4:00 PM. Should I proceed?,book,میں عائشہ ہوں، مجھے ڈاکٹر حمزہ سے ملاقات لینا ہے آج کو۔,بالکل عائشہ! ڈاکٹر حمزہ آج دستیاب ہیں۔ میں صبح 9:00 بجے سے شام 4:00 بجے تک آپ کی سلاٹ بک کر سکتا ہوں۔ کیا مجھے آگے بڑھنا چاہیے؟
"I am Usman, mujhe Dr. Hamza se checkup karana hai tomorrow ko.",Sure Usman! Dr. Hamza is available on tomorrow. I can book your slot for 9:00 AM to 4:00 PM. Should I proceed?,book,میں عثمان ہوں، مجھے ڈاکٹر حمزہ سے چیک اپ کرنا ہے کل کو۔,بے شک عثمان! ڈاکٹر حمزہ کل دستیاب ہیں۔ میں صبح 9:00 بجے سے شام 4:00 بجے تک آپ کی سلاٹ بک کر سکتا ہوں۔ کیا مجھے آگے بڑھنا چاہیے؟
"I am Hamza, mujhe Dr. Hamza se slot chahiye tomorrow ko.",Sure Hamza! Dr. Hamza is available on tomorrow. I can book your slot for 9:00 AM to 4:00 PM. Should I proceed?,book,میں حمزہ ہوں، مجھے ڈاکٹر حمزہ سے سلاٹ چاہئیے کل کو۔,بے شک حمزہ! ڈاکٹر حمزہ کل دستیاب ہیں۔ میں صبح 9:00 بجے سے شام 4:00 بجے تک آپ کی سلاٹ بک کر سکتا ہوں۔ کیا مجھے آگے بڑھنا چاہیے؟
"I am Ayesha, mujhe Dr. Hamza se slot chahiye Monday ko.",Sure Ayesha! Dr. Hamza is available on Monday. I can book your slot for 9:00 AM to 4:00 PM. Should I proceed?,book,میں عائشہ ہوں، مجھے ڈاکٹر حمزہ سے سلاٹ چاہیں پیر کو۔,بالکل عائشہ! ڈاکٹر حمزہ پیر کو دستیاب ہیں۔ میں صبح 9:00 بجے سے شام 4:00 بجے تک آپ کی سلاٹ بک کر سکتا ہوں۔ کیا مجھے آگے بڑھنا چاہیے؟
"I am Omer, mujhe Dr. Hamza se doctor sahib ko dikhana hai Friday ko.",Sure Omer! Dr. Hamza is available on Friday. I can book your slot for 9:00 AM to 4:00 PM. Should I proceed?,book,میں عمر ہوں، مجھے ڈاکٹر حمزہ سے ڈاکٹر صاحب کو دیکھنا ہے جمعہ کو۔,بے شک عمر! ڈاکٹر حمزہ جمعہ کو دستیاب ہیں۔ میں صبح 9:00 بجے سے شام 4:00 بجے تک آپ کی سلاٹ بک کر سکتا ہوں۔ کیا مجھے آگے بڑھنا چاہیے؟
"I am Sara, mujhe Dr. Hamza se appointment leni hai Tuesday ko.",Sure Sara! Dr. Hamza is available on Tuesday. I can book your slot for 9:00 AM to 4:00 PM. Should I proceed?,book,میں سارہ ہوں، مجھے ڈاکٹر حمزہ سے ملاقات لینا ہے منگل کو۔,ضرور سارہ! ڈاکٹر حمزہ منگل کو دستیاب ہیں۔ میں صبح 9:00 بجے سے شام 4:00 بجے تک آپ کی سلاٹ بک کر سکتا ہوں۔ کیا مجھے آگے بڑھنا چاہیے؟
"I am Fatima, mujhe Dr. Hamza se slot chahiye Wednesday ko.",Sure Fatima! Dr. Hamza is available on Wednesday. I can book your slot for 9:00 AM to 4:00 PM. Should I proceed?,book,میں فاطمہ ہوں، مجھے ڈاکٹر حمزہ سے سلاٹ چاہئیے بدھ کو۔,بے شک فاطمہ! ڈاکٹر حمزہ بدھ کو دستیاب ہیں۔ میں صبح 9:00 بجے سے شام 4:00 بجے تک آپ کی سلاٹ بک کر سکتا ہوں۔ کیا مجھے آگے بڑھنا چاہیے؟
"I am Ayesha, mujhe Dr. Hamza se slot chahiye tomorrow ko.",Sure Ayesha! Dr. Hamza is available on tomorrow. I can book your slot for 9:00 AM to 4:00 PM. Should I proceed?,book,میں عائشہ ہوں، مجھے ڈاکٹر حمزہ سے سلاٹ چاہیئے کل کو۔,بالکل عائشہ! ڈاکٹر حمزہ کل دستیاب ہیں۔ میں صبح 9:00 بجے سے شام 4:00 بجے تک آپ کی سلاٹ بک کر سکتا ہوں۔ کیا مجھے آگے بڑھنا چاہیے؟
"I am Khadija, mujhe Dr. Hamza se appointment leni hai Monday ko.",Sure Khadija! Dr. Hamza is available on Monday. I can book your slot for 9:00 AM to 4:00 PM. Should I proceed?,book,میں خدیجہ ہوں، مجھے ڈاکٹر حمزہ سے ملاقات لینا ہے پیر کو۔,بے شک خدیجہ! ڈاکٹر حمزہ پیر کو دستیاب ہیں۔ میں صبح 9:00 بجے سے شام 4:00 بجے تک آپ کی سلاٹ بک کر سکتا ہوں۔ کیا مجھے آگے بڑھنا چاہیے؟
"I am Khadija, mujhe Dr. Hamza se slot chahiye Wednesday ko.",Sure Khadija! Dr. Hamza is available on Wednesday. I can book your slot for 9:00 AM to 4:00 PM. Should I proceed?,book,میں خدیجہ ہوں، مجھے ڈاکٹر حمزہ سے سلاٹ چاہئیے بدھ کو۔,بے شک خدیجہ! ڈاکٹر حمزہ بدھ کو دستیاب ہیں۔ میں صبح 9:00 بجے سے شام 4:00 بجے تک آپ کی سلاٹ بک کر سکتا ہوں۔ کیا مجھے آگے بڑھنا چاہیے؟
"I am Ayesha, mujhe Dr. Hamza se appointment leni hai Friday ko.",Sure Ayesha! Dr. Hamza is available on Friday. I can book your slot for 9:00 AM to 4:00 PM. Should I proceed?,book,میں عائشہ ہوں، مجھے ڈاکٹر حمزہ سے ملاقات لینا ہے جمعہ کو۔,بالکل عائشہ! ڈاکٹر حمزہ جمعہ کو دستیاب ہیں۔ میں صبح 9:00 بجے سے شام 4:00 بجے تک آپ کی سلاٹ بک کر سکتا ہوں۔ کیا مجھے آگے بڑھنا چاہیے؟
"I am Fatima, mujhe Dr. Hamza se checkup karana hai Friday ko.",Sure Fatima! Dr. Hamza is available on Friday. I can book your slot for 9:00 AM to 4:00 PM. Should I proceed?,book,میں فاطمہ ہوں، مجھے ڈاکٹر حمزہ سے چیک اپ کرنا ہے جمعہ کو۔,بے شک فاطمہ! ڈاکٹر حمزہ جمعہ کو دستیاب ہیں۔ میں صبح 9:00 بجے سے شام 4:00 بجے تک آپ کی سلاٹ بک کر سکتا ہوں۔ کیا مجھے آگے بڑھنا چاہیے؟
"I am Khadija, mujhe Dr. Hamza se slot chahiye Tuesday ko.",Sure Khadija! Dr. Hamza is available on Tuesday. I can book your slot for 9:00 AM to 4:00 PM. Should I proceed?,book,میں خدیجہ ہوں، مجھے ڈاکٹر حمزہ سے سلاٹ چاہئیے منگل کو۔,بے شک خدیجہ! ڈاکٹر حمزہ منگل کو دستیاب ہیں۔ میں صبح 9:00 بجے سے شام 4:00 بجے تک آپ کی سلاٹ بک کر سکتا ہوں۔ کیا مجھے آگے بڑھنا چاہیے؟
"I am Omer, mujhe Dr. Hamza se slot chahiye Saturday ko.",Sure Omer! Dr. Hamza is available on Saturday. I can book your slot for 9:00 AM to 4:00 PM. Should I proceed?,book,میں عمر ہوں، مجھے ڈاکٹر حمزہ سے سلاٹ چاہئیے ہفتہ کو۔,بے شک عمر! ڈاکٹر حمزہ ہفتہ کو دستیاب ہیں۔ میں صبح 9:00 بجے سے شام 4:00 بجے تک آپ کی سلاٹ بک کر سکتا ہوں۔ کیا مجھے آگے بڑھنا چاہیے؟
"I am Ahmed, mujhe Dr. Hamza se slot chahiye Saturday ko.",Sure Ahmed! Dr. Hamza is available on Saturday. I can book your slot for 9:00 AM to 4:00 PM. Should I proceed?,book,میں احمد ہوں، مجھے ڈاکٹر حمزہ سے سلاٹ چاہئیے ہفتہ کو۔,ضرور احمد! ڈاکٹر حمزہ ہفتہ کو دستیاب ہیں۔ میں صبح 9:00 بجے سے شام 4:00 بجے تک آپ کی سلاٹ بک کر سکتا ہوں۔ کیا مجھے آگے بڑھنا چاہیے؟
"I am Bilal, mujhe Dr. Hamza se slot chahiye Friday ko.",Sure Bilal! Dr. Hamza is available on Friday. I can book your slot for 9:00 AM to 4:00 PM. Should I proceed?,book,میں بلال ہوں، مجھے ڈاکٹر حمزہ سے سلاٹ چاہئیے جمعہ کو۔,بالکل بلال! ڈاکٹر حمزہ جمعہ کو دستیاب ہیں۔ میں صبح 9:00 بجے سے شام 4:00 بجے تک آپ کی سلاٹ بک کر سکتا ہوں۔ کیا مجھے آگے بڑھنا چاہیے؟
"I am Hamza, mujhe Dr. Hamza se slot chahiye Tuesday ko.",Sure Hamza! Dr. Hamza is available on Tuesday. I can book your slot for 9:00 AM to 4:00 PM. Should I proceed?,book,میں حمزہ ہوں، مجھے ڈاکٹر حمزہ سے سلاٹ چاہئیے منگل کو۔,بے شک حمزہ! ڈاکٹر حمزہ منگل کو دستیاب ہیں۔ میں صبح 9:00 بجے سے شام 4:00 بجے تک آپ کی سلاٹ بک کر سکتا ہوں۔ کیا مجھے آگے بڑھنا چاہیے؟
"I am Ali, mujhe Dr. Hamza se checkup karana hai today ko.",Sure Ali! Dr. Hamza is available on today. I can book your slot for 9:00 AM to 4:00 PM. Should I proceed?,book,میں علی ہوں، مجھے ڈاکٹر حمزہ سے چیک اپ کرنا ہے آج کو۔,بے شک علی! ڈاکٹر حمزہ آج دستیاب ہیں۔ میں صبح 9:00 بجے سے شام 4:00 بجے تک آپ کی سلاٹ بک کر سکتا ہوں۔ کیا مجھے آگے بڑھنا چاہیے؟
"I am Ayesha, mujhe Dr. Hamza se doctor sahib ko dikhana hai Saturday ko.",Sure Ayesha! Dr. Hamza is available on Saturday. I can book your slot for 9:00 AM to 4:00 PM. Should I proceed?,book,میں عائشہ ہوں، مجھے ڈاکٹر حمزہ سے ڈاکٹر صاحب کو دیکھنا ہے ہفتہ کو۔,بالکل عائشہ! ڈاکٹر حمزہ ہفتہ کو دستیاب ہیں۔ میں صبح 9:00 بجے سے شام 4:00 بجے تک آپ کی سلاٹ بک کر سکتا ہوں۔ کیا مجھے آگے بڑھنا چاہیے؟
"I am Usman, mujhe Dr. Hamza se checkup karana hai Tuesday ko.",Sure Usman! Dr. Hamza is available on Tuesday. I can book your slot for 9:00 AM to 4:00 PM. Should I proceed?,book,میں عثمان ہوں، مجھے ڈاکٹر حمزہ سے چیک اپ کرنا ہے منگل کو۔,بے شک عثمان! ڈاکٹر حمزہ منگل کو دستیاب ہیں۔ میں صبح 9:00 بجے سے شام 4:00 بجے تک آپ کی سلاٹ بک کر سکتا ہوں۔ کیا مجھے آگے بڑھنا چاہیے؟
"I am Hamza, mujhe Dr. Hamza se doctor sahib ko dikhana hai Wednesday ko.",Sure Hamza! Dr. Hamza is available on Wednesday. I can book your slot for 9:00 AM to 4:00 PM. Should I proceed?,book,میں حمزہ ہوں، مجھے ڈاکٹر حمزہ سے ڈاکٹر صاحب کو دیکھنا ہے بدھ کو۔,بے شک حمزہ! ڈاکٹر حمزہ بدھ کو دستیاب ہیں۔ میں صبح 9:00 بجے سے شام 4:00 بجے تک آپ کی سلاٹ بک کر سکتا ہوں۔ کیا مجھے آگے بڑھنا چاہیے؟
"I am Ahmed, mujhe Dr. Hamza se doctor sahib ko dikhana hai Saturday ko.",Sure Ahmed! Dr. Hamza is available on Saturday. I can book your slot for 9:00 AM to 4:00 PM. Should I proceed?,book,میں احمد ہوں، مجھے ڈاکٹر حمزہ سے ڈاکٹر صاحب کو دیکھنا ہے ہفتہ کو۔,ضرور احمد! ڈاکٹر حمزہ ہفتہ کو دستیاب ہیں۔ میں صبح 9:00 بجے سے شام 4:00 بجے تک آپ کی سلاٹ بک کر سکتا ہوں۔ کیا مجھے آگے بڑھنا چاہیے؟
"I am Sana, mujhe Dr. Hamza se doctor sahib ko dikhana hai Monday ko.",Sure Sana! Dr. Hamza is available on Monday. I can book your slot for 9:00 AM to 4:00 PM. Should I proceed?,book,میں ہوں ثنا، مجھے ڈاکٹر حمزہ سے ڈاکٹر صاحب کو دیکھنا ہے پیر کو۔,ضرور ثناء! ڈاکٹر حمزہ پیر کو دستیاب ہیں۔ میں صبح 9:00 بجے سے شام 4:00 بجے تک آپ کی سلاٹ بک کر سکتا ہوں۔ کیا مجھے آگے بڑھنا چاہیے؟
"I am Fatima, mujhe Dr. Hamza se appointment leni hai Friday ko.",Sure Fatima! Dr. Hamza is available on Friday. I can book your slot for 9:00 AM to 4:00 PM. Should I proceed?,book,میں فاطمہ ہوں، مجھے ڈاکٹر حمزہ سے ملاقات لینا ہے جمعہ کو۔,بے شک فاطمہ! ڈاکٹر حمزہ جمعہ کو دستیاب ہیں۔ میں صبح 9:00 بجے سے شام 4:00 بجے تک آپ کی سلاٹ بک کر سکتا ہوں۔ کیا مجھے آگے بڑھنا چاہیے؟
"I am Fatima, mujhe Dr. Hamza se appointment leni hai Saturday ko.",Sure Fatima! Dr. Hamza is available on Saturday. I can book your slot for 9:00 AM to 4:00 PM. Should I proceed?,book,میں فاطمہ ہوں، مجھے ڈاکٹر حمزہ سے ملاقات لینا ہے ہفتہ کو۔,بے شک فاطمہ! ڈاکٹر حمزہ ہفتہ کو دستیاب ہیں۔ میں صبح 9:00 بجے سے شام 4:00 بجے تک آپ کی سلاٹ بک کر سکتا ہوں۔ کیا مجھے آگے بڑھنا چاہیے؟
"I am Omer, mujhe Dr. Hamza se appointment leni hai today ko.",Sure Omer! Dr. Hamza is available on today. I can book your slot for 9:00 AM to 4:00 PM. Should I proceed?,book,میں عمر ہوں، مجھے ڈاکٹر حمزہ سے ملاقات لینا ہے آج کو۔,بے شک عمر! ڈاکٹر حمزہ آج دستیاب ہیں۔ میں صبح 9:00 بجے سے شام 4:00 بجے تک آپ کی سلاٹ بک کر سکتا ہوں۔ کیا مجھے آگے بڑھنا چاہیے؟
"I am Sara, mujhe Dr. Hamza se slot chahiye tomorrow ko.",Sure Sara! Dr. Hamza is available on tomorrow. I can book your slot for 9:00 AM to 4:00 PM. Should I proceed?,book,میں سارہ ہوں، مجھے ڈاکٹر حمزہ سے سلاٹ چاہئیے کل کو۔,ضرور سارہ! ڈاکٹر حمزہ کل دستیاب ہیں۔ میں صبح 9:00 بجے سے شام 4:00 بجے تک آپ کی سلاٹ بک کر سکتا ہوں۔ کیا مجھے آگے بڑھنا چاہیے؟
"I am Hamza, mujhe Dr. Hamza se checkup karana hai Tuesday ko.",Sure Hamza! Dr. Hamza is available on Tuesday. I can book your slot for 9:00 AM to 4:00 PM. Should I proceed?,book,میں حمزہ ہوں، مجھے ڈاکٹر حمزہ سے چیک اپ کرنا ہے منگل کو۔,بے شک حمزہ! ڈاکٹر حمزہ منگل کو دستیاب ہیں۔ میں صبح 9:00 بجے سے شام 4:00 بجے تک آپ کی سلاٹ بک کر سکتا ہوں۔ کیا مجھے آگے بڑھنا چاہیے؟
"I am Ali, mujhe Dr. Hamza se slot chahiye Monday ko.",Sure Ali! Dr. Hamza is available on Monday. I can book your slot for 9:00 AM to 4:00 PM. Should I proceed?,book,میں علی ہوں، مجھے ڈاکٹر حمزہ سے سلاٹ چاہیے پیر کو۔,بے شک علی! ڈاکٹر حمزہ پیر کو دستیاب ہیں۔ میں صبح 9:00 بجے سے شام 4:00 بجے تک آپ کی سلاٹ بک کر سکتا ہوں۔ کیا مجھے آگے بڑھنا چاہیے؟
"I am Ali, mujhe Dr. Hamza se slot chahiye Thursday ko.",Sure Ali! Dr. Hamza is available on Thursday. I can book your slot for 9:00 AM to 4:00 PM. Should I proceed?,book,میں علی ہوں، مجھے ڈاکٹر حمزہ سے سلاٹ چاہئیے جمعرات کو۔,بے شک علی! ڈاکٹر حمزہ جمعرات کو دستیاب ہیں۔ میں صبح 9:00 بجے سے شام 4:00 بجے تک آپ کی سلاٹ بک کر سکتا ہوں۔ کیا مجھے آگے بڑھنا چاہیے؟
"I am Hamza, mujhe Dr. Hamza se appointment leni hai Thursday ko.",Sure Hamza! Dr. Hamza is available on Thursday. I can book your slot for 9:00 AM to 4:00 PM. Should I proceed?,book,میں حمزہ ہوں، مجھے ڈاکٹر حمزہ سے ملاقات لینا ہے جمعرات کو۔,بے شک حمزہ! ڈاکٹر حمزہ جمعرات کو دستیاب ہیں۔ میں صبح 9:00 بجے سے شام 4:00 بجے تک آپ کی سلاٹ بک کر سکتا ہوں۔ کیا مجھے آگے بڑھنا چاہیے؟
"I am Hamza, mujhe Dr. Hamza se checkup karana hai today ko.",Sure Hamza! Dr. Hamza is available on today. I can book your slot for 9:00 AM to 4:00 PM. Should I proceed?,book,میں حمزہ ہوں، مجھے ڈاکٹر حمزہ سے چیک اپ کرنا ہے آج کو۔,بے شک حمزہ! ڈاکٹر حمزہ آج دستیاب ہیں۔ میں صبح 9:00 بجے سے شام 4:00 بجے تک آپ کی سلاٹ بک کر سکتا ہوں۔ کیا مجھے آگے بڑھنا چاہیے؟
"I am Bilal, mujhe Dr. Hamza se slot chahiye tomorrow ko.",Sure Bilal! Dr. Hamza is available on tomorrow. I can book your slot for 9:00 AM to 4:00 PM. Should I proceed?,book,میں ہوں بلال، مجھے ڈاکٹر حمزہ سے سلاٹ چاہیئے کل کو۔,بالکل بلال! ڈاکٹر حمزہ کل دستیاب ہیں۔ میں صبح 9:00 بجے سے شام 4:00 بجے تک آپ کی سلاٹ بک کر سکتا ہوں۔ کیا مجھے آگے بڑھنا چاہیے؟
"I am Zainab, mujhe Dr. Hamza se appointment leni hai Thursday ko.",Sure Zainab! Dr. Hamza is available on Thursday. I can book your slot for 9:00 AM to 4:00 PM. Should I proceed?,book,میں زینب ہوں، مجھے ڈاکٹر حمزہ سے ملاقات لینا ہے جمعرات کو۔,بے شک زینب! ڈاکٹر حمزہ جمعرات کو دستیاب ہیں۔ میں صبح 9:00 بجے سے شام 4:00 بجے تک آپ کی سلاٹ بک کر سکتا ہوں۔ کیا مجھے آگے بڑھنا چاہیے؟
"I am Ayesha, mujhe Dr. Hamza se appointment leni hai Thursday ko.",Sure Ayesha! Dr. Hamza is available on Thursday. I can book your slot for 9:00 AM to 4:00 PM. Should I proceed?,book,میں عائشہ ہوں، مجھے ڈاکٹر حمزہ سے ملاقات لینا ہے جمعرات کو۔,بالکل عائشہ! ڈاکٹر حمزہ جمعرات کو دستیاب ہیں۔ میں صبح 9:00 بجے سے شام 4:00 بجے تک آپ کی سلاٹ بک کر سکتا ہوں۔ کیا مجھے آگے بڑھنا چاہیے؟
"I am Sara, mujhe Dr. Hamza se checkup karana hai today ko.",Sure Sara! Dr. Hamza is available on today. I can book your slot for 9:00 AM to 4:00 PM. Should I proceed?,book,میں سارہ ہوں، مجھے ڈاکٹر حمزہ سے چیک اپ کرنا ہے آج کو۔,ضرور سارہ! ڈاکٹر حمزہ آج دستیاب ہیں۔ میں صبح 9:00 بجے سے شام 4:00 بجے تک آپ کی سلاٹ بک کر سکتا ہوں۔ کیا مجھے آگے بڑھنا چاہیے؟
"I am Ahmed, mujhe Dr. Hamza se doctor sahib ko dikhana hai today ko.",Sure Ahmed! Dr. Hamza is available on today. I can book your slot for 9:00 AM to 4:00 PM. Should I proceed?,book,میں احمد ہوں، مجھے ڈاکٹر حمزہ سے ڈاکٹر صاحب کو دیکھنا ہے آج کو۔,ضرور احمد! ڈاکٹر حمزہ آج دستیاب ہیں۔ میں صبح 9:00 بجے سے شام 4:00 بجے تک آپ کی سلاٹ بک کر سکتا ہوں۔ کیا مجھے آگے بڑھنا چاہیے؟
"I am Sara, mujhe Dr. Hamza se checkup karana hai Friday ko.",Sure Sara! Dr. Hamza is available on Friday. I can book your slot for 9:00 AM to 4:00 PM. Should I proceed?,book,میں سارہ ہوں، مجھے ڈاکٹر حمزہ سے چیک اپ کرنا ہے جمعہ کو۔,ضرور سارہ! ڈاکٹر حمزہ جمعہ کو دستیاب ہیں۔ میں صبح 9:00 بجے سے شام 4:00 بجے تک آپ کی سلاٹ بک کر سکتا ہوں۔ کیا مجھے آگے بڑھنا چاہیے؟
"I am Khadija, mujhe Dr. Hamza se slot chahiye Monday ko.",Sure Khadija! Dr. Hamza is available on Monday. I can book your slot for 9:00 AM to 4:00 PM. Should I proceed?,book,میں خدیجہ ہوں، مجھے ڈاکٹر حمزہ سے سلاٹ چاہئیے پیر کو۔,بے شک خدیجہ! ڈاکٹر حمزہ پیر کو دستیاب ہیں۔ میں صبح 9:00 بجے سے شام 4:00 بجے تک آپ کی سلاٹ بک کر سکتا ہوں۔ کیا مجھے آگے بڑھنا چاہیے؟
"I am Ahmed, mujhe Dr. Hamza se appointment leni hai Tuesday ko.",Sure Ahmed! Dr. Hamza is available on Tuesday. I can book your slot for 9:00 AM to 4:00 PM. Should I proceed?,book,میں احمد ہوں، مجھے ڈاکٹر حمزہ سے ملاقات لینا ہے منگل کو۔,ضرور احمد! ڈاکٹر حمزہ منگل کو دستیاب ہیں۔ میں صبح 9:00 بجے سے شام 4:00 بجے تک آپ کی سلاٹ بک کر سکتا ہوں۔ کیا مجھے آگے بڑھنا چاہیے؟
"I am Khadija, mujhe Dr. Hamza se doctor sahib ko dikhana hai Monday ko.",Sure Khadija! Dr. Hamza is available on Monday. I can book your slot for 9:00 AM to 4:00 PM. Should I proceed?,book,میں خدیجہ ہوں، مجھے ڈاکٹر حمزہ سے ڈاکٹر صاحب کو دیکھنا ہے پیر کو۔,بے شک خدیجہ! ڈاکٹر حمزہ پیر کو دستیاب ہیں۔ میں صبح 9:00 بجے سے شام 4:00 بجے تک آپ کی سلاٹ بک کر سکتا ہوں۔ کیا مجھے آگے بڑھنا چاہیے؟
"I am Bilal, mujhe Dr. Hamza se slot chahiye today ko.",Sure Bilal! Dr. Hamza is available on today. I can book your slot for 9:00 AM to 4:00 PM. Should I proceed?,book,میں بلال ہوں، مجھے ڈاکٹر حمزہ سے سلاٹ چاہیئے آج کو۔,بالکل بلال! ڈاکٹر حمزہ آج دستیاب ہیں۔ میں صبح 9:00 بجے سے شام 4:00 بجے تک آپ کی سلاٹ بک کر سکتا ہوں۔ کیا مجھے آگے بڑھنا چاہیے؟
"I am Usman, mujhe Dr. Hamza se appointment leni hai Friday ko.",Sure Usman! Dr. Hamza is available on Friday. I can book your slot for 9:00 AM to 4:00 PM. Should I proceed?,book,میں عثمان ہوں، مجھے ڈاکٹر حمزہ سے ملاقات لینا ہے جمعہ کو۔,بے شک عثمان! ڈاکٹر حمزہ جمعہ کو دستیاب ہیں۔ میں صبح 9:00 بجے سے شام 4:00 بجے تک آپ کی سلاٹ بک کر سکتا ہوں۔ کیا مجھے آگے بڑھنا چاہیے؟
"I am Zainab, mujhe Dr. Hamza se appointment leni hai tomorrow ko.",Sure Zainab! Dr. Hamza is available on tomorrow. I can book your slot for 9:00 AM to 4:00 PM. Should I proceed?,book,میں زینب ہوں، مجھے ڈاکٹر حمزہ سے ملاقات لینا ہے کل کو۔,بے شک زینب! ڈاکٹر حمزہ کل دستیاب ہیں۔ میں صبح 9:00 بجے سے شام 4:00 بجے تک آپ کی سلاٹ بک کر سکتا ہوں۔ کیا مجھے آگے بڑھنا چاہیے؟
"I am Fatima, mujhe Dr. Hamza se checkup karana hai Monday ko.",Sure Fatima! Dr. Hamza is available on Monday. I can book your slot for 9:00 AM to 4:00 PM. Should I proceed?,book,میں فاطمہ ہوں، مجھے ڈاکٹر حمزہ سے چیک اپ کرنا ہے پیر کو۔,بے شک فاطمہ! ڈاکٹر حمزہ پیر کو دستیاب ہیں۔ میں صبح 9:00 بجے سے شام 4:00 بجے تک آپ کی سلاٹ بک کر سکتا ہوں۔ کیا مجھے آگے بڑھنا چاہیے؟
"I am Ali, mujhe Dr. Hamza se doctor sahib ko dikhana hai Monday ko.",Sure Ali! Dr. Hamza is available on Monday. I can book your slot for 9:00 AM to 4:00 PM. Should I proceed?,book,میں علی ہوں، مجھے ڈاکٹر حمزہ سے ڈاکٹر صاحب کو دیکھنا ہے پیر کو۔,بے شک علی! ڈاکٹر حمزہ پیر کو دستیاب ہیں۔ میں صبح 9:00 بجے سے شام 4:00 بجے تک آپ کی سلاٹ بک کر سکتا ہوں۔ کیا مجھے آگے بڑھنا چاہیے؟
"I am Fatima, mujhe Dr. Hamza se doctor sahib ko dikhana hai Wednesday ko.",Sure Fatima! Dr. Hamza is available on Wednesday. I can book your slot for 9:00 AM to 4:00 PM. Should I proceed?,book,میں فاطمہ ہوں، مجھے ڈاکٹر حمزہ سے ڈاکٹر صاحب کو دیکھنا ہے بدھ کو۔,بے شک فاطمہ! ڈاکٹر حمزہ بدھ کو دستیاب ہیں۔ میں صبح 9:00 بجے سے شام 4:00 بجے تک آپ کی سلاٹ بک کر سکتا ہوں۔ کیا مجھے آگے بڑھنا چاہیے؟
"I am Fatima, mujhe Dr. Hamza se doctor sahib ko dikhana hai Saturday ko.",Sure Fatima! Dr. Hamza is available on Saturday. I can book your slot for 9:00 AM to 4:00 PM. Should I proceed?,book,میں فاطمہ ہوں، مجھے ڈاکٹر حمزہ سے ڈاکٹر صاحب کو دیکھنا ہے ہفتہ کو۔,بے شک فاطمہ! ڈاکٹر حمزہ ہفتہ کو دستیاب ہیں۔ میں صبح 9:00 بجے سے شام 4:00 بجے تک آپ کی سلاٹ بک کر سکتا ہوں۔ کیا مجھے آگے بڑھنا چاہیے؟
"I am Ayesha, mujhe Dr. Hamza se doctor sahib ko dikhana hai today ko.",Sure Ayesha! Dr. Hamza is available on today. I can book your slot for 9:00 AM to 4:00 PM. Should I proceed?,book,میں عائشہ ہوں، مجھے ڈاکٹر حمزہ سے ڈاکٹر صاحب کو دیکھنا ہے آج کو۔,بالکل عائشہ! ڈاکٹر حمزہ آج دستیاب ہیں۔ میں صبح 9:00 بجے سے شام 4:00 بجے تک آپ کی سلاٹ بک کر سکتا ہوں۔ کیا مجھے آگے بڑھنا چاہیے؟
"I am Ayesha, mujhe Dr. Hamza se slot chahiye Thursday ko.",Sure Ayesha! Dr. Hamza is available on Thursday. I can book your slot for 9:00 AM to 4:00 PM. Should I proceed?,book,میں عائشہ ہوں، مجھے ڈاکٹر حمزہ سے سلاٹ چاہئیے جمعرات کو۔,بالکل عائشہ! ڈاکٹر حمزہ جمعرات کو دستیاب ہیں۔ میں صبح 9:00 بجے سے شام 4:00 بجے تک آپ کی سلاٹ بک کر سکتا ہوں۔ کیا مجھے آگے بڑھنا چاہیے؟
"I am Fatima, mujhe Dr. Hamza se appointment leni hai Thursday ko.",Sure Fatima! Dr. Hamza is available on Thursday. I can book your slot for 9:00 AM to 4:00 PM. Should I proceed?,book,میں فاطمہ ہوں، مجھے ڈاکٹر حمزہ سے ملاقات لینا ہے جمعرات کو۔,بے شک فاطمہ! ڈاکٹر حمزہ جمعرات کو دستیاب ہیں۔ میں صبح 9:00 بجے سے شام 4:00 بجے تک آپ کی سلاٹ بک کر سکتا ہوں۔ کیا مجھے آگے بڑھنا چاہیے؟
"I am Ayesha, mujhe Dr. Hamza se appointment leni hai Saturday ko.",Sure Ayesha! Dr. Hamza is available on Saturday. I can book your slot for 9:00 AM to 4:00 PM. Should I proceed?,book,میں عائشہ ہوں، مجھے ڈاکٹر حمزہ سے ملاقات لینا ہے ہفتہ کو۔,بالکل عائشہ! ڈاکٹر حمزہ ہفتہ کو دستیاب ہیں۔ میں صبح 9:00 بجے سے شام 4:00 بجے تک آپ کی سلاٹ بک کر سکتا ہوں۔ کیا مجھے آگے بڑھنا چاہیے؟
"I am Sana, mujhe Dr. Hamza se slot chahiye Wednesday ko.",Sure Sana! Dr. Hamza is available on Wednesday. I can book your slot for 9:00 AM to 4:00 PM. Should I proceed?,book,میں ثنا ہوں، مجھے ڈاکٹر حمزہ سے سلاٹ چاہئیے بدھ کو۔,ضرور ثناء! ڈاکٹر حمزہ بدھ کو دستیاب ہیں۔ میں صبح 9:00 بجے سے شام 4:00 بجے تک آپ کی سلاٹ بک کر سکتا ہوں۔ کیا مجھے آگے بڑھنا چاہیے؟
"I am Hamza, mujhe Dr. Hamza se appointment leni hai today ko.",Sure Hamza! Dr. Hamza is available on today. I can book your slot for 9:00 AM to 4:00 PM. Should I proceed?,book,میں حمزہ ہوں، مجھے ڈاکٹر حمزہ سے ملاقات لینا ہے آج کو۔,بے شک حمزہ! ڈاکٹر حمزہ آج دستیاب ہیں۔ میں صبح 9:00 بجے سے شام 4:00 بجے تک آپ کی سلاٹ بک کر سکتا ہوں۔ کیا مجھے آگے بڑھنا چاہیے؟
"I am Ayesha, mujhe Dr. Hamza se doctor sahib ko dikhana hai tomorrow ko.",Sure Ayesha! Dr. Hamza is available on tomorrow. I can book your slot for 9:00 AM to 4:00 PM. Should I proceed?,book,میں عائشہ ہوں، مجھے ڈاکٹر حمزہ سے ڈاکٹر صاحب کو دیکھنا ہے کل کو۔,بالکل عائشہ! ڈاکٹر حمزہ کل دستیاب ہیں۔ میں صبح 9:00 بجے سے شام 4:00 بجے تک آپ کی سلاٹ بک کر سکتا ہوں۔ کیا مجھے آگے بڑھنا چاہیے؟
"I am Sara, mujhe Dr. Hamza se slot chahiye Friday ko.",Sure Sara! Dr. Hamza is available on Friday. I can book your slot for 9:00 AM to 4:00 PM. Should I proceed?,book,میں سارہ ہوں، مجھے ڈاکٹر حمزہ سے سلاٹ چاہئیے جمعہ کو۔,ضرور سارہ! ڈاکٹر حمزہ جمعہ کو دستیاب ہیں۔ میں صبح 9:00 بجے سے شام 4:00 بجے تک آپ کی سلاٹ بک کر سکتا ہوں۔ کیا مجھے آگے بڑھنا چاہیے؟
"I am Ahmed, mujhe Dr. Hamza se doctor sahib ko dikhana hai Thursday ko.",Sure Ahmed! Dr. Hamza is available on Thursday. I can book your slot for 9:00 AM to 4:00 PM. Should I proceed?,book,میں احمد ہوں، مجھے ڈاکٹر حمزہ سے ڈاکٹر صاحب کو دیکھنا ہے جمعرات کو۔,ضرور احمد! ڈاکٹر حمزہ جمعرات کو دستیاب ہیں۔ میں صبح 9:00 بجے سے شام 4:00 بجے تک آپ کی سلاٹ بک کر سکتا ہوں۔ کیا مجھے آگے بڑھنا چاہیے؟
"I am Ahmed, mujhe Dr. Hamza se checkup karana hai today ko.",Sure Ahmed! Dr. Hamza is available on today. I can book your slot for 9:00 AM to 4:00 PM. Should I proceed?,book,میں احمد ہوں، مجھے ڈاکٹر حمزہ سے چیک اپ کرنا ہے آج کو۔,ضرور احمد! ڈاکٹر حمزہ آج دستیاب ہیں۔ میں صبح 9:00 بجے سے شام 4:00 بجے تک آپ کی سلاٹ بک کر سکتا ہوں۔ کیا مجھے آگے بڑھنا چاہیے؟
"I am Ahmed, mujhe Dr. Hamza se checkup karana hai Saturday ko.",Sure Ahmed! Dr. Hamza is available on Saturday. I can book your slot for 9:00 AM to 4:00 PM. Should I proceed?,book,میں احمد ہوں، مجھے ڈاکٹر حمزہ سے چیک اپ کرنا ہے ہفتہ کو۔,ضرور احمد! ڈاکٹر حمزہ ہفتہ کو دستیاب ہیں۔ میں صبح 9:00 بجے سے شام 4:00 بجے تک آپ کی سلاٹ بک کر سکتا ہوں۔ کیا مجھے آگے بڑھنا چاہیے؟
"I am Bilal, mujhe Dr. Hamza se doctor sahib ko dikhana hai today ko.",Sure Bilal! Dr. Hamza is available on today. I can book your slot for 9:00 AM to 4:00 PM. Should I proceed?,book,میں بلال ہوں، مجھے ڈاکٹر حمزہ سے ڈاکٹر صاحب کو دیکھنا ہے آج کو۔,بالکل بلال! ڈاکٹر حمزہ آج دستیاب ہیں۔ میں صبح 9:00 بجے سے شام 4:00 بجے تک آپ کی سلاٹ بک کر سکتا ہوں۔ کیا مجھے آگے بڑھنا چاہیے؟
"I am Zainab, mujhe Dr. Hamza se checkup karana hai Friday ko.",Sure Zainab! Dr. Hamza is available on Friday. I can book your slot for 9:00 AM to 4:00 PM. Should I proceed?,book,میں زینب ہوں، مجھے ڈاکٹر حمزہ سے چیک اپ کرنا ہے جمعہ کو۔,بے شک زینب! ڈاکٹر حمزہ جمعہ کو دستیاب ہیں۔ میں صبح 9:00 بجے سے شام 4:00 بجے تک آپ کی سلاٹ بک کر سکتا ہوں۔ کیا مجھے آگے بڑھنا چاہیے؟
"I am Usman, mujhe Dr. Hamza se doctor sahib ko dikhana hai Saturday ko.",Sure Usman! Dr. Hamza is available on Saturday. I can book your slot for 9:00 AM to 4:00 PM. Should I proceed?,book,میں عثمان ہوں، مجھے ڈاکٹر حمزہ سے ڈاکٹر صاحب کو دیکھنا ہے ہفتہ کو۔,بے شک عثمان! ڈاکٹر حمزہ ہفتہ کو دستیاب ہیں۔ میں صبح 9:00 بجے سے شام 4:00 بجے تک آپ کی سلاٹ بک کر سکتا ہوں۔ کیا مجھے آگے بڑھنا چاہیے؟
"I am Sana, mujhe Dr. Hamza se checkup karana hai tomorrow ko.",Sure Sana! Dr. Hamza is available on tomorrow. I can book your slot for 9:00 AM to 4:00 PM. Should I proceed?,book,میں ثنا ہوں، مجھے ڈاکٹر حمزہ سے چیک اپ کرنا ہے کل کو۔,ضرور ثناء! ڈاکٹر حمزہ کل دستیاب ہیں۔ میں صبح 9:00 بجے سے شام 4:00 بجے تک آپ کی سلاٹ بک کر سکتا ہوں۔ کیا مجھے آگے بڑھنا چاہیے؟
"I am Omer, mujhe Dr. Hamza se checkup karana hai Wednesday ko.",Sure Omer! Dr. Hamza is available on Wednesday. I can book your slot for 9:00 AM to 4:00 PM. Should I proceed?,book,میں عمر ہوں، مجھے ڈاکٹر حمزہ سے چیک اپ کرنا ہے بدھ کو۔,بے شک عمر! ڈاکٹر حمزہ بدھ کو دستیاب ہیں۔ میں صبح 9:00 بجے سے شام 4:00 بجے تک آپ کی سلاٹ بک کر سکتا ہوں۔ کیا مجھے آگے بڑھنا چاہیے؟
"I am Ahmed, mujhe Dr. Hamza se checkup karana hai Wednesday ko.",Sure Ahmed! Dr. Hamza is available on Wednesday. I can book your slot for 9:00 AM to 4:00 PM. Should I proceed?,book,میں احمد ہوں، مجھے ڈاکٹر حمزہ سے چیک اپ کرنا ہے بدھ کو۔,ضرور احمد! ڈاکٹر حمزہ بدھ کو دستیاب ہیں۔ میں صبح 9:00 بجے سے شام 4:00 بجے تک آپ کی سلاٹ بک کر سکتا ہوں۔ کیا مجھے آگے بڑھنا چاہیے؟
"I am Sana, mujhe Dr. Hamza se doctor sahib ko dikhana hai today ko.",Sure Sana! Dr. Hamza is available on today. I can book your slot for 9:00 AM to 4:00 PM. Should I proceed?,book,میں ہوں ثنا، مجھے ڈاکٹر حمزہ سے ڈاکٹر صاحب کو دیکھنا ہے آج کو۔,ضرور ثناء! ڈاکٹر حمزہ آج دستیاب ہیں۔ میں صبح 9:00 بجے سے شام 4:00 بجے تک آپ کی سلاٹ بک کر سکتا ہوں۔ کیا مجھے آگے بڑھنا چاہیے؟
"I am Omer, mujhe Dr. Hamza se appointment leni hai Monday ko.",Sure Omer! Dr. Hamza is available on Monday. I can book your slot for 9:00 AM to 4:00 PM. Should I proceed?,book,میں عمر ہوں، مجھے ڈاکٹر حمزہ سے ملاقات لینا ہے پیر کو۔,بے شک عمر! ڈاکٹر حمزہ پیر کو دستیاب ہیں۔ میں صبح 9:00 بجے سے شام 4:00 بجے تک آپ کی سلاٹ بک کر سکتا ہوں۔ کیا مجھے آگے بڑھنا چاہیے؟
"I am Sara, mujhe Dr. Hamza se appointment leni hai Thursday ko.",Sure Sara! Dr. Hamza is available on Thursday. I can book your slot for 9:00 AM to 4:00 PM. Should I proceed?,book,میں سارہ ہوں، مجھے ڈاکٹر حمزہ سے ملاقات لینا ہے جمعرات کو۔,ضرور سارہ! ڈاکٹر حمزہ جمعرات کو دستیاب ہیں۔ میں صبح 9:00 بجے سے شام 4:00 بجے تک آپ کی سلاٹ بک کر سکتا ہوں۔ کیا مجھے آگے بڑھنا چاہیے؟
"I am Sara, mujhe Dr. Hamza se doctor sahib ko dikhana hai today ko.",Sure Sara! Dr. Hamza is available on today. I can book your slot for 9:00 AM to 4:00 PM. Should I proceed?,book,میں سارہ ہوں، مجھے ڈاکٹر حمزہ سے ڈاکٹر صاحب کو دیکھنا ہے آج کو۔,ضرور سارہ! ڈاکٹر حمزہ آج دستیاب ہیں۔ میں صبح 9:00 بجے سے شام 4:00 بجے تک آپ کی سلاٹ بک کر سکتا ہوں۔ کیا مجھے آگے بڑھنا چاہیے؟
"I am Omer, mujhe Dr. Hamza se doctor sahib ko dikhana hai Monday ko.",Sure Omer! Dr. Hamza is available on Monday. I can book your slot for 9:00 AM to 4:00 PM. Should I proceed?,book,میں عمر ہوں، مجھے ڈاکٹر حمزہ سے ڈاکٹر صاحب کو دیکھنا ہے پیر کو۔,بے شک عمر! ڈاکٹر حمزہ پیر کو دستیاب ہیں۔ میں صبح 9:00 بجے سے شام 4:00 بجے تک آپ کی سلاٹ بک کر سکتا ہوں۔ کیا مجھے آگے بڑھنا چاہیے؟
"I am Fatima, mujhe Dr. Hamza se doctor sahib ko dikhana hai Friday ko.",Sure Fatima! Dr. Hamza is available on Friday. I can book your slot for 9:00 AM to 4:00 PM. Should I proceed?,book,میں فاطمہ ہوں، مجھے ڈاکٹر حمزہ سے ڈاکٹر صاحب کو دیکھنا ہے جمعہ کو۔,بے شک فاطمہ! ڈاکٹر حمزہ جمعہ کو دستیاب ہیں۔ میں صبح 9:00 بجے سے شام 4:00 بجے تک آپ کی سلاٹ بک کر سکتا ہوں۔ کیا مجھے آگے بڑھنا چاہیے؟
"I am Hamza, mujhe Dr. Hamza se checkup karana hai Thursday ko.",Sure Hamza! Dr. Hamza is available on Thursday. I can book your slot for 9:00 AM to 4:00 PM. Should I proceed?,book,میں حمزہ ہوں، مجھے ڈاکٹر حمزہ سے چیک اپ کرنا ہے جمعرات کو۔,بے شک حمزہ! ڈاکٹر حمزہ جمعرات کو دستیاب ہیں۔ میں صبح 9:00 بجے سے شام 4:00 بجے تک آپ کی سلاٹ بک کر سکتا ہوں۔ کیا مجھے آگے بڑھنا چاہیے؟
"I am Ali, mujhe Dr. Hamza se checkup karana hai Monday ko.",Sure Ali! Dr. Hamza is available on Monday. I can book your slot for 9:00 AM to 4:00 PM. Should I proceed?,book,میں علی ہوں، مجھے ڈاکٹر حمزہ سے چیک اپ کرنا ہے پیر کو۔,بے شک علی! ڈاکٹر حمزہ پیر کو دستیاب ہیں۔ میں صبح 9:00 بجے سے شام 4:00 بجے تک آپ کی سلاٹ بک کر سکتا ہوں۔ کیا مجھے آگے بڑھنا چاہیے؟
"I am Ayesha, mujhe Dr. Hamza se checkup karana hai Friday ko.",Sure Ayesha! Dr. Hamza is available on Friday. I can book your slot for 9:00 AM to 4:00 PM. Should I proceed?,book,میں عائشہ ہوں، مجھے ڈاکٹر حمزہ سے چیک اپ کرنا ہے جمعہ کو۔,بالکل عائشہ! ڈاکٹر حمزہ جمعہ کو دستیاب ہیں۔ میں صبح 9:00 بجے سے شام 4:00 بجے تک آپ کی سلاٹ بک کر سکتا ہوں۔ کیا مجھے آگے بڑھنا چاہیے؟
"I am Ahmed, mujhe Dr. Hamza se appointment leni hai Saturday ko.",Sure Ahmed! Dr. Hamza is available on Saturday. I can book your slot for 9:00 AM to 4:00 PM. Should I proceed?,book,میں احمد ہوں، مجھے ڈاکٹر حمزہ سے ملاقات لینا ہے ہفتہ کو۔,ضرور احمد! ڈاکٹر حمزہ ہفتہ کو دستیاب ہیں۔ میں صبح 9:00 بجے سے شام 4:00 بجے تک آپ کی سلاٹ بک کر سکتا ہوں۔ کیا مجھے آگے بڑھنا چاہیے؟
"I am Sara, mujhe Dr. Hamza se slot chahiye Monday ko.",Sure Sara! Dr. Hamza is available on Monday. I can book your slot for 9:00 AM to 4:00 PM. Should I proceed?,book,میں سارہ ہوں، مجھے ڈاکٹر حمزہ سے سلاٹ چاہیے پیر کو۔,ضرور سارہ! ڈاکٹر حمزہ پیر کو دستیاب ہیں۔ میں صبح 9:00 بجے سے شام 4:00 بجے تک آپ کی سلاٹ بک کر سکتا ہوں۔ کیا مجھے آگے بڑھنا چاہیے؟
"I am Fatima, mujhe Dr. Hamza se appointment leni hai Monday ko.",Sure Fatima! Dr. Hamza is available on Monday. I can book your slot for 9:00 AM to 4:00 PM. Should I proceed?,book,میں فاطمہ ہوں، مجھے ڈاکٹر حمزہ سے ملاقات لینا ہے پیر کو۔,بے شک فاطمہ! ڈاکٹر حمزہ پیر کو دستیاب ہیں۔ میں صبح 9:00 بجے سے شام 4:00 بجے تک آپ کی سلاٹ بک کر سکتا ہوں۔ کیا مجھے آگے بڑھنا چاہیے؟
